{"type":"FeatureCollection","features":[{"type":"Feature","properties":{"name":"茨城県","source":"国土数値情報 / JapanCityGeoJson 2020"},"geometry":{"type":"MultiPolygon","coordinates":[[[[140.340159,36.33192],[140.337744,36.334312],[140.333317,36.335828],[140.333284,36.337726],[140.335796,36.336502],[140.335497,36.336324],[140.33569,36.335409],[140.337362,36.334791],[140.337835,36.336301],[140.338376,36.33616],[140.339082,36.337734],[140.338878,36.33795],[140.338544,36.338243],[140.337294,36.338228],[140.336877,36.337564],[140.335383,36.338252],[140.335793,36.33951],[140.33434,36.339589],[140.333726,36.339962],[140.333094,36.342238],[140.333049,36.343584],[140.333093,36.344277],[140.334879,36.350254],[140.334821,36.350855],[140.337394,36.351685],[140.337492,36.351993],[140.338022,36.353023],[140.33753,36.353087],[140.3375,36.353132],[140.337627,36.353376],[140.337864,36.353552],[140.337451,36.353856],[140.337466,36.353954],[140.337782,36.35412],[140.337579,36.354466],[140.337801,36.354571],[140.337861,36.354698],[140.336933,36.35495],[140.337278,36.356059],[140.341934,36.359594],[140.342111,36.36096],[140.342614,36.361554],[140.342127,36.362198],[140.341713,36.364051],[140.338859,36.368666],[140.336709,36.373353],[140.336965,36.373642],[140.336841,36.373725],[140.336106,36.37332],[140.335842,36.373782],[140.336089,36.374748],[140.327021,36.379785],[140.324639,36.380629],[140.322257,36.382755],[140.322067,36.38484],[140.322414,36.386696],[140.323019,36.388799],[140.323208,36.390763],[140.323167,36.391076],[140.323068,36.391283],[140.321741,36.392652],[140.322971,36.393932],[140.32433,36.393933],[140.330831,36.395907],[140.332493,36.394906],[140.333703,36.39485],[140.337105,36.395342],[140.338317,36.396245],[140.338876,36.396193],[140.345299,36.394296],[140.348239,36.397372],[140.349627,36.397501],[140.350648,36.398133],[140.352088,36.398328],[140.352167,36.398457],[140.352136,36.398818],[140.352407,36.398947],[140.353619,36.399153],[140.354146,36.399385],[140.354385,36.399656],[140.354768,36.401841],[140.35464,36.402099],[140.354599,36.40243],[140.355517,36.404103],[140.354019,36.406096],[140.353512,36.406327],[140.353044,36.407244],[140.353035,36.407432],[140.353188,36.408086],[140.352922,36.408536],[140.352367,36.409043],[140.351925,36.409621],[140.35056,36.40961],[140.349988,36.410345],[140.349834,36.412384],[140.349234,36.413849],[140.349477,36.41523],[140.349165,36.415658],[140.348934,36.416183],[140.349949,36.417195],[140.349979,36.418692],[140.349827,36.418905],[140.349768,36.419011],[140.349091,36.4192],[140.348943,36.419241],[140.348243,36.420436],[140.348037,36.420533],[140.347879,36.420585],[140.347356,36.420607],[140.346136,36.419926],[140.344166,36.421446],[140.343256,36.421329],[140.34253,36.421636],[140.342291,36.421676],[140.341051,36.42147],[140.340895,36.422343],[140.339173,36.423752],[140.338866,36.425306],[140.339299,36.426897],[140.339281,36.427194],[140.339191,36.427384],[140.338689,36.428096],[140.337483,36.428536],[140.337189,36.429053],[140.337141,36.429135],[140.338483,36.430108],[140.339553,36.42962],[140.340114,36.430531],[140.341287,36.430646],[140.341687,36.429907],[140.34182,36.429885],[140.342105,36.429893],[140.344182,36.431957],[140.345157,36.43206],[140.345714,36.432445],[140.347889,36.432203],[140.349328,36.432413],[140.353163,36.431165],[140.354589,36.43206],[140.356415,36.431217],[140.357681,36.431496],[140.358422,36.432022],[140.359704,36.431021],[140.360278,36.428815],[140.361203,36.429122],[140.362485,36.430164],[140.363372,36.43024],[140.363805,36.43087],[140.365812,36.431727],[140.366235,36.432499],[140.367548,36.433216],[140.367373,36.433641],[140.366878,36.433777],[140.367286,36.434518],[140.369949,36.436097],[140.370247,36.435924],[140.370202,36.435501],[140.370309,36.435145],[140.369901,36.433134],[140.369971,36.432516],[140.370003,36.432233],[140.370952,36.430983],[140.370502,36.430002],[140.370693,36.429041],[140.371295,36.428279],[140.371002,36.42763],[140.372507,36.426589],[140.37406,36.426523],[140.375155,36.428156],[140.376102,36.428927],[140.37747,36.43121],[140.377619,36.431271],[140.37799,36.431358],[140.378185,36.431698],[140.378484,36.432084],[140.378533,36.432247],[140.378525,36.433103],[140.378921,36.433619],[140.379115,36.433652],[140.379325,36.433626],[140.379908,36.432646],[140.380496,36.432273],[140.380351,36.433149],[140.380545,36.433391],[140.383012,36.432992],[140.381717,36.433924],[140.383254,36.434166],[140.383206,36.434232],[140.38221,36.434395],[140.382194,36.435441],[140.38312,36.436829],[140.384366,36.437268],[140.386968,36.437549],[140.391147,36.437294],[140.391887,36.438054],[140.393036,36.437982],[140.394031,36.438289],[140.394225,36.4384],[140.394217,36.439745],[140.39467,36.440419],[140.395669,36.441047],[140.398396,36.441309],[140.398614,36.441793],[140.398306,36.443169],[140.397328,36.443666],[140.396176,36.444787],[140.395755,36.445624],[140.396103,36.446569],[140.395723,36.447021],[140.395238,36.447406],[140.391576,36.448551],[140.390524,36.449375],[140.388536,36.449666],[140.386034,36.451047],[140.386471,36.452541],[140.385921,36.454352],[140.383343,36.459522],[140.381432,36.464383],[140.385506,36.463768],[140.387971,36.464436],[140.394557,36.461969],[140.396121,36.459677],[140.396962,36.457385],[140.399758,36.456064],[140.40471,36.454843],[140.405317,36.454261],[140.406297,36.452349],[140.408274,36.451121],[140.408167,36.450229],[140.408609,36.449313],[140.409935,36.447821],[140.410294,36.44791],[140.410961,36.448075],[140.411067,36.44898],[140.411073,36.449025],[140.411658,36.449174],[140.411705,36.452176],[140.411085,36.452753],[140.41108,36.452618],[140.410876,36.45233],[140.410364,36.45285],[140.410053,36.452552],[140.409455,36.4531],[140.408397,36.452254],[140.408061,36.452737],[140.408007,36.454334],[140.409801,36.455375],[140.409913,36.456943],[140.408961,36.458074],[140.414453,36.46087],[140.417993,36.45718],[140.418036,36.456552],[140.418095,36.45606],[140.416318,36.455059],[140.423712,36.450609],[140.424133,36.449755],[140.425026,36.449298],[140.42593,36.448283],[140.426121,36.447166],[140.426093,36.446831],[140.425831,36.446598],[140.42638,36.445738],[140.43046,36.447849],[140.430104,36.448283],[140.43062,36.448686],[140.432078,36.447315],[140.432194,36.447326],[140.432923,36.447397],[140.432305,36.450024],[140.432567,36.450099],[140.432457,36.450582],[140.432634,36.450924],[140.43282,36.45104],[140.434785,36.451156],[140.43498,36.450569],[140.438003,36.451012],[140.438773,36.449997],[140.448671,36.450789],[140.447992,36.451947],[140.448288,36.452029],[140.449074,36.450506],[140.451005,36.448453],[140.452274,36.446455],[140.453205,36.444219],[140.454441,36.44259],[140.455058,36.439384],[140.454917,36.438591],[140.454889,36.438431],[140.453955,36.438386],[140.454213,36.4367],[140.455396,36.436051],[140.456816,36.436209],[140.459055,36.43502],[140.459189,36.434401],[140.458158,36.43266],[140.458047,36.43226],[140.457996,36.431659],[140.456412,36.430488],[140.456961,36.42973],[140.459604,36.428886],[140.461167,36.427063],[140.460753,36.426258],[140.460507,36.426049],[140.456915,36.424321],[140.455934,36.424574],[140.455625,36.425674],[140.455101,36.426097],[140.454839,36.42624],[140.454738,36.426144],[140.454442,36.425865],[140.453672,36.426364],[140.453419,36.426527],[140.452333,36.425616],[140.451919,36.425269],[140.454066,36.423569],[140.454223,36.423062],[140.454262,36.422936],[140.454448,36.423018],[140.456715,36.417565],[140.457855,36.417342],[140.458896,36.416045],[140.457843,36.415447],[140.458747,36.414308],[140.459424,36.414652],[140.459963,36.413974],[140.462974,36.41176],[140.46187,36.410787],[140.461622,36.410502],[140.469399,36.404821],[140.468967,36.404434],[140.471134,36.402873],[140.471579,36.403242],[140.472035,36.402901],[140.471909,36.402763],[140.472194,36.402523],[140.471282,36.401703],[140.474557,36.399074],[140.477411,36.4015],[140.476977,36.401795],[140.478766,36.403355],[140.478858,36.403436],[140.478919,36.403385],[140.479246,36.403113],[140.479314,36.403528],[140.479566,36.403472],[140.47977,36.403427],[140.479908,36.403918],[140.480068,36.404305],[140.481253,36.403807],[140.481618,36.405608],[140.482874,36.40692],[140.482794,36.407953],[140.483501,36.407971],[140.483546,36.407621],[140.483907,36.407548],[140.482861,36.405304],[140.482587,36.404021],[140.482003,36.403747],[140.48255,36.40318],[140.482738,36.402985],[140.482785,36.401933],[140.483369,36.401979],[140.483502,36.4005],[140.483539,36.400083],[140.48852,36.397716],[140.487021,36.395663],[140.486926,36.395533],[140.488113,36.395007],[140.484606,36.390124],[140.484808,36.387634],[140.485369,36.387665],[140.487286,36.38677],[140.484248,36.384435],[140.484248,36.384305],[140.484248,36.383457],[140.489277,36.382227],[140.488825,36.380529],[140.490096,36.379563],[140.491055,36.377311],[140.492772,36.37467],[140.494616,36.37585],[140.496687,36.379761],[140.49851,36.381563],[140.500299,36.38243],[140.502703,36.382331],[140.503622,36.381905],[140.504419,36.381336],[140.505424,36.38038],[140.50544,36.380364],[140.508665,36.376306],[140.510575,36.374443],[140.514667,36.371753],[140.521761,36.368117],[140.526704,36.366199],[140.544061,36.363192],[140.549359,36.361339],[140.552905,36.359531],[140.551307,36.357871],[140.552534,36.356498],[140.555416,36.358016],[140.557014,36.35673],[140.56133,36.35163],[140.562663,36.350653],[140.568546,36.347855],[140.576891,36.344454],[140.579517,36.342525],[140.582085,36.339662],[140.584662,36.337806],[140.585033,36.337613],[140.586814,36.336681],[140.581577,36.335277],[140.580784,36.334674],[140.58043,36.334122],[140.579476,36.331607],[140.576774,36.329506],[140.575132,36.327298],[140.574069,36.3271],[140.572433,36.327629],[140.571752,36.327695],[140.571289,36.327585],[140.57055,36.326962],[140.570498,36.326846],[140.570114,36.325991],[140.568311,36.323668],[140.567084,36.322521],[140.561134,36.320111],[140.560726,36.319339],[140.560775,36.317571],[140.560725,36.31686],[140.559116,36.313287],[140.554885,36.313419],[140.552513,36.314302],[140.551011,36.316759],[140.550801,36.31766],[140.550629,36.318392],[140.550002,36.319031],[140.548612,36.319318],[140.544409,36.319052],[140.543673,36.318788],[140.542855,36.318346],[140.54231,36.317876],[140.541928,36.317368],[140.541956,36.315714],[140.540725,36.314811],[140.538569,36.314476],[140.538187,36.312595],[140.537914,36.312132],[140.537478,36.311514],[140.533712,36.309391],[140.532649,36.308465],[140.532349,36.307869],[140.530714,36.306453],[140.530877,36.305195],[140.527743,36.304533],[140.527443,36.30557],[140.524325,36.304908],[140.524107,36.30557],[140.523997,36.305553],[140.522908,36.305393],[140.522853,36.305592],[140.522799,36.305856],[140.522004,36.30568],[140.521677,36.306629],[140.521606,36.306622],[140.521186,36.306584],[140.520587,36.30643],[140.520205,36.306231],[140.518459,36.304771],[140.518705,36.304176],[140.518677,36.304088],[140.518486,36.303978],[140.51734,36.30424],[140.517068,36.303335],[140.516141,36.303424],[140.516005,36.302872],[140.514194,36.30182],[140.512977,36.301835],[140.512372,36.30285],[140.5118,36.301527],[140.511472,36.301328],[140.511009,36.301284],[140.509728,36.301394],[140.508907,36.301529],[140.508798,36.30175],[140.508962,36.302478],[140.509725,36.304088],[140.509343,36.304463],[140.508143,36.302849],[140.507816,36.301415],[140.508166,36.300938],[140.50747,36.300723],[140.506939,36.300723],[140.504948,36.301126],[140.50289,36.301797],[140.501725,36.303899],[140.50156,36.303603],[140.501161,36.302851],[140.50073,36.302797],[140.497478,36.305644],[140.498306,36.306264],[140.498374,36.306315],[140.496594,36.307946],[140.49522,36.310991],[140.495241,36.31196],[140.493506,36.313148],[140.493086,36.314005],[140.492613,36.317223],[140.493396,36.320271],[140.492897,36.32181],[140.492485,36.321678],[140.492652,36.320874],[140.490258,36.32039],[140.487602,36.322053],[140.48405,36.32242],[140.482161,36.321155],[140.48147,36.319888],[140.480564,36.320619],[140.479105,36.320722],[140.478197,36.321217],[140.477903,36.321726],[140.476597,36.322105],[140.476359,36.321981],[140.476044,36.321777],[140.47508,36.319652],[140.475046,36.319502],[140.475029,36.319129],[140.475645,36.317973],[140.475308,36.31654],[140.473036,36.315452],[140.471775,36.315485],[140.471471,36.315119],[140.467589,36.314967],[140.465625,36.316072],[140.465005,36.317641],[140.464951,36.319583],[140.463667,36.3206],[140.461188,36.321865],[140.460141,36.32133],[140.45981,36.318303],[140.45753,36.317418],[140.455425,36.317651],[140.454605,36.318764],[140.453775,36.319336],[140.452694,36.318306],[140.451265,36.317673],[140.450388,36.318382],[140.446638,36.319622],[140.442484,36.320584],[140.442148,36.319692],[140.442557,36.319367],[140.442318,36.318169],[140.442791,36.315937],[140.439413,36.31605],[140.437218,36.316354],[140.437208,36.316468],[140.437199,36.316576],[140.436204,36.316341],[140.434814,36.31707],[140.431995,36.316494],[140.427802,36.316509],[140.426386,36.315743],[140.424907,36.315511],[140.423897,36.317251],[140.423488,36.319172],[140.422749,36.319857],[140.4231,36.321088],[140.42384,36.321912],[140.421995,36.324562],[140.419807,36.326607],[140.419587,36.327401],[140.419221,36.327719],[140.419083,36.327876],[140.419177,36.328514],[140.418823,36.328998],[140.419093,36.329355],[140.418875,36.330893],[140.417517,36.332001],[140.416794,36.333025],[140.415487,36.333511],[140.414521,36.334666],[140.412059,36.334991],[140.411137,36.335477],[140.411221,36.336242],[140.410168,36.33731],[140.409722,36.338884],[140.410548,36.342265],[140.410407,36.343635],[140.41145,36.344798],[140.409076,36.345429],[140.406985,36.345597],[140.406303,36.34312],[140.404861,36.340521],[140.403753,36.339355],[140.404287,36.33808],[140.403326,36.336388],[140.403423,36.335146],[140.402129,36.333519],[140.401284,36.333386],[140.400843,36.332635],[140.401095,36.332168],[140.402459,36.331771],[140.399909,36.32944],[140.397299,36.330876],[140.395739,36.332344],[140.395332,36.333266],[140.394548,36.332717],[140.391548,36.328819],[140.389544,36.3281],[140.388859,36.328337],[140.388467,36.328955],[140.387753,36.328841],[140.386381,36.326365],[140.385678,36.325882],[140.385952,36.324754],[140.386493,36.324619],[140.387642,36.323468],[140.387783,36.321723],[140.387533,36.321386],[140.387964,36.32014],[140.38912,36.319043],[140.390914,36.31868],[140.393141,36.316967],[140.395143,36.316576],[140.39566,36.3158],[140.395821,36.315458],[140.395466,36.314232],[140.392877,36.312782],[140.390034,36.312484],[140.39006,36.312831],[140.389788,36.31288],[140.388294,36.312788],[140.384381,36.31345],[140.382147,36.313053],[140.379948,36.313067],[140.375086,36.312159],[140.372952,36.312527],[140.370336,36.314229],[140.369603,36.313715],[140.369434,36.31314],[140.368617,36.313324],[140.36682,36.314758],[140.364297,36.314711],[140.36175,36.315182],[140.356619,36.317326],[140.350348,36.320922],[140.348222,36.322508],[140.34804,36.322542],[140.346799,36.322774],[140.344302,36.324052],[140.343188,36.325566],[140.342539,36.327008],[140.341155,36.328416],[140.341965,36.329457],[140.340828,36.331334],[140.340159,36.33192]],[[140.625,36.482459],[140.619252,36.480194],[140.616171,36.483125],[140.614438,36.483543],[140.614379,36.483333],[140.613909,36.481646],[140.609703,36.482456],[140.608159,36.481958],[140.607425,36.481914],[140.605966,36.481855],[140.603172,36.482231],[140.600944,36.483439],[140.596432,36.487562],[140.593738,36.488712],[140.59118,36.489391],[140.59178,36.491962],[140.590602,36.494046],[140.584292,36.494649],[140.582089,36.493645],[140.578754,36.495353],[140.577096,36.495842],[140.575549,36.495583],[140.571942,36.494042],[140.571401,36.493896],[140.570491,36.493787],[140.5598,36.49462],[140.562085,36.498024],[140.562119,36.498548],[140.561625,36.500391],[140.561391,36.500824],[140.561083,36.50129],[140.559968,36.501952],[140.5584,36.501608],[140.558104,36.503363],[140.559855,36.503393],[140.56151,36.502807],[140.561634,36.504374],[140.563814,36.505108],[140.564275,36.505113],[140.564787,36.505119],[140.564571,36.507805],[140.565748,36.507821],[140.566473,36.50783],[140.574581,36.506951],[140.57357,36.513955],[140.576118,36.513785],[140.576544,36.513438],[140.577486,36.51468],[140.576898,36.515303],[140.578196,36.517807],[140.581424,36.516688],[140.581817,36.515573],[140.582918,36.515074],[140.583107,36.513929],[140.583305,36.512721],[140.584737,36.512928],[140.584568,36.513587],[140.585553,36.513683],[140.586988,36.513366],[140.587108,36.513415],[140.587787,36.514048],[140.589419,36.514],[140.590188,36.514669],[140.592088,36.514644],[140.593055,36.515783],[140.592995,36.515844],[140.592279,36.51629],[140.591894,36.517375],[140.590522,36.518092],[140.590234,36.518465],[140.590008,36.518915],[140.590023,36.51911],[140.590129,36.519463],[140.592722,36.518977],[140.592918,36.519026],[140.593159,36.519269],[140.593304,36.5198],[140.594902,36.520396],[140.596127,36.520402],[140.597348,36.520536],[140.600006,36.521359],[140.599131,36.523412],[140.601576,36.525276],[140.600476,36.525824],[140.599645,36.527142],[140.59966,36.528346],[140.599668,36.528763],[140.598943,36.530223],[140.5984,36.530674],[140.598302,36.5316],[140.597291,36.533044],[140.597441,36.534135],[140.596822,36.535098],[140.596573,36.536743],[140.594657,36.538388],[140.591993,36.538692],[140.591676,36.539446],[140.591947,36.541032],[140.589946,36.543353],[140.590814,36.5445],[140.590694,36.545217],[140.591146,36.546327],[140.591975,36.546813],[140.592526,36.548731],[140.591984,36.549542],[140.592006,36.550322],[140.591267,36.55137],[140.592134,36.552541],[140.592255,36.552772],[140.59239,36.553501],[140.591486,36.555185],[140.590118,36.55514],[140.590023,36.555136],[140.58772,36.557852],[140.586083,36.558218],[140.585909,36.559431],[140.58652,36.561539],[140.5848,36.562459],[140.58474,36.563288],[140.5848,36.563544],[140.585373,36.564322],[140.583726,36.56514],[140.582535,36.565153],[140.582354,36.565298],[140.582309,36.565384],[140.582392,36.566652],[140.582121,36.567551],[140.583048,36.568381],[140.58264,36.569356],[140.582995,36.571578],[140.583869,36.572115],[140.583206,36.573554],[140.583326,36.573906],[140.581804,36.573821],[140.581155,36.57325],[140.579751,36.572823],[140.57862,36.573115],[140.578409,36.573273],[140.578363,36.573565],[140.578905,36.575283],[140.578882,36.578268],[140.579244,36.579876],[140.580224,36.580523],[140.579953,36.582527],[140.578942,36.58304],[140.579379,36.583891],[140.578459,36.584489],[140.578233,36.584854],[140.577961,36.585282],[140.577991,36.585963],[140.578972,36.586356],[140.578569,36.587654],[140.579061,36.588632],[140.579289,36.588892],[140.579445,36.589047],[140.580956,36.589646],[140.581933,36.591697],[140.580645,36.594544],[140.58066,36.594714],[140.580772,36.594951],[140.581798,36.596171],[140.582235,36.596349],[140.582626,36.596558],[140.584124,36.597968],[140.584288,36.598168],[140.584377,36.598464],[140.584233,36.599005],[140.585685,36.59887],[140.584833,36.599761],[140.585588,36.601018],[140.585069,36.602168],[140.586668,36.604057],[140.58764,36.604474],[140.587769,36.606241],[140.588335,36.606883],[140.587927,36.607637],[140.586827,36.608364],[140.58589,36.609899],[140.582746,36.611539],[140.583405,36.611896],[140.583898,36.612874],[140.584701,36.613395],[140.584785,36.614218],[140.58548,36.614488],[140.585336,36.615892],[140.584844,36.616462],[140.585312,36.616859],[140.585158,36.617549],[140.585433,36.618168],[140.586716,36.619221],[140.587714,36.620983],[140.585744,36.621981],[140.585277,36.621624],[140.584169,36.621488],[140.583282,36.620889],[140.582073,36.621521],[140.580284,36.621518],[140.579167,36.621837],[140.578445,36.62263],[140.575878,36.62436],[140.572661,36.623924],[140.572025,36.623257],[140.570317,36.623263],[140.568978,36.622375],[140.567057,36.622278],[140.56587,36.621592],[140.564458,36.621775],[140.562678,36.621341],[140.559099,36.62222],[140.557574,36.622065],[140.556975,36.620857],[140.55491,36.620411],[140.553867,36.619291],[140.553683,36.619262],[140.553496,36.619233],[140.552832,36.619486],[140.551552,36.620778],[140.55023,36.620778],[140.54914,36.621241],[140.547713,36.620469],[140.545191,36.615001],[140.542743,36.613145],[140.541685,36.616697],[140.541254,36.617151],[140.539248,36.617383],[140.538853,36.618591],[140.537929,36.619754],[140.537304,36.623423],[140.537676,36.624244],[140.537496,36.626527],[140.5353,36.627515],[140.534916,36.628105],[140.533176,36.628542],[140.533176,36.629218],[140.532635,36.629637],[140.532144,36.63098],[140.530381,36.631763],[140.528726,36.633863],[140.528018,36.634279],[140.527668,36.635171],[140.526565,36.636341],[140.526912,36.63729],[140.525592,36.638267],[140.525627,36.639088],[140.524008,36.640156],[140.523815,36.640843],[140.523192,36.641152],[140.522098,36.640881],[140.520023,36.641587],[140.519159,36.641461],[140.517409,36.643434],[140.517493,36.645303],[140.518247,36.645642],[140.516699,36.649858],[140.516784,36.650432],[140.517446,36.650811],[140.517817,36.651574],[140.519366,36.651159],[140.524845,36.651364],[140.526196,36.650144],[140.527502,36.650086],[140.530873,36.650899],[140.532973,36.654003],[140.533345,36.655339],[140.534245,36.655996],[140.535411,36.656199],[140.535902,36.65558],[140.537329,36.655494],[140.537666,36.653927],[140.541062,36.654516],[140.540905,36.655816],[140.541325,36.657537],[140.541897,36.658278],[140.542056,36.661824],[140.540281,36.662935],[140.540306,36.664408],[140.540907,36.665937],[140.545131,36.667785],[140.54657,36.666654],[140.547688,36.666615],[140.548684,36.66593],[140.549787,36.667534],[140.549343,36.667998],[140.54945,36.669303],[140.547468,36.66971],[140.547827,36.670534],[140.547184,36.671935],[140.549207,36.672662],[140.549287,36.675095],[140.550004,36.675584],[140.550418,36.676451],[140.54876,36.677402],[140.549909,36.678913],[140.548923,36.680304],[140.547899,36.679582],[140.543455,36.681486],[140.543425,36.681744],[140.545313,36.682001],[140.54549,36.68264],[140.544496,36.683921],[140.544464,36.684989],[140.542909,36.685548],[140.541523,36.686556],[140.540871,36.688707],[140.539401,36.689538],[140.539492,36.690547],[140.538971,36.69287],[140.539466,36.69408],[140.538561,36.695062],[140.537499,36.697272],[140.538545,36.697768],[140.539461,36.697607],[140.540771,36.698887],[140.541779,36.699172],[140.542801,36.701231],[140.54198,36.703096],[140.541035,36.704044],[140.541358,36.705261],[140.541249,36.706027],[140.540118,36.707337],[140.540962,36.709128],[140.542603,36.710098],[140.543144,36.709908],[140.543613,36.71061],[140.544709,36.710421],[140.545314,36.710833],[140.546358,36.710958],[140.547201,36.711761],[140.548199,36.711628],[140.549336,36.710951],[140.549614,36.710946],[140.549824,36.711003],[140.551048,36.711509],[140.551412,36.712594],[140.552211,36.712445],[140.553962,36.712869],[140.556538,36.714555],[140.557941,36.714596],[140.558334,36.712934],[140.559138,36.712429],[140.560062,36.712593],[140.561123,36.71109],[140.564376,36.710089],[140.565578,36.710415],[140.566692,36.710258],[140.567615,36.709623],[140.567924,36.708947],[140.569481,36.708481],[140.570536,36.708495],[140.570981,36.707366],[140.570901,36.706051],[140.571629,36.705108],[140.573116,36.704585],[140.574361,36.705531],[140.575755,36.705099],[140.57648,36.705451],[140.577275,36.70418],[140.577869,36.704332],[140.578172,36.704216],[140.57852,36.704115],[140.57921,36.70484],[140.58045,36.704634],[140.581576,36.705103],[140.584824,36.704195],[140.586561,36.704785],[140.586717,36.704357],[140.587696,36.704213],[140.588905,36.702909],[140.58913,36.702919],[140.589251,36.702979],[140.589478,36.703482],[140.590814,36.703724],[140.592489,36.703185],[140.595098,36.703211],[140.596363,36.703508],[140.597305,36.703181],[140.599022,36.703342],[140.602199,36.701975],[140.603392,36.702009],[140.604838,36.70134],[140.605725,36.701445],[140.606383,36.700145],[140.607018,36.699923],[140.608027,36.700762],[140.6084,36.702308],[140.609667,36.70359],[140.61075,36.706552],[140.611444,36.706528],[140.611897,36.707192],[140.612819,36.707097],[140.613545,36.707731],[140.614196,36.707891],[140.614675,36.709109],[140.615259,36.709482],[140.616094,36.708827],[140.617556,36.708686],[140.619151,36.709588],[140.620069,36.709583],[140.620547,36.710056],[140.621668,36.709526],[140.623597,36.70958],[140.623762,36.708683],[140.624524,36.708693],[140.624745,36.708026],[140.625466,36.707469],[140.625524,36.706959],[140.627262,36.706283],[140.627682,36.704933],[140.627453,36.704193],[140.629067,36.704551],[140.630302,36.704504],[140.631232,36.704972],[140.631885,36.704615],[140.632795,36.704846],[140.63324,36.703909],[140.633955,36.703261],[140.63387,36.702462],[140.634007,36.702215],[140.634275,36.701632],[140.634791,36.701674],[140.635139,36.701203],[140.635087,36.700777],[140.636112,36.700493],[140.63708,36.700478],[140.63749,36.701424],[140.639697,36.70245],[140.640212,36.702172],[140.642561,36.702058],[140.643361,36.702688],[140.644843,36.702573],[140.646394,36.703787],[140.646486,36.704347],[140.647296,36.705335],[140.650255,36.706022],[140.651812,36.70587],[140.653381,36.704632],[140.654557,36.704377],[140.65534,36.70361],[140.656565,36.703663],[140.657449,36.704829],[140.659272,36.705489],[140.662936,36.705757],[140.664141,36.705027],[140.665218,36.704826],[140.665728,36.702741],[140.667138,36.701984],[140.667371,36.701261],[140.667939,36.700814],[140.670375,36.699388],[140.671858,36.699519],[140.673162,36.698672],[140.674776,36.699193],[140.676331,36.699144],[140.67831,36.700061],[140.679457,36.700003],[140.680717,36.699146],[140.682999,36.698705],[140.687224,36.697061],[140.689994,36.696555],[140.693436,36.698239],[140.696869,36.698145],[140.697274,36.698219],[140.697437,36.698287],[140.698273,36.69906],[140.700302,36.698818],[140.702556,36.698265],[140.70663,36.696629],[140.71103,36.695598],[140.712417,36.695023],[140.712711,36.694434],[140.713516,36.695033],[140.714005,36.694876],[140.715508,36.694038],[140.716507,36.692646],[140.716192,36.687377],[140.715017,36.681225],[140.714254,36.674126],[140.714529,36.669248],[140.71512,36.664862],[140.716675,36.663944],[140.71668,36.663547],[140.716142,36.663305],[140.716107,36.663265],[140.716086,36.663],[140.71615,36.662528],[140.716729,36.662285],[140.716617,36.661687],[140.715774,36.661458],[140.715143,36.661721],[140.713738,36.661276],[140.713571,36.660485],[140.712389,36.659519],[140.711865,36.659537],[140.711663,36.659282],[140.712401,36.657754],[140.712067,36.657026],[140.711231,36.656817],[140.71037,36.65718],[140.70961,36.656215],[140.708862,36.656014],[140.708796,36.65533],[140.708403,36.654887],[140.706397,36.655165],[140.705482,36.654987],[140.705374,36.65473],[140.705221,36.655384],[140.704145,36.655804],[140.702953,36.655116],[140.701827,36.65421],[140.701699,36.65392],[140.702288,36.653872],[140.702016,36.653498],[140.701655,36.653891],[140.701419,36.653751],[140.701173,36.65323],[140.701642,36.6531],[140.701414,36.652885],[140.701349,36.652863],[140.701134,36.653194],[140.700891,36.653092],[140.700563,36.652608],[140.700992,36.652476],[140.700711,36.652247],[140.700512,36.652575],[140.700048,36.651983],[140.699967,36.651254],[140.700342,36.651172],[140.700166,36.650866],[140.70116,36.650247],[140.699698,36.650756],[140.699005,36.649578],[140.699307,36.648719],[140.700446,36.648905],[140.702202,36.650557],[140.701575,36.6496],[140.700556,36.648807],[140.698892,36.648543],[140.698253,36.649347],[140.696674,36.648961],[140.696227,36.647493],[140.695016,36.646357],[140.694661,36.645038],[140.693633,36.644578],[140.69242,36.641431],[140.691948,36.641017],[140.691491,36.637698],[140.69114,36.636577],[140.690826,36.636418],[140.691123,36.635672],[140.690569,36.633788],[140.691029,36.633273],[140.691954,36.632926],[140.690994,36.632577],[140.690692,36.630164],[140.690352,36.630263],[140.689711,36.629679],[140.68963,36.62859],[140.689942,36.627239],[140.689273,36.62636],[140.689491,36.626071],[140.689304,36.625032],[140.689661,36.624133],[140.688984,36.622981],[140.689033,36.621688],[140.689507,36.620975],[140.687953,36.620095],[140.687809,36.619421],[140.687814,36.619906],[140.686386,36.620058],[140.683105,36.616627],[140.682198,36.616541],[140.68113,36.615776],[140.6811,36.615286],[140.680025,36.614834],[140.680159,36.614284],[140.679849,36.613863],[140.679738,36.612707],[140.67819,36.611062],[140.677901,36.609633],[140.6776,36.609705],[140.677477,36.609435],[140.677474,36.60943],[140.677787,36.609367],[140.677068,36.607716],[140.676158,36.606605],[140.67554,36.606416],[140.675,36.605809],[140.675119,36.605292],[140.674008,36.603626],[140.672849,36.600201],[140.672316,36.599965],[140.671304,36.59789],[140.671404,36.597453],[140.670782,36.59746],[140.667631,36.594343],[140.666384,36.594646],[140.66533,36.592358],[140.664358,36.591067],[140.664084,36.589483],[140.66278,36.58593],[140.662339,36.582861],[140.662618,36.582522],[140.662577,36.581383],[140.661781,36.580812],[140.661307,36.580811],[140.661077,36.580311],[140.661156,36.579207],[140.662398,36.578356],[140.662326,36.577389],[140.661672,36.576802],[140.660591,36.577064],[140.660136,36.575703],[140.660549,36.577162],[140.661618,36.576911],[140.662189,36.577466],[140.662226,36.578244],[140.660811,36.579193],[140.66046,36.578603],[140.659324,36.57897],[140.658577,36.577844],[140.660315,36.577875],[140.659834,36.577711],[140.659712,36.576823],[140.659826,36.577423],[140.657791,36.577946],[140.65699,36.577393],[140.658324,36.575568],[140.657142,36.576907],[140.655709,36.576617],[140.654438,36.575437],[140.652843,36.572941],[140.651872,36.569047],[140.650775,36.567029],[140.650355,36.566924],[140.650305,36.566239],[140.649941,36.566232],[140.649831,36.565428],[140.648419,36.562424],[140.647601,36.558858],[140.646818,36.557894],[140.644535,36.551881],[140.643718,36.551508],[140.64409,36.550856],[140.644194,36.548362],[140.645064,36.547069],[140.646163,36.544227],[140.645517,36.542604],[140.645879,36.5424],[140.646471,36.541184],[140.646168,36.541186],[140.645741,36.542194],[140.644637,36.541924],[140.644618,36.541705],[140.644142,36.542415],[140.643459,36.541404],[140.643887,36.541201],[140.644151,36.541076],[140.644608,36.541445],[140.644154,36.540806],[140.644812,36.540418],[140.645382,36.540728],[140.64538,36.540587],[140.644952,36.540347],[140.644813,36.540275],[140.642129,36.541448],[140.640546,36.539869],[140.639376,36.539229],[140.638197,36.537467],[140.637059,36.530508],[140.635477,36.527473],[140.6334,36.521214],[140.633975,36.518684],[140.634722,36.518627],[140.634125,36.518542],[140.634089,36.517487],[140.633506,36.516365],[140.634082,36.5156],[140.633732,36.515156],[140.632526,36.514835],[140.631639,36.51354],[140.631556,36.511658],[140.632395,36.510166],[140.633131,36.50985],[140.632236,36.50987],[140.633259,36.509261],[140.631029,36.507158],[140.630396,36.505702],[140.63011,36.504056],[140.629561,36.503134],[140.631013,36.501942],[140.630344,36.5001],[140.629186,36.498994],[140.629607,36.498699],[140.629555,36.498647],[140.628726,36.498947],[140.628995,36.498904],[140.630235,36.50016],[140.630804,36.501887],[140.629097,36.503117],[140.628542,36.502575],[140.629042,36.502229],[140.628646,36.501843],[140.629522,36.501237],[140.629097,36.500818],[140.628299,36.501327],[140.627246,36.50031],[140.62846,36.499684],[140.628589,36.49935],[140.62852,36.499395],[140.628377,36.499256],[140.626991,36.500183],[140.626957,36.500449],[140.626068,36.500026],[140.628448,36.495861],[140.628315,36.495159],[140.627599,36.4949],[140.626456,36.496945],[140.624489,36.496218],[140.625318,36.494774],[140.624229,36.49361],[140.623179,36.490766],[140.619618,36.491879],[140.619061,36.491281],[140.619487,36.491931],[140.618917,36.492129],[140.618431,36.491545],[140.6189,36.491422],[140.618876,36.491417],[140.618382,36.491482],[140.617727,36.490714],[140.621605,36.488565],[140.621047,36.487281],[140.620704,36.486492],[140.617922,36.48644],[140.612681,36.487561],[140.612458,36.487158],[140.61214,36.486585],[140.611935,36.485916],[140.612133,36.485791],[140.611372,36.484482],[140.612008,36.484357],[140.612358,36.485774],[140.612776,36.485683],[140.61333,36.485565],[140.61331,36.485505],[140.612769,36.48562],[140.612483,36.484747],[140.613547,36.484516],[140.613565,36.484522],[140.613853,36.485389],[140.613634,36.485434],[140.613655,36.485495],[140.622395,36.483615],[140.623413,36.481926],[140.628184,36.483652],[140.625,36.482459]],[[140.632405,36.48333],[140.633606,36.481799],[140.633603,36.481424],[140.629799,36.486273],[140.629895,36.49221],[140.630206,36.493481],[140.630559,36.494905],[140.630687,36.494884],[140.630035,36.492197],[140.630097,36.486301],[140.632405,36.48333]],[[140.630805,36.498502],[140.630869,36.49664],[140.630442,36.494867],[140.630805,36.498502]],[[140.636425,36.474997],[140.63641,36.474522],[140.636318,36.474522],[140.636495,36.477175],[140.636425,36.475],[140.636425,36.474997]],[[140.638664,36.499143],[140.638601,36.499207],[140.638602,36.499223],[140.638618,36.499252],[140.638655,36.499264],[140.638683,36.499274],[140.638726,36.499304],[140.638759,36.49931],[140.638816,36.499307],[140.638859,36.499295],[140.638882,36.499281],[140.638904,36.499242],[140.638926,36.499232],[140.638953,36.499217],[140.638966,36.499197],[140.638969,36.499176],[140.638963,36.499156],[140.638948,36.49915],[140.638916,36.499145],[140.638898,36.499135],[140.638866,36.499095],[140.638837,36.499079],[140.638812,36.499074],[140.638778,36.499083],[140.638761,36.4991],[140.638731,36.49913],[140.638664,36.499143]],[[140.635472,36.50833],[140.635221,36.508063],[140.635406,36.508655],[140.635472,36.50833]],[[140.646437,36.542123],[140.646373,36.542107],[140.646336,36.542098],[140.646316,36.542094],[140.646303,36.542095],[140.64629,36.542101],[140.646286,36.542106],[140.646281,36.542116],[140.646278,36.542129],[140.64628,36.542144],[140.646295,36.542166],[140.646335,36.542191],[140.646369,36.542205],[140.646429,36.542208],[140.646457,36.542197],[140.646472,36.54218],[140.646466,36.54215],[140.646437,36.542123]],[[140.647351,36.542439],[140.647351,36.542427],[140.647349,36.542413],[140.647339,36.542395],[140.647325,36.542381],[140.647299,36.542366],[140.647128,36.542311],[140.646733,36.542214],[140.646711,36.542207],[140.646626,36.542196],[140.646603,36.542206],[140.64657,36.542225],[140.646565,36.542243],[140.646581,36.542279],[140.64663,36.542303],[140.64677,36.542353],[140.646971,36.542422],[140.647115,36.542485],[140.647267,36.542509],[140.647306,36.542509],[140.64731,36.542509],[140.647328,36.542504],[140.647336,36.542497],[140.647341,36.542487],[140.647347,36.542461],[140.647351,36.542439]],[[140.647709,36.542659],[140.64798,36.54266],[140.647524,36.542513],[140.647709,36.542659]],[[140.650528,36.54417],[140.650557,36.544166],[140.650567,36.544134],[140.650591,36.544101],[140.650592,36.544083],[140.650579,36.544081],[140.650524,36.544085],[140.650502,36.544093],[140.650486,36.544128],[140.650528,36.54417]],[[140.662318,36.580919],[140.662282,36.580901],[140.662255,36.580922],[140.66228,36.580943],[140.662314,36.580919],[140.662318,36.580919]],[[140.662309,36.580957],[140.662319,36.580963],[140.662331,36.580987],[140.662353,36.580963],[140.662331,36.580943],[140.662309,36.580957]],[[140.662334,36.581019],[140.662385,36.581043],[140.662419,36.581025],[140.662396,36.580997],[140.662342,36.581018],[140.662334,36.581019]],[[140.662164,36.580884],[140.66217,36.580875],[140.662167,36.580863],[140.662158,36.580849],[140.662151,36.580834],[140.662144,36.580815],[140.662142,36.580794],[140.662144,36.580778],[140.662153,36.58077],[140.662165,36.580757],[140.662168,36.580744],[140.662162,36.580723],[140.662145,36.580706],[140.66212,36.580702],[140.662092,36.58071],[140.662068,36.580725],[140.662053,36.580745],[140.66205,36.580764],[140.662054,36.580776],[140.662068,36.580792],[140.66208,36.580818],[140.662089,36.580844],[140.662099,36.580859],[140.662124,36.580881],[140.66214,36.580888],[140.662153,36.580889],[140.66216,36.580887],[140.662164,36.580884]],[[140.662507,36.581052],[140.662488,36.581052],[140.662458,36.581053],[140.662442,36.58106],[140.662433,36.58107],[140.662437,36.581085],[140.662446,36.581088],[140.662477,36.581092],[140.662512,36.581091],[140.662524,36.581086],[140.662532,36.581073],[140.662531,36.581064],[140.662523,36.581056],[140.662515,36.581054],[140.662507,36.581052]],[[140.662806,36.581324],[140.662807,36.581331],[140.662811,36.581321],[140.662784,36.581307],[140.66278,36.581296],[140.662762,36.581296],[140.66275,36.581303],[140.66274,36.581319],[140.662743,36.581332],[140.66274,36.581348],[140.662752,36.581354],[140.662775,36.581355],[140.662788,36.581356],[140.662789,36.581351],[140.662792,36.581354],[140.662806,36.581324]],[[140.662853,36.581384],[140.662874,36.581371],[140.662886,36.581368],[140.662894,36.581362],[140.662891,36.581354],[140.662881,36.581344],[140.662868,36.581339],[140.662857,36.58134],[140.662846,36.58134],[140.662833,36.581351],[140.662835,36.581366],[140.662833,36.581367],[140.662838,36.58137],[140.662853,36.581384]],[[140.663074,36.581069],[140.663062,36.581068],[140.663049,36.581067],[140.663038,36.581071],[140.663031,36.581076],[140.663029,36.581079],[140.663031,36.581083],[140.663036,36.581086],[140.663044,36.581088],[140.663052,36.581089],[140.66306,36.581088],[140.663068,36.581085],[140.663077,36.58108],[140.66308,36.581076],[140.66308,36.581072],[140.663078,36.581071],[140.663074,36.581069]],[[140.663124,36.581102],[140.663137,36.581118],[140.663154,36.581127],[140.663181,36.581126],[140.663185,36.581115],[140.66317,36.581076],[140.663152,36.581068],[140.663126,36.581067],[140.66311,36.581065],[140.663104,36.58107],[140.663107,36.581079],[140.663116,36.581083],[140.663124,36.581102]],[[140.672113,36.597683],[140.672132,36.597682],[140.672149,36.597678],[140.672154,36.597673],[140.672149,36.597665],[140.672135,36.597664],[140.672118,36.597668],[140.672112,36.597673],[140.672113,36.597683]],[[140.671837,36.597629],[140.671846,36.597608],[140.671848,36.597569],[140.671833,36.597536],[140.671814,36.597532],[140.671793,36.597548],[140.671792,36.597569],[140.671809,36.597609],[140.671823,36.597624],[140.671837,36.597629]],[[140.672148,36.597601],[140.672151,36.597607],[140.672148,36.597619],[140.672137,36.59763],[140.672124,36.597636],[140.672122,36.597647],[140.672129,36.597653],[140.672143,36.597654],[140.672167,36.597636],[140.672174,36.597612],[140.672167,36.597593],[140.672156,36.597576],[140.672142,36.597571],[140.67213,36.59757],[140.672116,36.59757],[140.672103,36.597565],[140.67209,36.597549],[140.672068,36.597514],[140.672056,36.597509],[140.672029,36.597506],[140.67202,36.597497],[140.671914,36.597436],[140.671885,36.59743],[140.671869,36.597428],[140.671851,36.597441],[140.671843,36.597463],[140.671853,36.597494],[140.671877,36.597519],[140.671906,36.597487],[140.671919,36.597474],[140.67193,36.597477],[140.671954,36.597486],[140.671954,36.597486],[140.671943,36.597508],[140.671943,36.597549],[140.67198,36.597527],[140.671984,36.597536],[140.671984,36.597541],[140.671983,36.597555],[140.671999,36.597567],[140.672014,36.597559],[140.67202,36.597537],[140.672051,36.597532],[140.672072,36.597558],[140.672096,36.597586],[140.672112,36.597593],[140.672129,36.597594],[140.672138,36.597595],[140.672148,36.597601]],[[140.671638,36.597438],[140.671589,36.59747],[140.671613,36.597523],[140.671605,36.59756],[140.67152,36.597627],[140.671502,36.597636],[140.671484,36.597641],[140.671492,36.597659],[140.671512,36.597654],[140.671535,36.597643],[140.671622,36.597575],[140.671663,36.597571],[140.671667,36.597521],[140.671638,36.597438]],[[140.671461,36.597578],[140.671448,36.597631],[140.671469,36.597635],[140.671479,36.59758],[140.671461,36.597578]],[[140.671729,36.597662],[140.671735,36.59768],[140.671744,36.597687],[140.671761,36.597694],[140.671774,36.597689],[140.671783,36.597665],[140.671759,36.597641],[140.671738,36.597646],[140.671729,36.597662]],[[140.683087,36.616411],[140.683082,36.616451],[140.683087,36.616466],[140.683093,36.616475],[140.683109,36.616475],[140.683131,36.616466],[140.683155,36.61645],[140.683184,36.616415],[140.683237,36.616368],[140.68326,36.61636],[140.683277,36.61635],[140.683298,36.616333],[140.683298,36.616316],[140.683292,36.616306],[140.683274,36.616306],[140.683258,36.61632],[140.683245,36.61633],[140.683231,36.616331],[140.683211,36.616338],[140.683189,36.616344],[140.683171,36.61635],[140.683152,36.61636],[140.683135,36.616368],[140.683115,36.61638],[140.683102,36.61639],[140.683087,36.616411]],[[140.680619,36.614406],[140.680613,36.614392],[140.680445,36.614258],[140.680431,36.614256],[140.68036,36.614275],[140.680287,36.614283],[140.680256,36.614285],[140.680198,36.614281],[140.680183,36.61429],[140.680192,36.614306],[140.680206,36.614324],[140.68022,36.614346],[140.680242,36.61441],[140.680254,36.61443],[140.68027,36.614431],[140.680291,36.614424],[140.680374,36.614372],[140.680398,36.614366],[140.680439,36.614352],[140.680449,36.614368],[140.680458,36.614402],[140.680474,36.614415],[140.680507,36.614428],[140.68054,36.614432],[140.680586,36.614424],[140.680619,36.614406]],[[140.683519,36.615978],[140.683536,36.615968],[140.68355,36.615951],[140.683554,36.615934],[140.683552,36.615925],[140.683543,36.615918],[140.68353,36.615917],[140.683518,36.615922],[140.683503,36.615932],[140.683493,36.615944],[140.683489,36.615955],[140.683489,36.615965],[140.683496,36.615973],[140.683504,36.615977],[140.683519,36.615978]],[[140.68968,36.624997],[140.689548,36.624834],[140.689389,36.625162],[140.68968,36.624997]],[[140.707866,36.654578],[140.707874,36.654582],[140.707891,36.654577],[140.707914,36.654566],[140.707916,36.654556],[140.707911,36.654543],[140.707889,36.654534],[140.707856,36.654522],[140.707853,36.654527],[140.707853,36.654549],[140.707854,36.654566],[140.707866,36.654578]],[[140.708833,36.65459],[140.708778,36.654622],[140.708767,36.65464],[140.708779,36.654675],[140.708805,36.654703],[140.708841,36.654728],[140.708861,36.654743],[140.708883,36.654771],[140.708899,36.654822],[140.708921,36.65483],[140.708952,36.654826],[140.70898,36.654799],[140.708981,36.65479],[140.70898,36.654758],[140.70897,36.654735],[140.708947,36.654715],[140.7089,36.654673],[140.708882,36.654648],[140.708888,36.654611],[140.708881,36.654592],[140.708861,36.654585],[140.708833,36.65459]],[[140.708532,36.654802],[140.708527,36.654826],[140.708552,36.654868],[140.708572,36.654882],[140.708596,36.654883],[140.708618,36.65487],[140.708619,36.654844],[140.708614,36.654805],[140.708597,36.654779],[140.70858,36.654769],[140.708554,36.654768],[140.708536,36.654783],[140.708532,36.654802]],[[140.712882,36.657659],[140.712892,36.657648],[140.712886,36.657624],[140.712876,36.657588],[140.712869,36.65756],[140.71285,36.657538],[140.712836,36.657528],[140.712805,36.657534],[140.712796,36.657549],[140.7128,36.65757],[140.712814,36.657598],[140.712821,36.657622],[140.712835,36.657644],[140.712855,36.657658],[140.712869,36.65766],[140.712882,36.657659]],[[140.712197,36.658821],[140.712256,36.658804],[140.712273,36.658777],[140.71228,36.658746],[140.712276,36.658705],[140.712273,36.658678],[140.712282,36.65865],[140.712327,36.658621],[140.712365,36.658591],[140.712384,36.658558],[140.712395,36.65852],[140.712396,36.658491],[140.712385,36.658471],[140.712358,36.658472],[140.712317,36.658488],[140.712262,36.658531],[140.712208,36.658573],[140.712171,36.65861],[140.712143,36.658644],[140.712117,36.658679],[140.712107,36.658718],[140.712115,36.658766],[140.712134,36.65879],[140.712164,36.658814],[140.712197,36.658821]],[[140.716667,36.686051],[140.71666,36.686059],[140.716632,36.686104],[140.716667,36.686181],[140.716667,36.686183],[140.716684,36.686196],[140.716695,36.686205],[140.716702,36.686273],[140.716716,36.686284],[140.716758,36.68629],[140.716758,36.686267],[140.716814,36.686233],[140.716814,36.686149],[140.716793,36.686093],[140.716723,36.68598],[140.716684,36.68603],[140.716667,36.686051]],[[140.717625,36.688526],[140.717674,36.688515],[140.717702,36.688492],[140.717681,36.688436],[140.717625,36.688459],[140.71759,36.688487],[140.717577,36.688515],[140.717625,36.688526]],[[140.717765,36.688273],[140.717842,36.688262],[140.717814,36.688217],[140.717814,36.688127],[140.717765,36.688127],[140.717716,36.688149],[140.717723,36.688239],[140.717737,36.688262],[140.717765,36.688273]],[[140.717458,36.687141],[140.717548,36.687129],[140.717612,36.687079],[140.717625,36.687034],[140.717555,36.686983],[140.717507,36.686943],[140.717472,36.68696],[140.717472,36.687067],[140.71745,36.687101],[140.717458,36.687141]],[[140.717884,36.688763],[140.717982,36.688752],[140.717982,36.688673],[140.717933,36.68865],[140.71787,36.688679],[140.717849,36.688684],[140.717828,36.688718],[140.717884,36.688763]],[[140.717059,36.688662],[140.717087,36.688634],[140.717108,36.688588],[140.71715,36.688577],[140.717178,36.688532],[140.717171,36.688487],[140.717066,36.688414],[140.71694,36.688447],[140.716982,36.688538],[140.716982,36.688639],[140.717059,36.688662]],[[140.716779,36.68802],[140.716807,36.687991],[140.716842,36.687924],[140.716842,36.687862],[140.716772,36.687811],[140.716744,36.687811],[140.716695,36.687862],[140.716688,36.687884],[140.716702,36.687896],[140.71673,36.687997],[140.716779,36.68802]],[[140.717094,36.686684],[140.717143,36.686673],[140.717199,36.686628],[140.717213,36.686571],[140.717199,36.686526],[140.717122,36.686526],[140.717087,36.686492],[140.717052,36.686532],[140.717052,36.686594],[140.717073,36.686628],[140.717073,36.686662],[140.717094,36.686684]],[[140.717842,36.688487],[140.717856,36.688481],[140.717863,36.688476],[140.717877,36.688476],[140.717884,36.68847],[140.717905,36.68847],[140.717912,36.688464],[140.717926,36.688464],[140.717926,36.688442],[140.717919,36.688436],[140.717919,36.688425],[140.717905,36.688414],[140.717905,36.688408],[140.717891,36.688397],[140.717891,36.688391],[140.71787,36.688391],[140.717863,36.688397],[140.717856,36.688397],[140.717835,36.688414],[140.717835,36.688419],[140.717828,36.688425],[140.717828,36.688431],[140.717821,36.688436],[140.717821,36.688453],[140.717828,36.688459],[140.717828,36.688476],[140.717842,36.688487]],[[140.25,36.053962],[140.242133,36.055338],[140.221071,36.055116],[140.214,36.05546],[140.211178,36.055081],[140.211382,36.05393],[140.210967,36.053314],[140.210366,36.053213],[140.209984,36.053097],[140.208844,36.052323],[140.208231,36.052518],[140.208122,36.052241],[140.20815,36.051269],[140.208707,36.051235],[140.208633,36.050136],[140.209494,36.049235],[140.209967,36.049174],[140.210387,36.049183],[140.21039,36.048712],[140.209931,36.048668],[140.209589,36.048668],[140.209321,36.04735],[140.208269,36.046471],[140.206906,36.046445],[140.205293,36.045251],[140.20206,36.044193],[140.201409,36.041765],[140.20042,36.040932],[140.199519,36.0406],[140.19718,36.040433],[140.194875,36.041635],[140.194591,36.041661],[140.193806,36.041635],[140.193798,36.041183],[140.191217,36.041243],[140.190535,36.03811],[140.190065,36.037537],[140.190288,36.036573],[140.189724,36.036518],[140.189137,36.03524],[140.188744,36.030927],[140.17305,36.040382],[140.169496,36.035866],[140.171751,36.035644],[140.170783,36.031174],[140.172572,36.029929],[140.173085,36.028836],[140.17318,36.027662],[140.172904,36.027141],[140.170216,36.026351],[140.168606,36.026708],[140.167925,36.025855],[140.167765,36.024711],[140.168438,36.023442],[140.168149,36.022999],[140.166647,36.022572],[140.166389,36.022218],[140.167367,36.021414],[140.166777,36.019834],[140.167657,36.016459],[140.16739,36.016476],[140.166754,36.018128],[140.166193,36.01808],[140.166198,36.017749],[140.165111,36.017805],[140.164991,36.019375],[140.165248,36.02076],[140.164757,36.021316],[140.163749,36.021316],[140.162582,36.021038],[140.162143,36.019901],[140.161116,36.018769],[140.160963,36.018222],[140.160873,36.0179],[140.160197,36.017082],[140.159432,36.015023],[140.158779,36.014813],[140.158614,36.014759],[140.157656,36.015469],[140.157024,36.015075],[140.156392,36.015093],[140.154276,36.017688],[140.151664,36.021765],[140.150033,36.022908],[140.147022,36.02702],[140.145935,36.028063],[140.1443,36.027973],[140.143107,36.030067],[140.142737,36.032862],[140.141253,36.035828],[140.138189,36.04548],[140.141061,36.04572],[140.143562,36.045231],[140.144403,36.047571],[140.146825,36.051225],[140.152296,36.053038],[140.152708,36.053579],[140.153266,36.054333],[140.153414,36.054996],[140.155659,36.055838],[140.155994,36.057007],[140.157338,36.05749],[140.157859,36.058407],[140.157718,36.05915],[140.160339,36.060553],[140.161527,36.060805],[140.163127,36.062717],[140.169031,36.060755],[140.169302,36.061062],[140.169959,36.060908],[140.171116,36.064118],[140.170692,36.065845],[140.173016,36.065611],[140.173133,36.065989],[140.170958,36.06801],[140.166008,36.069517],[140.16316,36.0726],[140.161807,36.073499],[140.16043,36.073895],[140.156092,36.074228],[140.155162,36.078378],[140.155811,36.080726],[140.155806,36.082217],[140.156519,36.083064],[140.157085,36.084372],[140.157529,36.084725],[140.157677,36.084864],[140.157555,36.085169],[140.157669,36.085265],[140.158096,36.085553],[140.157318,36.086682],[140.157861,36.087565],[140.156382,36.08774],[140.156262,36.089056],[140.15598,36.088828],[140.155909,36.088828],[140.155621,36.089099],[140.155312,36.089273],[140.154155,36.089544],[140.15091,36.091642],[140.152729,36.093448],[140.152017,36.094208],[140.150383,36.09423],[140.151024,36.096905],[140.153634,36.096411],[140.156569,36.097911],[140.156945,36.09937],[140.157531,36.100108],[140.157384,36.10026],[140.158446,36.101173],[140.157684,36.101921],[140.158268,36.10402],[140.158191,36.104055],[140.158171,36.104816],[140.159677,36.10501],[140.159697,36.105259],[140.159783,36.105371],[140.16129,36.10623],[140.158867,36.108535],[140.150247,36.11346],[140.144961,36.113371],[140.142434,36.113856],[140.139855,36.113409],[140.13841,36.113857],[140.136705,36.116281],[140.134379,36.116724],[140.134565,36.117839],[140.132671,36.117808],[140.132343,36.118857],[140.13165,36.119312],[140.131624,36.119705],[140.130767,36.120488],[140.129802,36.120142],[140.129213,36.120409],[140.129638,36.121362],[140.127085,36.123077],[140.127747,36.124003],[140.128932,36.124003],[140.128901,36.124598],[140.12759,36.125222],[140.127133,36.124292],[140.126052,36.123807],[140.125839,36.124654],[140.126306,36.124793],[140.126786,36.125412],[140.125566,36.126122],[140.125128,36.125891],[140.124867,36.12635],[140.124801,36.127133],[140.125966,36.126817],[140.1263,36.127248],[140.126359,36.130879],[140.127058,36.131024],[140.127149,36.131309],[140.126754,36.131788],[140.125108,36.131855],[140.124604,36.132383],[140.124702,36.133419],[140.125856,36.133704],[140.125232,36.135708],[140.124938,36.135758],[140.125753,36.136347],[140.126057,36.136237],[140.126869,36.136665],[140.127528,36.136992],[140.128571,36.136259],[140.129061,36.13674],[140.129634,36.13641],[140.130166,36.136944],[140.13094,36.136485],[140.131523,36.137191],[140.131874,36.136368],[140.130878,36.135298],[140.132423,36.134651],[140.13289,36.135148],[140.133102,36.135002],[140.132381,36.134259],[140.13752,36.130976],[140.139596,36.133105],[140.141122,36.13254],[140.141383,36.132025],[140.141778,36.132152],[140.141906,36.131885],[140.142978,36.132218],[140.14312,36.132262],[140.143389,36.132913],[140.144112,36.132895],[140.144124,36.133447],[140.144452,36.133411],[140.144286,36.134471],[140.143569,36.135096],[140.142218,36.134575],[140.141556,36.135412],[140.141118,36.135152],[140.140748,36.135679],[140.139767,36.135198],[140.139673,36.135151],[140.135005,36.142121],[140.137771,36.143325],[140.137806,36.143272],[140.138603,36.142045],[140.139575,36.142506],[140.13802,36.143628],[140.139365,36.144053],[140.140294,36.143489],[140.140805,36.143784],[140.139863,36.144506],[140.13976,36.144621],[140.141187,36.146331],[140.141473,36.147756],[140.1425,36.148768],[140.142555,36.14898],[140.142597,36.149247],[140.142342,36.153339],[140.141509,36.156238],[140.140283,36.157153],[140.139072,36.157563],[140.138689,36.158704],[140.138513,36.160916],[140.136768,36.162637],[140.134728,36.163568],[140.131224,36.164114],[140.130057,36.167417],[140.130543,36.168411],[140.132628,36.168924],[140.133312,36.169851],[140.134456,36.170593],[140.134606,36.172997],[140.135048,36.174004],[140.137345,36.175384],[140.137302,36.175212],[140.13734,36.175153],[140.139271,36.174079],[140.140968,36.174014],[140.143184,36.171906],[140.143941,36.171926],[140.145074,36.17125],[140.145918,36.171572],[140.14682,36.171352],[140.147728,36.171636],[140.148539,36.172697],[140.150849,36.173454],[140.153792,36.172779],[140.155337,36.174543],[140.156385,36.174747],[140.157078,36.175386],[140.158457,36.174728],[140.158983,36.173939],[140.164338,36.172621],[140.16526,36.171776],[140.167162,36.17133],[140.168597,36.170525],[140.169746,36.171105],[140.172459,36.171041],[140.175204,36.171401],[140.176515,36.171852],[140.176308,36.169852],[140.176523,36.168949],[140.175999,36.16789],[140.177246,36.166576],[140.179084,36.166319],[140.179917,36.165215],[140.180742,36.164891],[140.185186,36.164084],[140.18679,36.16437],[140.194379,36.162594],[140.195097,36.162315],[140.19559,36.161963],[140.197285,36.16023],[140.199412,36.158776],[140.200373,36.158671],[140.201375,36.155512],[140.201778,36.155534],[140.20322,36.15312],[140.203428,36.151608],[140.204196,36.149967],[140.204911,36.145877],[140.206751,36.144856],[140.206561,36.143841],[140.207037,36.143025],[140.205932,36.141345],[140.201506,36.138624],[140.198629,36.135012],[140.196149,36.133068],[140.196814,36.13209],[140.193673,36.129333],[140.20517,36.127438],[140.210888,36.126885],[140.216332,36.125473],[140.217191,36.126272],[140.218527,36.125442],[140.21912,36.125319],[140.219578,36.125237],[140.220422,36.125655],[140.223612,36.123215],[140.224237,36.123743],[140.225919,36.123482],[140.22922,36.123736],[140.234533,36.12245],[140.23749,36.122085],[140.245968,36.122223],[140.246027,36.122219],[140.246714,36.122168],[140.248028,36.121422],[140.250214,36.121392],[140.250466,36.120999],[140.255839,36.119664],[140.254806,36.116869],[140.264528,36.114308],[140.264484,36.11418],[140.26426,36.113542],[140.265267,36.113265],[140.266995,36.113947],[140.271343,36.11448],[140.271505,36.114432],[140.273265,36.113904],[140.272689,36.112455],[140.272772,36.11238],[140.272851,36.112309],[140.275298,36.111609],[140.277604,36.110294],[140.278892,36.11256],[140.277641,36.11326],[140.277101,36.11413],[140.278828,36.112978],[140.280459,36.113605],[140.279658,36.112671],[140.279748,36.111565],[140.280009,36.111528],[140.280414,36.111528],[140.281574,36.11034],[140.282603,36.110572],[140.282891,36.110244],[140.282981,36.109748],[140.283008,36.109175],[140.282386,36.107429],[140.281738,36.108613],[140.281729,36.108788],[140.281891,36.109124],[140.281666,36.109539],[140.282169,36.110235],[140.281117,36.109768],[140.281255,36.109444],[140.281315,36.109306],[140.28037,36.109079],[140.284437,36.10521],[140.282008,36.103835],[140.282269,36.103526],[140.281559,36.103125],[140.281017,36.102765],[140.280244,36.103188],[140.279893,36.102787],[140.280334,36.102532],[140.279578,36.100048],[140.278498,36.096681],[140.277768,36.095433],[140.277444,36.095418],[140.277444,36.094951],[140.277381,36.094565],[140.273699,36.094623],[140.273169,36.094433],[140.272953,36.094295],[140.272496,36.09477],[140.272413,36.094856],[140.271927,36.097752],[140.271424,36.097649],[140.27126,36.097616],[140.270278,36.097963],[140.265344,36.09588],[140.261958,36.096099],[140.259689,36.09341],[140.260904,36.092495],[140.262075,36.090991],[140.261174,36.088077],[140.266504,36.086005],[140.265998,36.083602],[140.265304,36.083137],[140.265573,36.081722],[140.266013,36.08116],[140.265603,36.080375],[140.26622,36.079844],[140.265862,36.079208],[140.266193,36.078906],[140.265871,36.077886],[140.266179,36.076923],[140.266003,36.076535],[140.266534,36.076134],[140.266604,36.075232],[140.26577,36.074073],[140.26574,36.070392],[140.26503,36.068482],[140.264706,36.068228],[140.262286,36.052204],[140.25,36.053962]],[[139.698506,36.151999],[139.697996,36.154075],[139.696445,36.155873],[139.695389,36.158],[139.694734,36.160546],[139.694176,36.165931],[139.691968,36.16984],[139.691202,36.172481],[139.690953,36.174462],[139.691229,36.178779],[139.691968,36.183389],[139.692522,36.186073],[139.694168,36.18975],[139.694247,36.190762],[139.693647,36.191675],[139.688372,36.195388],[139.687744,36.196826],[139.688018,36.200137],[139.690227,36.204742],[139.691106,36.205936],[139.692544,36.206531],[139.696251,36.205851],[139.69762,36.206489],[139.698623,36.206473],[139.698458,36.204287],[139.698756,36.203881],[139.701226,36.203311],[139.70247,36.204016],[139.704751,36.203262],[139.706473,36.201857],[139.707196,36.204619],[139.708425,36.207127],[139.708085,36.207691],[139.708141,36.208673],[139.706533,36.209038],[139.707071,36.21067],[139.707494,36.210836],[139.710509,36.209827],[139.71089,36.210349],[139.711006,36.210365],[139.711272,36.210365],[139.713801,36.209777],[139.714423,36.210084],[139.715864,36.209671],[139.716527,36.211013],[139.7176,36.211521],[139.719325,36.21148],[139.720055,36.211347],[139.720187,36.211323],[139.719899,36.209609],[139.720131,36.207662],[139.727542,36.205843],[139.726832,36.204056],[139.727487,36.201581],[139.735813,36.20559],[139.73641,36.205532],[139.738928,36.206549],[139.74214,36.20854],[139.74507,36.209652],[139.746754,36.21086],[139.748278,36.211088],[139.754359,36.214767],[139.75803,36.21816],[139.76004,36.219235],[139.770574,36.222515],[139.773276,36.223689],[139.774757,36.223696],[139.775486,36.224272],[139.777598,36.224828],[139.78087,36.226486],[139.782613,36.226829],[139.78327,36.226472],[139.78501,36.226685],[139.7857,36.227797],[139.821609,36.239703],[139.822523,36.235779],[139.822281,36.234774],[139.819357,36.227518],[139.817108,36.225974],[139.816486,36.225063],[139.815695,36.219536],[139.815943,36.216471],[139.820321,36.210643],[139.820816,36.207065],[139.822289,36.20525],[139.827301,36.203108],[139.83096,36.200881],[139.831262,36.204526],[139.830634,36.208326],[139.829354,36.210498],[139.828436,36.217479],[139.829414,36.217763],[139.831569,36.217564],[139.835238,36.218252],[139.837644,36.219243],[139.840328,36.219848],[139.842805,36.222936],[139.844635,36.222701],[139.844194,36.221669],[139.844631,36.218702],[139.846058,36.216096],[139.8477,36.216241],[139.849266,36.21363],[139.853955,36.213379],[139.854377,36.211409],[139.853965,36.209662],[139.854244,36.20903],[139.853645,36.207101],[139.853694,36.206207],[139.856267,36.205159],[139.857978,36.201771],[139.860963,36.199994],[139.861916,36.198911],[139.863222,36.198353],[139.863436,36.197393],[139.864506,36.196592],[139.864391,36.193441],[139.865962,36.191899],[139.865247,36.191234],[139.864754,36.189798],[139.863316,36.187386],[139.860531,36.187288],[139.860397,36.185659],[139.860792,36.183837],[139.861646,36.18318],[139.861482,36.182378],[139.861696,36.181253],[139.862937,36.17895],[139.86205,36.177645],[139.861642,36.177467],[139.861599,36.177448],[139.860629,36.178145],[139.856369,36.179442],[139.855472,36.180751],[139.855603,36.182992],[139.854124,36.186034],[139.851405,36.185213],[139.85258,36.183243],[139.850613,36.182533],[139.851189,36.179146],[139.852199,36.177891],[139.851904,36.175783],[139.852199,36.17456],[139.853154,36.172979],[139.853212,36.170549],[139.854276,36.1687],[139.853332,36.167138],[139.852485,36.164407],[139.850769,36.161901],[139.850638,36.160613],[139.85104,36.159604],[139.852463,36.157738],[139.853681,36.156992],[139.85379,36.156786],[139.853486,36.156537],[139.854571,36.155202],[139.853084,36.15428],[139.854019,36.152547],[139.853693,36.152395],[139.853767,36.152302],[139.85429,36.151646],[139.855105,36.151549],[139.855126,36.151126],[139.855951,36.15118],[139.856006,36.151701],[139.856689,36.151646],[139.856299,36.14718],[139.853761,36.147348],[139.852777,36.148052],[139.849023,36.145539],[139.847863,36.147992],[139.847243,36.147859],[139.845312,36.149679],[139.835555,36.15023],[139.832622,36.153443],[139.830557,36.154972],[139.827022,36.155081],[139.827022,36.154086],[139.826646,36.15405],[139.826566,36.154454],[139.826257,36.154438],[139.826366,36.153746],[139.825565,36.153649],[139.826306,36.152799],[139.826646,36.152873],[139.826694,36.153746],[139.826925,36.153746],[139.827472,36.151926],[139.828201,36.152072],[139.828335,36.151962],[139.828238,36.150863],[139.828833,36.150863],[139.828857,36.149965],[139.829574,36.149989],[139.829732,36.151895],[139.828821,36.151919],[139.828906,36.152223],[139.82825,36.152393],[139.828371,36.152878],[139.828979,36.153376],[139.829756,36.15289],[139.829741,36.152831],[139.829695,36.152648],[139.830364,36.152465],[139.830436,36.152829],[139.830509,36.152757],[139.830619,36.150645],[139.831287,36.150681],[139.831275,36.149771],[139.830108,36.149613],[139.829137,36.147482],[139.82877,36.147101],[139.828541,36.146863],[139.82842,36.147227],[139.828104,36.147154],[139.828129,36.14639],[139.82808,36.14588],[139.82859,36.145844],[139.829319,36.144598],[139.829672,36.142753],[139.829356,36.141272],[139.826779,36.141264],[139.82327,36.1406],[139.820959,36.139511],[139.818625,36.137604],[139.8139,36.136785],[139.809779,36.13898],[139.806283,36.138719],[139.806211,36.141454],[139.807183,36.141596],[139.807325,36.141999],[139.80644,36.143239],[139.806897,36.146174],[139.806968,36.149617],[139.806481,36.151211],[139.803245,36.151448],[139.80315,36.154325],[139.802292,36.155827],[139.801254,36.155353],[139.801117,36.155291],[139.801698,36.154734],[139.787525,36.154684],[139.787205,36.154459],[139.78775,36.153737],[139.786644,36.153745],[139.786174,36.153748],[139.784778,36.153285],[139.785063,36.15222],[139.784873,36.15222],[139.784825,36.1528],[139.783841,36.152823],[139.783841,36.153179],[139.783024,36.153191],[139.782846,36.153747],[139.782147,36.154209],[139.780902,36.153357],[139.780689,36.153498],[139.780405,36.153628],[139.776368,36.153569],[139.775977,36.153167],[139.775846,36.152468],[139.774697,36.152101],[139.774686,36.149488],[139.77689,36.149062],[139.779419,36.146225],[139.780344,36.14568],[139.781779,36.142748],[139.782064,36.138182],[139.780747,36.134705],[139.780407,36.134167],[139.780237,36.1339],[139.776302,36.134835],[139.771982,36.135072],[139.771105,36.134587],[139.767957,36.134882],[139.766357,36.135439],[139.763674,36.13811],[139.762169,36.138465],[139.76058,36.129924],[139.760805,36.129806],[139.761338,36.130374],[139.761101,36.128918],[139.761457,36.128562],[139.759061,36.126104],[139.755138,36.1288],[139.752756,36.129972],[139.746425,36.131965],[139.730564,36.132741],[139.72717,36.132763],[139.726457,36.132748],[139.721178,36.13221],[139.715746,36.133598],[139.712373,36.134865],[139.71078,36.135599],[139.710134,36.135945],[139.708679,36.137594],[139.705431,36.142528],[139.701368,36.147061],[139.698506,36.151999]],[[140.246714,36.132904],[140.246062,36.132965],[140.246274,36.133539],[140.248696,36.135337],[140.250819,36.13764],[140.252759,36.138925],[140.252575,36.139281],[140.254689,36.140857],[140.254761,36.1424],[140.255638,36.142474],[140.255975,36.142598],[140.256588,36.142948],[140.258527,36.145722],[140.259223,36.146137],[140.259723,36.146369],[140.261155,36.146295],[140.262633,36.147437],[140.263277,36.14873],[140.264799,36.149767],[140.265589,36.151477],[140.26613,36.151581],[140.267138,36.150871],[140.267587,36.1514],[140.269127,36.154433],[140.27021,36.155462],[140.271679,36.158396],[140.271454,36.158919],[140.271188,36.158708],[140.271243,36.158941],[140.271167,36.159028],[140.270496,36.159322],[140.271801,36.161254],[140.269986,36.161254],[140.269874,36.163824],[140.271314,36.162738],[140.272048,36.162713],[140.272997,36.161861],[140.275599,36.162639],[140.278246,36.164296],[140.279725,36.164693],[140.278266,36.166327],[140.276065,36.171599],[140.275215,36.17147],[140.274419,36.172898],[140.270943,36.174899],[140.269858,36.173742],[140.269518,36.173355],[140.266467,36.17488],[140.265753,36.174835],[140.265439,36.176265],[140.268169,36.178701],[140.263558,36.181293],[140.263631,36.181962],[140.262225,36.182789],[140.260965,36.1801],[140.260659,36.180628],[140.260395,36.181084],[140.259976,36.181419],[140.259528,36.181671],[140.25702,36.179355],[140.257181,36.178833],[140.258022,36.178644],[140.257668,36.177647],[140.257581,36.17763],[140.257142,36.17792],[140.255504,36.177067],[140.255458,36.177083],[140.255321,36.17763],[140.254692,36.17757],[140.253756,36.178205],[140.253639,36.178667],[140.253953,36.178442],[140.254422,36.178853],[140.255512,36.178776],[140.255773,36.179045],[140.254772,36.179411],[140.255141,36.181319],[140.255438,36.182336],[140.255438,36.184296],[140.256645,36.184009],[140.257065,36.18523],[140.254592,36.186212],[140.251305,36.188011],[140.249414,36.188529],[140.246163,36.190101],[140.245494,36.192039],[140.244009,36.194571],[140.242292,36.195852],[140.240717,36.196666],[140.239574,36.196866],[140.239492,36.198395],[140.239224,36.198461],[140.240301,36.202152],[140.23906,36.202972],[140.238894,36.203596],[140.23663,36.205471],[140.233687,36.20555],[140.230876,36.206273],[140.224923,36.206213],[140.22287,36.207209],[140.221209,36.206582],[140.220403,36.206595],[140.219695,36.206963],[140.218651,36.208558],[140.217431,36.209428],[140.215333,36.209305],[140.212597,36.208499],[140.210616,36.209138],[140.209761,36.20971],[140.210352,36.207897],[140.209876,36.205022],[140.210313,36.203055],[140.211094,36.203369],[140.211814,36.203301],[140.212011,36.203184],[140.212084,36.203037],[140.211715,36.202871],[140.211798,36.2024],[140.21141,36.202019],[140.21684,36.199315],[140.217547,36.199666],[140.218317,36.199506],[140.218813,36.197793],[140.219379,36.197559],[140.219699,36.197467],[140.220812,36.196515],[140.222135,36.19617],[140.224293,36.194752],[140.223142,36.192522],[140.215159,36.192264],[140.21434,36.192529],[140.21356,36.192078],[140.211848,36.191966],[140.20955,36.192182],[140.208908,36.191034],[140.208825,36.187888],[140.207996,36.186391],[140.207233,36.185656],[140.202921,36.184896],[140.199435,36.182933],[140.197643,36.183519],[140.196829,36.182459],[140.19337,36.181914],[140.191597,36.180062],[140.189625,36.179777],[140.18794,36.178861],[140.186246,36.176232],[140.183541,36.173935],[140.182106,36.173699],[140.177166,36.171863],[140.175204,36.171401],[140.171756,36.171159],[140.171304,36.170918],[140.169746,36.171105],[140.168597,36.170525],[140.167162,36.17133],[140.16526,36.171776],[140.164338,36.172621],[140.158983,36.173939],[140.158457,36.174728],[140.157078,36.175386],[140.156385,36.174747],[140.155337,36.174543],[140.153792,36.172779],[140.15093,36.173465],[140.148539,36.172697],[140.147728,36.171636],[140.147524,36.171518],[140.147078,36.171384],[140.145918,36.171572],[140.145074,36.17125],[140.143941,36.171926],[140.143184,36.171906],[140.140968,36.174014],[140.139271,36.174079],[140.13734,36.175153],[140.137534,36.175639],[140.135973,36.178945],[140.136645,36.180162],[140.135995,36.180457],[140.134849,36.18221],[140.134209,36.182345],[140.132508,36.183459],[140.131814,36.185368],[140.130228,36.186874],[140.129689,36.188288],[140.128394,36.188884],[140.128206,36.189093],[140.128029,36.189432],[140.129743,36.190911],[140.130647,36.192574],[140.129706,36.195442],[140.128884,36.195855],[140.128588,36.196676],[140.127754,36.197179],[140.127781,36.198151],[140.127361,36.198723],[140.127833,36.200059],[140.129164,36.199982],[140.129562,36.200648],[140.128627,36.201613],[140.128523,36.203138],[140.126441,36.205278],[140.124679,36.205889],[140.123628,36.209311],[140.121783,36.211657],[140.122699,36.217174],[140.122482,36.21796],[140.119334,36.21962],[140.118267,36.221226],[140.115742,36.222999],[140.118057,36.22667],[140.116811,36.227238],[140.114667,36.228821],[140.111521,36.227901],[140.110448,36.230159],[140.110336,36.231352],[140.116364,36.234867],[140.117709,36.236333],[140.11862,36.238099],[140.120371,36.238131],[140.120561,36.238361],[140.120674,36.238609],[140.122183,36.239593],[140.124006,36.240136],[140.124183,36.240829],[140.125384,36.241611],[140.125499,36.242323],[140.126187,36.242635],[140.126758,36.243569],[140.127839,36.243964],[140.129287,36.243049],[140.130046,36.243283],[140.130879,36.242787],[140.132673,36.24321],[140.132834,36.244221],[140.132443,36.244891],[140.132466,36.247151],[140.130213,36.249195],[140.129296,36.249246],[140.129264,36.249646],[140.129482,36.250794],[140.131908,36.25265],[140.131508,36.253175],[140.131508,36.25321],[140.131523,36.253991],[140.132514,36.255743],[140.133705,36.256286],[140.134832,36.257455],[140.135312,36.259902],[140.133556,36.263424],[140.133645,36.26521],[140.134032,36.265767],[140.134155,36.266685],[140.135868,36.267986],[140.138191,36.26848],[140.139579,36.269678],[140.141165,36.270236],[140.141299,36.271169],[140.140869,36.272265],[140.142557,36.272807],[140.143635,36.273868],[140.144969,36.274061],[140.145771,36.275328],[140.145718,36.276533],[140.146499,36.277328],[140.146731,36.278402],[140.149778,36.283218],[140.151204,36.28614],[140.152356,36.287457],[140.151986,36.288395],[140.151342,36.288847],[140.151069,36.291621],[140.149877,36.293852],[140.147993,36.29547],[140.145519,36.296794],[140.14387,36.298246],[140.143619,36.30116],[140.143969,36.303087],[140.144823,36.304512],[140.143261,36.306047],[140.146048,36.306847],[140.147855,36.308474],[140.149693,36.309535],[140.15042,36.310476],[140.150415,36.311328],[140.150933,36.312114],[140.15097,36.312831],[140.151921,36.314259],[140.154642,36.316153],[140.156453,36.316069],[140.15877,36.317221],[140.16011,36.317016],[140.161562,36.317186],[140.16242,36.317731],[140.162682,36.318759],[140.165137,36.319574],[140.167099,36.319154],[140.170893,36.321445],[140.173851,36.32053],[140.175482,36.320866],[140.176586,36.320787],[140.177844,36.321215],[140.180544,36.321074],[140.184027,36.319663],[140.187405,36.318955],[140.189756,36.318011],[140.192501,36.317602],[140.193195,36.317821],[140.194654,36.318948],[140.196978,36.319566],[140.200982,36.321778],[140.20253,36.322002],[140.203795,36.320807],[140.204476,36.320546],[140.205003,36.319016],[140.206025,36.318049],[140.20672,36.317924],[140.207983,36.318208],[140.211417,36.317607],[140.212343,36.3172],[140.213584,36.315172],[140.213775,36.313883],[140.214078,36.313678],[140.2148,36.313846],[140.215141,36.313571],[140.215248,36.313441],[140.2151,36.311722],[140.215641,36.310656],[140.218409,36.308792],[140.219075,36.308639],[140.222495,36.304454],[140.222672,36.303565],[140.222006,36.30082],[140.222318,36.299346],[140.223995,36.295946],[140.226753,36.293254],[140.228197,36.292434],[140.229005,36.291219],[140.230706,36.290822],[140.232043,36.289808],[140.232904,36.288556],[140.233338,36.287185],[140.234746,36.287121],[140.235395,36.286754],[140.236291,36.285844],[140.236815,36.284266],[140.238187,36.283257],[140.239657,36.283729],[140.239889,36.283734],[140.240558,36.283719],[140.243118,36.283585],[140.244758,36.283046],[140.246929,36.284068],[140.248957,36.284215],[140.249289,36.282272],[140.25057,36.281388],[140.251764,36.281074],[140.252624,36.280065],[140.254108,36.279153],[140.255374,36.277437],[140.25545,36.276733],[140.255579,36.276387],[140.256955,36.27469],[140.257713,36.274181],[140.257761,36.272693],[140.258655,36.272134],[140.264878,36.271331],[140.268069,36.267974],[140.270388,36.268337],[140.272189,36.269763],[140.273836,36.270482],[140.275267,36.270564],[140.279883,36.270367],[140.282756,36.26989],[140.283833,36.270142],[140.285576,36.269999],[140.286104,36.269615],[140.287372,36.269566],[140.288891,36.268929],[140.289195,36.269121],[140.289345,36.269092],[140.290035,36.268957],[140.29084,36.268426],[140.293919,36.268837],[140.300865,36.271873],[140.301677,36.272465],[140.301447,36.273051],[140.301379,36.273245],[140.303123,36.27336],[140.308532,36.271091],[140.315719,36.264722],[140.307656,36.265472],[140.305756,36.265011],[140.304605,36.265175],[140.303297,36.264614],[140.301602,36.264372],[140.299578,36.263358],[140.297582,36.26316],[140.297277,36.262966],[140.297141,36.262835],[140.296335,36.260898],[140.296322,36.254079],[140.296024,36.253814],[140.294399,36.254351],[140.293684,36.254593],[140.293075,36.25553],[140.287878,36.255508],[140.287397,36.255218],[140.284625,36.2557],[140.282388,36.25537],[140.281846,36.254943],[140.280607,36.254882],[140.280641,36.253495],[140.281937,36.252414],[140.281161,36.251753],[140.281305,36.251366],[140.281242,36.251242],[140.279367,36.251139],[140.279025,36.250701],[140.278529,36.250224],[140.277308,36.247518],[140.276724,36.245721],[140.276753,36.244585],[140.275937,36.242566],[140.275363,36.239325],[140.273585,36.236897],[140.273796,36.236772],[140.273765,36.236663],[140.273601,36.236095],[140.272374,36.233487],[140.271929,36.231301],[140.272026,36.230627],[140.272196,36.230247],[140.272123,36.227685],[140.275218,36.223169],[140.276012,36.222733],[140.276327,36.222628],[140.277926,36.22238],[140.283211,36.22023],[140.285133,36.220387],[140.288321,36.217815],[140.290375,36.21537],[140.291668,36.214794],[140.297279,36.213411],[140.300265,36.210329],[140.300628,36.210231],[140.3015,36.210257],[140.304608,36.210958],[140.307123,36.209646],[140.310236,36.210097],[140.311763,36.20956],[140.311867,36.209429],[140.312377,36.208782],[140.312969,36.207122],[140.313131,36.202677],[140.313819,36.201345],[140.314861,36.200795],[140.317804,36.200166],[140.318766,36.199623],[140.324153,36.194087],[140.326991,36.191713],[140.327581,36.191537],[140.332168,36.192541],[140.335637,36.193701],[140.335984,36.193622],[140.336283,36.193465],[140.337714,36.192055],[140.343092,36.189779],[140.344094,36.188856],[140.344886,36.185446],[140.341618,36.184793],[140.338712,36.18552],[140.33581,36.185393],[140.336084,36.186894],[140.335853,36.187231],[140.334189,36.188033],[140.330757,36.188227],[140.328886,36.187866],[140.327943,36.186435],[140.327109,36.185813],[140.324854,36.185978],[140.323325,36.186547],[140.321649,36.186464],[140.319039,36.184422],[140.31708,36.183845],[140.315774,36.183771],[140.314969,36.183935],[140.31374,36.184175],[140.308595,36.185677],[140.307706,36.180546],[140.30962,36.178573],[140.316302,36.177978],[140.315608,36.174302],[140.314037,36.175568],[140.313704,36.175598],[140.313085,36.175583],[140.309566,36.174309],[140.308603,36.173058],[140.308621,36.170237],[140.307704,36.168613],[140.307787,36.167149],[140.307624,36.167048],[140.307456,36.166943],[140.307536,36.166167],[140.307098,36.165282],[140.307797,36.164484],[140.307869,36.163637],[140.307429,36.162777],[140.307374,36.162443],[140.307442,36.15958],[140.308764,36.158866],[140.309754,36.155888],[140.310442,36.155624],[140.316426,36.15264],[140.320665,36.150054],[140.325498,36.149374],[140.33027,36.147235],[140.335904,36.142115],[140.338765,36.138537],[140.345812,36.130679],[140.338431,36.128676],[140.331066,36.127469],[140.33125,36.126855],[140.331332,36.126691],[140.330988,36.12598],[140.330778,36.125836],[140.330164,36.125257],[140.329539,36.125172],[140.32898,36.125331],[140.328639,36.125457],[140.328123,36.126851],[140.327582,36.127142],[140.32727,36.127264],[140.327002,36.127264],[140.326497,36.127046],[140.325831,36.127421],[140.324638,36.12736],[140.314739,36.130008],[140.311973,36.129721],[140.311819,36.129753],[140.310741,36.130538],[140.310152,36.130609],[140.309292,36.130757],[140.306188,36.131991],[140.305646,36.132055],[140.305216,36.131899],[140.303199,36.132887],[140.302462,36.132999],[140.302376,36.132964],[140.30229,36.132721],[140.30169,36.132644],[140.301678,36.132642],[140.301463,36.133618],[140.29789,36.131889],[140.297729,36.131881],[140.296869,36.132081],[140.29659,36.131402],[140.293401,36.13253],[140.290988,36.13265],[140.290934,36.13285],[140.288694,36.132676],[140.287018,36.131874],[140.285409,36.133033],[140.285288,36.13312],[140.274509,36.133583],[140.269337,36.133434],[140.265067,36.134469],[140.263586,36.134097],[140.258722,36.133895],[140.255219,36.133364],[140.246714,36.132904]],[[139.853673,36.215745],[139.853564,36.21499],[139.853852,36.213726],[139.853955,36.213379],[139.849266,36.21363],[139.8477,36.216241],[139.846058,36.216096],[139.844668,36.21857],[139.844194,36.221669],[139.844635,36.222701],[139.84289,36.222942],[139.842129,36.222369],[139.840419,36.219878],[139.837644,36.219243],[139.835238,36.218252],[139.831569,36.217564],[139.829414,36.217763],[139.828436,36.217479],[139.829354,36.210498],[139.830634,36.208326],[139.831262,36.204526],[139.830857,36.200845],[139.827301,36.203108],[139.822507,36.20508],[139.8209,36.206896],[139.820321,36.210643],[139.815943,36.216471],[139.815695,36.219536],[139.816486,36.225063],[139.817108,36.225974],[139.819357,36.227518],[139.821061,36.23145],[139.822529,36.235659],[139.821609,36.239703],[139.822017,36.239948],[139.822149,36.241442],[139.82666,36.24726],[139.827368,36.248857],[139.828725,36.252637],[139.830341,36.260596],[139.831562,36.264615],[139.833748,36.267359],[139.83496,36.270384],[139.838456,36.273465],[139.841321,36.275298],[139.841692,36.275901],[139.841733,36.27733],[139.841393,36.278323],[139.836562,36.287337],[139.835211,36.291803],[139.835602,36.29411],[139.838206,36.297403],[139.839537,36.300231],[139.839908,36.300364],[139.840443,36.300446],[139.84165,36.301331],[139.842227,36.302224],[139.842866,36.30439],[139.843897,36.304878],[139.844037,36.305579],[139.845305,36.306437],[139.845621,36.308068],[139.848978,36.311484],[139.849367,36.311629],[139.849953,36.311789],[139.85318,36.311339],[139.853966,36.310713],[139.856873,36.310487],[139.856882,36.310576],[139.856894,36.310696],[139.857977,36.310746],[139.862597,36.313079],[139.864679,36.315586],[139.865236,36.315494],[139.867443,36.31385],[139.867773,36.314017],[139.868301,36.314426],[139.868466,36.314368],[139.869216,36.313912],[139.870126,36.313842],[139.870476,36.314084],[139.870662,36.314351],[139.870724,36.314777],[139.870898,36.315068],[139.872478,36.315079],[139.872321,36.317542],[139.872515,36.317692],[139.87269,36.317872],[139.872128,36.318246],[139.874465,36.320896],[139.875208,36.320621],[139.874671,36.323164],[139.878857,36.32284],[139.880678,36.322964],[139.881932,36.322078],[139.882565,36.321234],[139.882564,36.320642],[139.882258,36.319326],[139.880389,36.317249],[139.879983,36.316077],[139.87852,36.314009],[139.878356,36.31225],[139.878725,36.310797],[139.880415,36.309604],[139.881233,36.309554],[139.881988,36.309872],[139.882553,36.310618],[139.884201,36.31171],[139.885068,36.311903],[139.887535,36.311414],[139.890034,36.310508],[139.891676,36.309086],[139.894464,36.309711],[139.895076,36.308987],[139.896642,36.309754],[139.899054,36.306308],[139.896167,36.30439],[139.895811,36.304277],[139.895425,36.304321],[139.894738,36.304627],[139.894289,36.304252],[139.894289,36.301934],[139.895263,36.301909],[139.895287,36.300751],[139.895288,36.300737],[139.897453,36.300138],[139.898376,36.300169],[139.899281,36.300624],[139.899425,36.301235],[139.899787,36.301447],[139.899899,36.301472],[139.899762,36.300687],[139.900417,36.300643],[139.900379,36.300612],[139.90023,36.300494],[139.900538,36.299965],[139.900556,36.299054],[139.901867,36.299023],[139.901885,36.298758],[139.901892,36.298649],[139.902691,36.298649],[139.903009,36.298642],[139.902959,36.297801],[139.901867,36.297857],[139.901829,36.29661],[139.900574,36.29661],[139.900493,36.295487],[139.901055,36.29386],[139.900418,36.292594],[139.89902,36.292276],[139.898028,36.292947],[139.897211,36.292866],[139.897242,36.291738],[139.901869,36.291091],[139.901676,36.287499],[139.90668,36.285106],[139.908405,36.279726],[139.902848,36.273726],[139.9035,36.269728],[139.902818,36.268394],[139.901542,36.267222],[139.900102,36.263965],[139.895685,36.261411],[139.894415,36.261094],[139.889085,36.255541],[139.888222,36.253246],[139.889235,36.251309],[139.890931,36.249482],[139.898569,36.245062],[139.90451,36.239064],[139.905765,36.237286],[139.905975,36.236348],[139.905678,36.234615],[139.902057,36.234267],[139.897699,36.233331],[139.897512,36.232381],[139.897779,36.231478],[139.899094,36.231283],[139.900262,36.228525],[139.89775,36.227036],[139.898891,36.225366],[139.89881,36.223677],[139.898276,36.223287],[139.89704,36.22315],[139.896506,36.223293],[139.896135,36.223469],[139.893955,36.225688],[139.891915,36.226935],[139.889476,36.227212],[139.888173,36.22633],[139.887445,36.225166],[139.887563,36.223381],[139.889779,36.218846],[139.890697,36.214823],[139.889173,36.214616],[139.885053,36.212293],[139.882256,36.214628],[139.880176,36.214251],[139.879602,36.215384],[139.878514,36.215778],[139.878514,36.216671],[139.877985,36.216655],[139.87777,36.215853],[139.87653,36.216229],[139.874843,36.217868],[139.874709,36.218351],[139.874832,36.218495],[139.874671,36.218617],[139.874565,36.218698],[139.873818,36.218174],[139.873127,36.218645],[139.873282,36.219132],[139.872182,36.219761],[139.871517,36.219823],[139.871509,36.221523],[139.870704,36.221466],[139.870856,36.219838],[139.868698,36.219653],[139.864795,36.215052],[139.860133,36.217597],[139.857905,36.220481],[139.856549,36.220251],[139.85609,36.219906],[139.855942,36.218191],[139.856385,36.217871],[139.856188,36.217132],[139.856992,36.216782],[139.856828,36.216347],[139.854832,36.217167],[139.85484,36.216133],[139.853673,36.215745]],[[140.129287,35.883854],[140.13004,35.884431],[140.130921,35.885025],[140.129187,35.888769],[140.129492,35.890382],[140.130329,35.891149],[140.131748,35.891029],[140.132028,35.890922],[140.132572,35.890564],[140.133376,35.889777],[140.133998,35.887644],[140.134872,35.8874],[140.136286,35.888048],[140.138515,35.889829],[140.142555,35.890877],[140.14484,35.893186],[140.153006,35.89292],[140.15226,35.895156],[140.152009,35.895087],[140.152062,35.894802],[140.152107,35.894566],[140.151891,35.894544],[140.151849,35.894718],[140.151773,35.895042],[140.151424,35.895002],[140.151452,35.894848],[140.151536,35.894385],[140.151222,35.894362],[140.151006,35.895184],[140.152211,35.895365],[140.153207,35.896137],[140.15373,35.895746],[140.153782,35.89579],[140.154245,35.896182],[140.153298,35.897037],[140.1532,35.897125],[140.153028,35.896992],[140.15233,35.896451],[140.152427,35.896757],[140.149257,35.897329],[140.150176,35.899627],[140.150768,35.899491],[140.151375,35.901586],[140.151082,35.901598],[140.151054,35.902136],[140.151778,35.901904],[140.151918,35.902994],[140.149013,35.903573],[140.149075,35.90582],[140.148887,35.906774],[140.148775,35.90738],[140.147269,35.909641],[140.14559,35.91043],[140.143525,35.910084],[140.142432,35.910248],[140.138653,35.913592],[140.137204,35.914323],[140.134172,35.915141],[140.131913,35.918153],[140.12793,35.91988],[140.127541,35.920618],[140.127366,35.92113],[140.127176,35.922545],[140.128256,35.926539],[140.130926,35.926196],[140.131759,35.9278],[140.131992,35.928968],[140.132862,35.930096],[140.132971,35.931304],[140.130361,35.932273],[140.132454,35.936047],[140.127656,35.939377],[140.123903,35.94102],[140.118946,35.945207],[140.110409,35.95053],[140.103582,35.95366],[140.099705,35.955079],[140.097356,35.956406],[140.094472,35.959152],[140.094249,35.960326],[140.091084,35.964921],[140.091755,35.965212],[140.089905,35.968195],[140.089019,35.96818],[140.087652,35.973563],[140.088585,35.973728],[140.088508,35.976096],[140.087516,35.980032],[140.089142,35.98031],[140.08971,35.980407],[140.089363,35.981721],[140.088631,35.982915],[140.088999,35.983161],[140.089993,35.981266],[140.091193,35.976421],[140.091877,35.976329],[140.091907,35.976118],[140.091931,35.975953],[140.091682,35.975939],[140.092321,35.973924],[140.092117,35.972722],[140.090963,35.969968],[140.090848,35.967627],[140.092225,35.966165],[140.094118,35.965355],[140.096073,35.964046],[140.096588,35.963043],[140.098203,35.961498],[140.101209,35.957585],[140.101903,35.955496],[140.10646,35.952989],[140.106966,35.953385],[140.109853,35.952078],[140.110536,35.953154],[140.111433,35.952042],[140.111934,35.951681],[140.112361,35.951414],[140.11963,35.94837],[140.119444,35.948096],[140.119976,35.947808],[140.120502,35.947575],[140.122422,35.947338],[140.122882,35.947847],[140.122848,35.948383],[140.121731,35.949194],[140.119386,35.950139],[140.116361,35.952003],[140.115207,35.95406],[140.115795,35.957216],[140.115497,35.95725],[140.1156,35.957939],[140.115616,35.958044],[140.115044,35.958113],[140.114958,35.959182],[140.113497,35.960733],[140.111345,35.962283],[140.109704,35.964584],[140.10996,35.966217],[140.110507,35.967204],[140.111122,35.967239],[140.111472,35.975952],[140.111131,35.975952],[140.11113,35.976768],[140.11113,35.976875],[140.111378,35.976882],[140.111378,35.977649],[140.106907,35.984907],[140.106967,35.986332],[140.107554,35.987762],[140.105476,35.988198],[140.105591,35.988601],[140.105393,35.988836],[140.105006,35.989224],[140.103925,35.989399],[140.102878,35.990392],[140.1024,35.990513],[140.098887,35.994014],[140.098186,35.995859],[140.096792,35.996616],[140.096428,35.997489],[140.094871,35.998595],[140.094101,36.000274],[140.093229,36.001298],[140.093163,36.001854],[140.094026,36.004719],[140.094856,36.005877],[140.095429,36.00743],[140.095887,36.00781],[140.097184,36.007594],[140.097374,36.008354],[140.098689,36.007171],[140.097995,36.003477],[140.09811,36.003452],[140.098185,36.003436],[140.098084,36.000786],[140.098691,35.999505],[140.103206,35.994892],[140.103183,35.994828],[140.102971,35.99425],[140.110322,35.987041],[140.111723,35.986409],[140.113307,35.984694],[140.113913,35.981617],[140.115343,35.97871],[140.11509,35.97701],[140.115434,35.973974],[140.115108,35.972282],[140.115778,35.969743],[140.115154,35.967837],[140.11595,35.966387],[140.115995,35.964539],[140.11777,35.962962],[140.11796,35.961365],[140.119851,35.959679],[140.119951,35.958966],[140.12173,35.958228],[140.123961,35.958921],[140.125272,35.959711],[140.125257,35.960427],[140.126086,35.96069],[140.126425,35.959325],[140.127608,35.959353],[140.127662,35.958317],[140.127059,35.957261],[140.126641,35.957331],[140.127006,35.955421],[140.128092,35.953925],[140.129214,35.952977],[140.132614,35.95148],[140.133718,35.950374],[140.13408,35.951011],[140.137004,35.950269],[140.137654,35.949272],[140.139094,35.949113],[140.139753,35.948114],[140.143949,35.946734],[140.145302,35.94601],[140.1459,35.945292],[140.147257,35.945121],[140.149218,35.943085],[140.150864,35.942822],[140.152865,35.944366],[140.155361,35.948526],[140.157463,35.951091],[140.158093,35.953927],[140.157045,35.95587],[140.157211,35.955798],[140.157362,35.955733],[140.158811,35.954793],[140.164365,35.949265],[140.168944,35.946596],[140.173508,35.941496],[140.174865,35.93546],[140.174184,35.934858],[140.174236,35.934566],[140.173593,35.9337],[140.174427,35.932841],[140.174892,35.933393],[140.175088,35.933189],[140.174824,35.932821],[140.175,35.932048],[140.175005,35.932028],[140.175788,35.933403],[140.176899,35.933878],[140.17833,35.936867],[140.179073,35.937439],[140.178205,35.939009],[140.178349,35.939254],[140.184486,35.947014],[140.183532,35.946962],[140.183433,35.947269],[140.183381,35.947499],[140.183456,35.947828],[140.184017,35.948502],[140.183803,35.94927],[140.185552,35.951026],[140.185819,35.951427],[140.186126,35.952063],[140.186519,35.953179],[140.186016,35.954814],[140.186828,35.956498],[140.189834,35.95649],[140.191205,35.955478],[140.191929,35.954332],[140.192994,35.953642],[140.193066,35.953693],[140.193255,35.953846],[140.193857,35.956508],[140.193936,35.958894],[140.194857,35.960538],[140.195181,35.963232],[140.194746,35.963339],[140.194684,35.964189],[140.194328,35.964222],[140.194387,35.96492],[140.194398,35.96504],[140.195349,35.964942],[140.197368,35.964385],[140.199456,35.963385],[140.200551,35.962616],[140.201216,35.961532],[140.202456,35.960519],[140.205866,35.959202],[140.209394,35.957266],[140.215763,35.955314],[140.222581,35.950528],[140.226749,35.948216],[140.229628,35.94795],[140.238005,35.948944],[140.241016,35.948809],[140.242393,35.948416],[140.245436,35.946236],[140.249494,35.944253],[140.255097,35.940484],[140.255937,35.939005],[140.255865,35.936393],[140.25611,35.935974],[140.256473,35.935366],[140.259401,35.932581],[140.260104,35.931807],[140.26103,35.930593],[140.259309,35.929089],[140.259021,35.929197],[140.258564,35.929341],[140.255715,35.929218],[140.25434,35.928806],[140.253222,35.928056],[140.251993,35.92446],[140.250754,35.922453],[140.249292,35.916776],[140.24899,35.916072],[140.248642,35.916086],[140.248477,35.911827],[140.247228,35.911845],[140.247148,35.910788],[140.248364,35.910063],[140.24892,35.909902],[140.248467,35.906772],[140.242821,35.905217],[140.243133,35.90469],[140.2433,35.904408],[140.236472,35.902538],[140.235966,35.902239],[140.235874,35.899831],[140.234915,35.8995],[140.233488,35.899006],[140.233028,35.899328],[140.230282,35.898421],[140.229555,35.898181],[140.223788,35.893794],[140.223245,35.893232],[140.222961,35.892331],[140.220904,35.891701],[140.220729,35.891896],[140.218664,35.890943],[140.218499,35.891093],[140.215616,35.889615],[140.215937,35.889201],[140.214639,35.888467],[140.214676,35.888416],[140.214962,35.888023],[140.214143,35.887552],[140.21509,35.886223],[140.214685,35.886021],[140.215059,35.885537],[140.215072,35.885519],[140.214768,35.885355],[140.215394,35.884641],[140.215532,35.884439],[140.213277,35.88345],[140.213283,35.88293],[140.212639,35.882504],[140.212241,35.882383],[140.209952,35.881688],[140.210683,35.880066],[140.211231,35.878853],[140.20677,35.877315],[140.203737,35.880075],[140.202566,35.879426],[140.201374,35.87918],[140.201155,35.879458],[140.201077,35.879429],[140.200056,35.879054],[140.200332,35.878496],[140.198689,35.877828],[140.201645,35.874683],[140.196243,35.872354],[140.191101,35.877596],[140.191375,35.877789],[140.189293,35.880288],[140.189633,35.880505],[140.188114,35.881748],[140.188573,35.882073],[140.185542,35.884976],[140.186956,35.886285],[140.184807,35.888437],[140.181688,35.886587],[140.181336,35.886913],[140.180725,35.887478],[140.180518,35.887316],[140.179812,35.88786],[140.179146,35.887234],[140.178598,35.887601],[140.178887,35.887914],[140.177597,35.888878],[140.176627,35.888561],[140.175906,35.888326],[140.17593,35.888106],[140.17547,35.887859],[140.175351,35.888136],[140.171314,35.887556],[140.171343,35.886509],[140.170529,35.886509],[140.170522,35.887165],[140.170092,35.887165],[140.170091,35.887101],[140.170083,35.886724],[140.169387,35.886682],[140.169269,35.886675],[140.169121,35.885573],[140.166839,35.885796],[140.166882,35.886731],[140.165801,35.887309],[140.165645,35.886983],[140.165504,35.886892],[140.164964,35.886856],[140.164187,35.886935],[140.163986,35.886373],[140.163943,35.886121],[140.163452,35.886221],[140.163432,35.886225],[140.163394,35.886045],[140.163866,35.88594],[140.163357,35.884424],[140.162905,35.884521],[140.162727,35.884003],[140.163201,35.883871],[140.163038,35.883187],[140.163593,35.882995],[140.16169,35.879704],[140.161022,35.879182],[140.159084,35.879611],[140.155911,35.879309],[140.154964,35.87988],[140.152197,35.880099],[140.151434,35.879523],[140.149085,35.87943],[140.147585,35.879726],[140.145675,35.878925],[140.144204,35.879282],[140.144123,35.879468],[140.144157,35.880452],[140.140259,35.88049],[140.140205,35.880891],[140.139767,35.881094],[140.139389,35.880221],[140.138093,35.880287],[140.13777,35.879892],[140.137689,35.879848],[140.136041,35.879996],[140.135351,35.879574],[140.135109,35.879557],[140.134515,35.87959],[140.133636,35.880544],[140.13218,35.880974],[140.129345,35.880838],[140.129264,35.881271],[140.127383,35.882104],[140.129287,35.883854]],[[140.175,35.944479],[140.172837,35.944414],[140.172217,35.946634],[140.174632,35.946394],[140.175355,35.944491],[140.175007,35.944479],[140.175,35.944479]],[[139.916667,36.15775],[139.914739,36.159348],[139.914187,36.160846],[139.914458,36.161734],[139.914561,36.162022],[139.914982,36.161855],[139.915075,36.161818],[139.914869,36.162762],[139.916834,36.163043],[139.916049,36.163828],[139.917247,36.165376],[139.918295,36.16489],[139.919277,36.166133],[139.919738,36.166109],[139.919672,36.166848],[139.919939,36.167184],[139.919179,36.167917],[139.920047,36.168708],[139.921562,36.167745],[139.921993,36.168306],[139.920562,36.168964],[139.920983,36.169488],[139.92306,36.169263],[139.922807,36.169413],[139.922938,36.1696],[139.923484,36.169761],[139.924907,36.169378],[139.926987,36.168243],[139.929233,36.166401],[139.931314,36.166896],[139.931511,36.166438],[139.93254,36.166728],[139.933045,36.165811],[139.932914,36.16568],[139.931941,36.165391],[139.933037,36.162991],[139.932585,36.162838],[139.932569,36.162832],[139.93268,36.16261],[139.932728,36.162515],[139.931755,36.161547],[139.931259,36.161622],[139.930969,36.161631],[139.930848,36.16122],[139.928733,36.160415],[139.928862,36.159701],[139.928591,36.159739],[139.928039,36.160019],[139.927496,36.159393],[139.927796,36.158916],[139.926551,36.157972],[139.924883,36.157771],[139.926408,36.156537],[139.926118,36.155294],[139.925153,36.1541],[139.926594,36.151492],[139.93036,36.1528],[139.930491,36.152706],[139.930837,36.151996],[139.931268,36.151902],[139.934172,36.15294],[139.93464,36.152117],[139.934689,36.152132],[139.935585,36.152407],[139.935108,36.153323],[139.935763,36.153744],[139.936044,36.154034],[139.936609,36.155459],[139.936852,36.155628],[139.937189,36.155693],[139.938555,36.154459],[139.940613,36.153618],[139.941283,36.155365],[139.941255,36.155888],[139.940796,36.156141],[139.940693,36.156234],[139.94089,36.156243],[139.941311,36.156318],[139.941966,36.15723],[139.942808,36.15723],[139.941245,36.160722],[139.94407,36.16104],[139.944345,36.166427],[139.94388,36.168402],[139.942495,36.169847],[139.940269,36.171053],[139.934325,36.17512],[139.93443,36.179096],[139.935075,36.181052],[139.936551,36.183655],[139.936977,36.185663],[139.937139,36.189526],[139.936823,36.191584],[139.935014,36.195259],[139.933858,36.196282],[139.931619,36.196856],[139.930097,36.196673],[139.925239,36.195001],[139.923619,36.195126],[139.922691,36.195604],[139.92094,36.19834],[139.919069,36.203143],[139.915043,36.208778],[139.914947,36.210772],[139.9169,36.216229],[139.916745,36.218539],[139.914687,36.22148],[139.910247,36.225949],[139.907176,36.228001],[139.906385,36.228764],[139.905501,36.230258],[139.907535,36.231063],[139.911747,36.231942],[139.912736,36.231345],[139.914966,36.232062],[139.915113,36.231536],[139.920425,36.232577],[139.917445,36.234069],[139.917134,36.23494],[139.918461,36.236408],[139.920478,36.236831],[139.922425,36.238773],[139.922758,36.238901],[139.923679,36.239304],[139.927241,36.238626],[139.92743,36.23935],[139.9271,36.239961],[139.927703,36.241253],[139.927432,36.242182],[139.927751,36.243362],[139.930108,36.243797],[139.930315,36.243162],[139.930321,36.243146],[139.934679,36.244002],[139.935093,36.24493],[139.936047,36.245447],[139.938427,36.244873],[139.939239,36.244309],[139.939345,36.244185],[139.939881,36.239662],[139.942672,36.231069],[139.944864,36.230649],[139.945228,36.230141],[139.945959,36.229763],[139.946281,36.22964],[139.946838,36.228747],[139.950196,36.228233],[139.95055,36.227971],[139.952236,36.228773],[139.953393,36.228928],[139.954458,36.22872],[139.956046,36.229137],[139.955671,36.231214],[139.955853,36.231824],[139.955509,36.232731],[139.955878,36.233781],[139.955428,36.234536],[139.955567,36.235523],[139.954844,36.236347],[139.954084,36.236111],[139.953689,36.236451],[139.954369,36.237264],[139.954338,36.237836],[139.955337,36.237829],[139.957172,36.232475],[139.957519,36.230359],[139.957996,36.230261],[139.959947,36.227094],[139.958574,36.226249],[139.958641,36.226141],[139.958724,36.226007],[139.960415,36.226777],[139.961644,36.226444],[139.962507,36.225915],[139.963419,36.224284],[139.964681,36.22414],[139.96577,36.224499],[139.966679,36.223944],[139.965946,36.223091],[139.967601,36.222091],[139.967993,36.222411],[139.968373,36.222729],[139.96885,36.223735],[139.969419,36.226601],[139.969301,36.227144],[139.969288,36.227372],[139.969884,36.229181],[139.969681,36.230429],[139.970001,36.233277],[139.970112,36.230097],[139.970523,36.230399],[139.971824,36.229929],[139.972289,36.229903],[139.97712,36.230256],[139.977552,36.230132],[139.977624,36.229916],[139.978846,36.229903],[139.979147,36.231216],[139.980813,36.233842],[139.981307,36.233777],[139.981212,36.233426],[139.985601,36.23372],[139.985883,36.231527],[139.98768,36.231361],[139.989314,36.229652],[139.991657,36.230572],[139.993043,36.229112],[139.994516,36.229879],[139.995431,36.230356],[139.995672,36.228977],[139.996663,36.229036],[139.996685,36.230259],[139.997467,36.232982],[139.997144,36.233114],[139.997126,36.233969],[139.997611,36.235547],[139.997227,36.237652],[139.996849,36.238338],[139.998366,36.238734],[139.998719,36.237596],[139.998337,36.236467],[139.998211,36.233546],[139.998553,36.232057],[139.998242,36.230293],[139.999392,36.228916],[139.999045,36.227069],[139.999854,36.224615],[139.998919,36.223275],[139.999537,36.222575],[140.002854,36.222375],[140.003537,36.220489],[140.003346,36.218617],[140.002782,36.217977],[140.002513,36.216846],[140.003286,36.216325],[140.004922,36.21584],[140.002538,36.212877],[140.00313,36.210609],[140.00367,36.210036],[140.00445,36.209749],[140.004473,36.208779],[140.001464,36.206967],[140.001674,36.206752],[140.003436,36.207321],[140.005907,36.205012],[140.012229,36.206618],[140.014979,36.203657],[140.017267,36.205172],[140.01762,36.205112],[140.019428,36.204807],[140.019488,36.205466],[140.019595,36.205777],[140.02079,36.206409],[140.021467,36.20717],[140.022504,36.206703],[140.023658,36.20503],[140.024954,36.203865],[140.025385,36.201478],[140.026111,36.20043],[140.025692,36.198976],[140.026321,36.198425],[140.031478,36.199845],[140.034088,36.201429],[140.036398,36.199558],[140.035628,36.199364],[140.035923,36.197646],[140.038108,36.197406],[140.038212,36.197037],[140.038259,36.196874],[140.037362,36.196687],[140.037545,36.19631],[140.036923,36.196079],[140.038043,36.195165],[140.037998,36.195032],[140.03461,36.195557],[140.034637,36.195693],[140.034705,36.196034],[140.035578,36.196218],[140.036628,36.196499],[140.035591,36.197389],[140.033122,36.196582],[140.032072,36.198538],[140.030909,36.197654],[140.031948,36.195604],[140.028125,36.195264],[140.023909,36.194291],[140.022095,36.193521],[140.019515,36.191731],[140.020385,36.190463],[140.022001,36.191305],[140.022818,36.189575],[140.022454,36.189575],[140.022259,36.189593],[140.022177,36.189206],[140.020498,36.188363],[140.020567,36.188278],[140.020863,36.187911],[140.020426,36.187682],[140.019442,36.187166],[140.020169,36.186382],[140.020621,36.185996],[140.020885,36.18477],[140.02111,36.184742],[140.021775,36.184579],[140.021947,36.183581],[140.023562,36.182881],[140.023329,36.182273],[140.021814,36.181851],[140.021628,36.181608],[140.021443,36.181276],[140.021218,36.181354],[140.020994,36.181324],[140.02073,36.180485],[140.024639,36.179244],[140.021986,36.175519],[140.021078,36.176016],[140.020853,36.175929],[140.020512,36.175782],[140.020492,36.175333],[140.017256,36.176495],[140.016504,36.175899],[140.016455,36.175772],[140.016328,36.17508],[140.014141,36.175421],[140.013319,36.172887],[140.010198,36.173579],[140.009065,36.171891],[140.007639,36.172213],[140.007066,36.168579],[140.007412,36.166339],[140.006845,36.163693],[140.006873,36.161397],[140.005077,36.158842],[140.002137,36.156056],[140.002329,36.155227],[140.00479,36.153162],[140.005505,36.152177],[140.005078,36.151403],[140.003735,36.150172],[140.004449,36.148411],[140.003993,36.147554],[140.003348,36.144001],[140.003524,36.142847],[140.002995,36.141164],[140.001123,36.137934],[139.998585,36.136462],[139.998051,36.135726],[139.996412,36.135946],[139.996526,36.136569],[139.996162,36.136684],[139.99533,36.136819],[139.992544,36.137109],[139.992482,36.136517],[139.991484,36.136528],[139.991388,36.13461],[139.991024,36.13461],[139.99092,36.133083],[139.989288,36.133041],[139.990119,36.135758],[139.979729,36.138829],[139.979734,36.138911],[139.97974,36.139016],[139.974656,36.140511],[139.974189,36.140875],[139.973821,36.141029],[139.970482,36.141808],[139.970513,36.142032],[139.97058,36.143038],[139.969907,36.143071],[139.969893,36.142352],[139.9693,36.142319],[139.969247,36.143191],[139.966598,36.14327],[139.966572,36.142651],[139.966172,36.142644],[139.966085,36.142384],[139.96438,36.142276],[139.963423,36.142311],[139.963363,36.143096],[139.961795,36.142919],[139.96171,36.14291],[139.96163,36.14257],[139.961109,36.142773],[139.960622,36.142933],[139.960815,36.144471],[139.960056,36.144531],[139.960042,36.14562],[139.959462,36.145666],[139.959522,36.146991],[139.959166,36.147211],[139.95778,36.145546],[139.95632,36.146112],[139.955704,36.145223],[139.955211,36.145449],[139.955064,36.145243],[139.954798,36.144997],[139.952066,36.144364],[139.952432,36.141666],[139.952118,36.138313],[139.949917,36.138374],[139.948801,36.136886],[139.946822,36.136633],[139.945392,36.137141],[139.94159,36.136594],[139.939824,36.137459],[139.939051,36.137452],[139.939444,36.137212],[139.939071,36.136327],[139.937209,36.134471],[139.932766,36.13735],[139.931854,36.136484],[139.9321,36.13486],[139.93107,36.134524],[139.928991,36.134757],[139.927982,36.134121],[139.927409,36.13237],[139.926282,36.13263],[139.923054,36.132463],[139.922674,36.13269],[139.922341,36.132996],[139.921901,36.133768],[139.922001,36.135465],[139.921688,36.138007],[139.922127,36.140582],[139.92148,36.141657],[139.921209,36.142936],[139.918454,36.145783],[139.918401,36.1491],[139.918934,36.15138],[139.918822,36.152948],[139.91959,36.155263],[139.921508,36.157068],[139.922855,36.157049],[139.923037,36.157559],[139.916667,36.15775]],[[139.99596,36.131929],[139.995466,36.132056],[139.995338,36.132176],[139.995196,36.133006],[139.996648,36.132333],[139.996372,36.131884],[139.996067,36.131917],[139.99596,36.131929]],[[139.923662,35.970444],[139.922826,35.986491],[139.922337,35.990665],[139.921067,35.991911],[139.920931,35.993994],[139.919289,35.995418],[139.920461,36.000107],[139.919622,36.00229],[139.918652,36.006778],[139.917132,36.006785],[139.91699,36.008666],[139.9164,36.010451],[139.916429,36.012517],[139.917042,36.013034],[139.917061,36.015255],[139.918618,36.015245],[139.91893,36.015597],[139.919683,36.015475],[139.921043,36.017468],[139.920969,36.018454],[139.920439,36.019945],[139.919802,36.020725],[139.919647,36.02174],[139.922755,36.022855],[139.926943,36.023731],[139.928886,36.023554],[139.93014,36.024615],[139.932537,36.023912],[139.932446,36.025508],[139.933975,36.025403],[139.936717,36.026129],[139.936256,36.027004],[139.937904,36.027528],[139.938398,36.026733],[139.940882,36.028001],[139.941385,36.029249],[139.941783,36.029489],[139.942536,36.028115],[139.945824,36.026113],[139.946059,36.026454],[139.947938,36.026777],[139.949149,36.026443],[139.949322,36.026671],[139.949424,36.026805],[139.949192,36.030933],[139.946389,36.03238],[139.946123,36.032991],[139.946214,36.033815],[139.947325,36.035045],[139.949273,36.035961],[139.95286,36.035413],[139.953934,36.035688],[139.954962,36.036917],[139.955364,36.03958],[139.956729,36.041626],[139.957021,36.042738],[139.956509,36.043826],[139.954038,36.043789],[139.951476,36.045611],[139.950959,36.046256],[139.950403,36.048481],[139.946625,36.050651],[139.946494,36.050987],[139.946908,36.05138],[139.952839,36.050213],[139.950715,36.049303],[139.952411,36.047039],[139.951804,36.04661],[139.952644,36.046048],[139.954311,36.046216],[139.956841,36.045349],[139.957592,36.046205],[139.958316,36.047076],[139.956591,36.05015],[139.957541,36.049743],[139.959176,36.051279],[139.957328,36.052608],[139.958045,36.053241],[139.953599,36.056993],[139.946419,36.052052],[139.944039,36.053651],[139.945618,36.055404],[139.947544,36.056772],[139.935467,36.0692],[139.934852,36.074906],[139.93856,36.075185],[139.937939,36.080907],[139.938321,36.08094],[139.938204,36.082358],[139.93879,36.087002],[139.938748,36.088356],[139.938352,36.089137],[139.934399,36.091455],[139.931278,36.089946],[139.918093,36.101913],[139.916965,36.101089],[139.915657,36.102412],[139.914421,36.102673],[139.913251,36.103472],[139.91256,36.1042],[139.912846,36.104461],[139.912274,36.104966],[139.912072,36.105125],[139.911593,36.106235],[139.908955,36.10851],[139.906552,36.111248],[139.902887,36.112434],[139.898192,36.112266],[139.900725,36.115265],[139.895505,36.118035],[139.896648,36.119706],[139.895588,36.121068],[139.89853,36.12353],[139.899122,36.125861],[139.899036,36.126036],[139.898361,36.12632],[139.897563,36.125909],[139.897333,36.125945],[139.896874,36.126175],[139.896499,36.126453],[139.896293,36.126694],[139.896757,36.126918],[139.895192,36.127959],[139.895499,36.128148],[139.89521,36.129161],[139.896284,36.129147],[139.896569,36.129138],[139.896533,36.12986],[139.896491,36.129884],[139.895065,36.129864],[139.89506,36.130457],[139.894874,36.130392],[139.894101,36.131707],[139.895951,36.132159],[139.89669,36.131198],[139.89701,36.129945],[139.89752,36.130148],[139.898416,36.130505],[139.897743,36.131107],[139.897052,36.132543],[139.893732,36.136898],[139.894751,36.13666],[139.895203,36.136594],[139.895437,36.136137],[139.897504,36.134533],[139.902902,36.137371],[139.902593,36.137744],[139.902664,36.137829],[139.90616,36.135996],[139.909078,36.135183],[139.909262,36.134461],[139.909357,36.134469],[139.909477,36.13448],[139.909426,36.134774],[139.909648,36.134771],[139.910071,36.134764],[139.91346,36.134083],[139.913488,36.133631],[139.91388,36.133472],[139.914004,36.132443],[139.916558,36.132938],[139.915765,36.135771],[139.913448,36.139835],[139.913512,36.139858],[139.914167,36.140099],[139.914374,36.139422],[139.915515,36.138769],[139.916391,36.139645],[139.916739,36.140942],[139.918024,36.141193],[139.918777,36.141688],[139.918279,36.144471],[139.918454,36.145783],[139.921209,36.142936],[139.92148,36.141657],[139.922127,36.140582],[139.921688,36.138007],[139.922121,36.133275],[139.922341,36.132996],[139.922674,36.13269],[139.923054,36.132463],[139.923554,36.13237],[139.926282,36.13263],[139.927409,36.13237],[139.927982,36.134121],[139.928991,36.134757],[139.93107,36.134524],[139.9321,36.13486],[139.931854,36.136484],[139.932766,36.13735],[139.937209,36.134471],[139.939071,36.136327],[139.939444,36.137212],[139.939051,36.137452],[139.939824,36.137459],[139.94159,36.136594],[139.945392,36.137141],[139.946822,36.136633],[139.948801,36.136886],[139.949917,36.138374],[139.952118,36.138313],[139.952432,36.141666],[139.952066,36.144364],[139.954798,36.144997],[139.955064,36.145243],[139.955211,36.145449],[139.955704,36.145223],[139.95632,36.146112],[139.95778,36.145546],[139.959166,36.147211],[139.959522,36.146991],[139.959462,36.145666],[139.960042,36.14562],[139.960056,36.144531],[139.960815,36.144471],[139.960622,36.142933],[139.961109,36.142773],[139.96163,36.14257],[139.96171,36.14291],[139.961795,36.142919],[139.963363,36.143096],[139.963423,36.142311],[139.96438,36.142276],[139.966085,36.142384],[139.966172,36.142644],[139.966572,36.142651],[139.966598,36.14327],[139.969247,36.143191],[139.9693,36.142319],[139.969893,36.142352],[139.969907,36.143071],[139.97058,36.143038],[139.970513,36.142032],[139.970482,36.141808],[139.973821,36.141029],[139.974189,36.140875],[139.974656,36.140511],[139.97974,36.139016],[139.979734,36.138911],[139.979729,36.138829],[139.990119,36.135758],[139.989288,36.133041],[139.99092,36.133083],[139.991024,36.13461],[139.991388,36.13461],[139.991484,36.136528],[139.992482,36.136517],[139.992544,36.137109],[139.996526,36.136569],[139.996412,36.135946],[139.998051,36.135726],[139.998221,36.134959],[139.999504,36.133383],[139.999708,36.132125],[139.9994,36.130687],[139.998148,36.12869],[139.99581,36.128272],[139.995799,36.127837],[139.995846,36.12706],[139.99654,36.126484],[139.996188,36.125783],[139.99644,36.125392],[139.997797,36.125314],[139.99805,36.124781],[139.997672,36.124261],[139.997741,36.12406],[139.997853,36.124008],[140.000513,36.124229],[140.001604,36.123263],[140.002074,36.123349],[140.001623,36.121804],[140.002926,36.120944],[140.002412,36.119712],[140.002862,36.118262],[140.00176,36.115726],[140.002063,36.113552],[140.00031,36.111564],[139.999322,36.109299],[139.999055,36.109148],[139.998731,36.108924],[139.997694,36.109223],[139.997513,36.108882],[139.998716,36.108176],[139.998789,36.108016],[139.998893,36.107521],[139.998617,36.106772],[140.000104,36.106742],[140.002754,36.102079],[140.006285,36.103054],[140.00721,36.101596],[140.008506,36.100781],[140.009131,36.099424],[140.00892,36.097259],[140.007667,36.095899],[140.007249,36.095041],[140.004321,36.09358],[140.00287,36.092328],[139.999607,36.090956],[139.998265,36.090089],[139.998489,36.089224],[139.998321,36.088608],[139.999116,36.086525],[139.999688,36.08572],[140.000962,36.086322],[140.001659,36.086307],[140.001786,36.086305],[140.002387,36.085086],[140.001911,36.084067],[140.002047,36.083532],[140.003084,36.082861],[140.004319,36.080953],[140.0042,36.079178],[140.004965,36.076701],[140.004208,36.076404],[140.002151,36.076471],[140.001353,36.076225],[140.001519,36.074129],[140.002845,36.073899],[140.005132,36.07429],[140.006802,36.074239],[140.008148,36.071523],[140.008735,36.071039],[140.011549,36.071787],[140.011608,36.071574],[140.011617,36.071438],[140.008378,36.070054],[140.00797,36.06906],[140.006166,36.067237],[140.005746,36.066334],[140.005541,36.065408],[140.005746,36.065203],[140.008069,36.06597],[140.008869,36.064717],[140.00911,36.063547],[140.008366,36.063255],[140.006286,36.064105],[140.005649,36.063612],[140.005529,36.063063],[140.006582,36.062354],[140.007337,36.062475],[140.010229,36.061758],[140.009149,36.060181],[140.010569,36.059274],[140.011479,36.05943],[140.015285,36.0615],[140.015965,36.060659],[140.016072,36.058896],[140.019143,36.055493],[140.022861,36.052786],[140.024332,36.051393],[140.026162,36.048635],[140.026842,36.047089],[140.026776,36.04551],[140.025841,36.044482],[140.02562,36.042945],[140.025678,36.042344],[140.02675,36.04124],[140.026775,36.040442],[140.027285,36.039872],[140.026912,36.036732],[140.027269,36.036002],[140.028742,36.034909],[140.029261,36.033635],[140.024803,36.029199],[140.024072,36.028876],[140.022398,36.029445],[140.022168,36.029445],[140.021743,36.029318],[140.019894,36.027167],[140.015665,36.026586],[140.012911,36.027105],[140.011401,36.02656],[140.010908,36.025846],[140.013365,36.025354],[140.013507,36.025273],[140.013556,36.025181],[140.013305,36.024585],[140.011155,36.024488],[140.010405,36.022893],[140.008476,36.022604],[140.008867,36.02212],[140.008553,36.021194],[140.007869,36.020398],[140.006475,36.019872],[140.006399,36.019124],[140.00605,36.018776],[140.005124,36.018759],[140.004376,36.019872],[140.003619,36.020118],[140.001709,36.018664],[140.002041,36.017815],[140.001505,36.017586],[139.999686,36.019434],[139.99881,36.018851],[139.999125,36.017603],[139.997258,36.015975],[139.996394,36.015599],[139.994872,36.016019],[139.993983,36.015673],[139.99388,36.01488],[139.995393,36.013408],[139.995262,36.012366],[139.994391,36.011683],[139.993656,36.011494],[139.993385,36.011625],[139.993337,36.012647],[139.991532,36.01254],[139.991391,36.012008],[139.995207,36.008083],[139.995829,36.0066],[139.997405,36.00662],[139.997634,36.005864],[139.997846,36.005235],[140.002435,36.006172],[140.003172,36.003898],[140.002186,36.003693],[140.001124,36.003473],[140.001192,36.003201],[140.001889,36.000983],[139.997257,36.000066],[139.996532,36.002471],[139.993983,36.00196],[139.993898,36.001529],[139.992879,36.00136],[139.992252,36.000018],[139.990386,35.99943],[139.988795,35.99729],[139.987529,35.996713],[139.986638,35.996664],[139.984602,35.997697],[139.983044,35.99776],[139.982246,35.998185],[139.982417,35.998606],[139.983946,35.999371],[139.984315,36.00028],[139.983946,36.000844],[139.983308,36.001071],[139.980978,36.000845],[139.980894,36.0032],[139.980307,36.003515],[139.980765,36.004867],[139.980617,36.005885],[139.979666,36.00658],[139.977377,36.005844],[139.976299,36.003502],[139.972389,36.003455],[139.972361,36.001874],[139.973025,36.000052],[139.976487,35.994708],[139.975126,35.99293],[139.973752,35.992191],[139.972773,35.991058],[139.972735,35.990371],[139.972759,35.990266],[139.973418,35.989725],[139.973222,35.989217],[139.97349,35.988662],[139.97295,35.987598],[139.973184,35.986596],[139.973369,35.986602],[139.97442,35.986634],[139.974869,35.983563],[139.974712,35.980749],[139.973309,35.980519],[139.97211,35.97796],[139.969461,35.97695],[139.969553,35.976085],[139.968892,35.975927],[139.968411,35.976613],[139.968343,35.976609],[139.967395,35.976402],[139.967374,35.975978],[139.965282,35.975114],[139.964501,35.975257],[139.963658,35.974694],[139.962802,35.974849],[139.962551,35.975374],[139.960785,35.975666],[139.960761,35.975686],[139.960724,35.975973],[139.958798,35.976171],[139.956899,35.977521],[139.954061,35.977574],[139.951398,35.977999],[139.949818,35.977697],[139.948436,35.978382],[139.946308,35.978117],[139.943039,35.97834],[139.941614,35.978725],[139.939951,35.978179],[139.939807,35.977236],[139.939459,35.976943],[139.935381,35.975108],[139.936961,35.972985],[139.936538,35.972519],[139.934234,35.971573],[139.933535,35.971013],[139.933535,35.969691],[139.934038,35.968375],[139.93231,35.969491],[139.923662,35.970444]],[[140.5,36.492018],[140.499803,36.49272],[140.500192,36.494629],[140.500054,36.496635],[140.499467,36.497367],[140.498167,36.498082],[140.496248,36.497928],[140.495917,36.497773],[140.495598,36.497395],[140.49537,36.496781],[140.495927,36.494935],[140.49572,36.49469],[140.493525,36.494516],[140.491072,36.493468],[140.489315,36.493635],[140.482164,36.498799],[140.474494,36.502201],[140.469392,36.503503],[140.463155,36.506832],[140.461439,36.508149],[140.45888,36.511193],[140.458119,36.511674],[140.458332,36.513507],[140.459176,36.516427],[140.458277,36.519837],[140.458092,36.520166],[140.457888,36.520382],[140.457231,36.520756],[140.456801,36.520976],[140.45203,36.522659],[140.449046,36.52435],[140.448749,36.527987],[140.447182,36.529783],[140.445894,36.532133],[140.444096,36.534325],[140.443568,36.53636],[140.44541,36.537916],[140.444956,36.538514],[140.444132,36.540976],[140.442501,36.542691],[140.44292,36.543144],[140.444056,36.543449],[140.446901,36.542049],[140.449907,36.54103],[140.4523,36.541444],[140.452577,36.541525],[140.452688,36.541565],[140.452156,36.542502],[140.45205,36.543421],[140.452831,36.544964],[140.45205,36.545246],[140.451736,36.545332],[140.446124,36.545249],[140.442851,36.547618],[140.442611,36.548172],[140.442776,36.548736],[140.442708,36.548774],[140.441717,36.549304],[140.440841,36.549126],[140.440263,36.55002],[140.440445,36.550334],[140.440617,36.550562],[140.440953,36.550462],[140.440917,36.550083],[140.441071,36.550064],[140.441671,36.550573],[140.441965,36.550519],[140.442544,36.551019],[140.442404,36.551633],[140.443404,36.552073],[140.442152,36.55269],[140.441183,36.554525],[140.439559,36.555563],[140.440181,36.556204],[140.43987,36.55846],[140.439651,36.55863],[140.439465,36.55885],[140.439364,36.559658],[140.438173,36.559911],[140.436803,36.558565],[140.435741,36.558614],[140.434724,36.559619],[140.43421,36.561215],[140.432954,36.562574],[140.433054,36.564234],[140.431982,36.565175],[140.430788,36.56696],[140.431912,36.567348],[140.433006,36.566454],[140.432998,36.566953],[140.433893,36.566787],[140.434811,36.567219],[140.437106,36.566916],[140.438202,36.567286],[140.43941,36.567077],[140.439151,36.568824],[140.439297,36.569326],[140.440039,36.56966],[140.440115,36.569789],[140.440237,36.570116],[140.440291,36.570901],[140.439634,36.571499],[140.438839,36.573502],[140.437348,36.573459],[140.434754,36.575584],[140.434248,36.577153],[140.434661,36.577492],[140.435113,36.579238],[140.434485,36.581151],[140.433479,36.582226],[140.432451,36.582388],[140.431916,36.583521],[140.432743,36.584902],[140.431783,36.585341],[140.429656,36.585583],[140.42842,36.586474],[140.429273,36.58791],[140.429279,36.590725],[140.427299,36.592393],[140.427236,36.592696],[140.427276,36.593036],[140.427607,36.593737],[140.427892,36.594091],[140.426472,36.594929],[140.428205,36.596079],[140.429405,36.600907],[140.431225,36.602366],[140.431048,36.603596],[140.430848,36.603922],[140.430461,36.604331],[140.430626,36.604843],[140.430985,36.605027],[140.431527,36.605146],[140.433491,36.60505],[140.434479,36.605626],[140.434815,36.606494],[140.434225,36.60723],[140.434228,36.607756],[140.433643,36.608085],[140.433651,36.609026],[140.435641,36.611477],[140.435318,36.612709],[140.435524,36.613507],[140.434913,36.614486],[140.434622,36.614583],[140.434503,36.614647],[140.433836,36.61438],[140.433522,36.615274],[140.4331,36.615572],[140.431266,36.61606],[140.429993,36.618318],[140.429012,36.618592],[140.428185,36.619875],[140.427512,36.620353],[140.427305,36.620497],[140.426655,36.620506],[140.426077,36.621476],[140.424651,36.621771],[140.423624,36.624625],[140.423521,36.62555],[140.423926,36.626697],[140.423288,36.628299],[140.422546,36.628248],[140.421324,36.628851],[140.420336,36.629854],[140.418065,36.630199],[140.417797,36.63041],[140.417386,36.63099],[140.415787,36.631231],[140.414549,36.63197],[140.415137,36.633357],[140.415855,36.633628],[140.416266,36.634],[140.416386,36.634214],[140.416591,36.635478],[140.415929,36.636299],[140.416294,36.636947],[140.417207,36.63718],[140.416897,36.638202],[140.417029,36.639431],[140.417886,36.639883],[140.41796,36.640563],[140.418968,36.640463],[140.420631,36.641338],[140.42074,36.642092],[140.421928,36.642879],[140.422293,36.643961],[140.422818,36.644117],[140.423109,36.64508],[140.423897,36.645951],[140.424047,36.646733],[140.42489,36.647302],[140.425284,36.648256],[140.428143,36.646665],[140.428451,36.6466],[140.428685,36.646623],[140.429477,36.647064],[140.429762,36.647202],[140.430191,36.648441],[140.432486,36.650566],[140.432218,36.651772],[140.432406,36.652093],[140.432703,36.652487],[140.432993,36.653762],[140.433341,36.653504],[140.433347,36.653506],[140.433929,36.653624],[140.434705,36.654499],[140.435469,36.654164],[140.436657,36.654826],[140.437263,36.654393],[140.437286,36.653008],[140.437235,36.65284],[140.436596,36.652069],[140.437104,36.651732],[140.436756,36.650964],[140.4378,36.650292],[140.442561,36.653054],[140.443143,36.652875],[140.444306,36.652659],[140.444368,36.653017],[140.446354,36.654926],[140.446314,36.656775],[140.44765,36.659479],[140.447918,36.659745],[140.448123,36.659924],[140.449767,36.66038],[140.450654,36.659829],[140.452287,36.660813],[140.452715,36.662069],[140.452595,36.663599],[140.453011,36.664398],[140.452361,36.664732],[140.451848,36.665761],[140.452801,36.666678],[140.452914,36.667087],[140.452897,36.667238],[140.451831,36.66756],[140.451772,36.66822],[140.450296,36.66917],[140.449301,36.669614],[140.447781,36.669642],[140.446437,36.67046],[140.445699,36.671601],[140.445761,36.672097],[140.445093,36.672434],[140.444581,36.673733],[140.443365,36.674643],[140.443171,36.675518],[140.444161,36.676769],[140.445576,36.677263],[140.446396,36.678445],[140.448662,36.679342],[140.44979,36.680375],[140.449586,36.682348],[140.45287,36.686884],[140.455239,36.687459],[140.45422,36.688093],[140.453633,36.688972],[140.452204,36.690128],[140.45227,36.692562],[140.451403,36.693849],[140.450845,36.693711],[140.45022,36.693102],[140.448557,36.694254],[140.446749,36.693588],[140.44596,36.69367],[140.445047,36.694257],[140.444453,36.695245],[140.445185,36.695869],[140.44438,36.697285],[140.442702,36.698731],[140.441872,36.698869],[140.442731,36.699633],[140.443898,36.699464],[140.444702,36.70066],[140.4444,36.701254],[140.443432,36.701873],[140.443406,36.702588],[140.442914,36.702593],[140.442464,36.702215],[140.441772,36.702542],[140.443011,36.703913],[140.44235,36.704347],[140.4428,36.704777],[140.442657,36.705258],[140.440818,36.705109],[140.44171,36.705693],[140.440125,36.707919],[140.440888,36.708278],[140.440878,36.708738],[140.439766,36.708728],[140.439795,36.709914],[140.438673,36.710278],[140.437803,36.710227],[140.438089,36.710733],[140.437278,36.711612],[140.437324,36.712359],[140.436765,36.713398],[140.437842,36.713565],[140.43818,36.714481],[140.436905,36.714819],[140.432171,36.712892],[140.431352,36.712201],[140.430363,36.712262],[140.43003,36.713475],[140.428538,36.714118],[140.428901,36.715479],[140.428736,36.716362],[140.427122,36.71733],[140.426827,36.718879],[140.427743,36.719785],[140.426499,36.720378],[140.427185,36.721411],[140.426806,36.722362],[140.427117,36.724627],[140.426149,36.725272],[140.42597,36.725262],[140.425668,36.725205],[140.42536,36.724565],[140.42417,36.723815],[140.422326,36.724409],[140.420457,36.723979],[140.419145,36.724264],[140.418788,36.724905],[140.418628,36.726829],[140.417673,36.72726],[140.418562,36.728941],[140.418412,36.729798],[140.417041,36.729386],[140.415318,36.729898],[140.414975,36.730455],[140.415157,36.732088],[140.416265,36.732961],[140.417662,36.733504],[140.419755,36.733699],[140.421499,36.733407],[140.424912,36.734725],[140.427107,36.734973],[140.42767,36.735547],[140.428053,36.736764],[140.428447,36.736938],[140.429578,36.73656],[140.430762,36.73568],[140.432598,36.735231],[140.433511,36.734477],[140.435606,36.733771],[140.436144,36.733045],[140.437274,36.732504],[140.438282,36.731286],[140.439247,36.730869],[140.439641,36.73003],[140.440874,36.72964],[140.441509,36.72898],[140.444027,36.729155],[140.445077,36.729682],[140.445369,36.730511],[140.447118,36.730588],[140.448221,36.731819],[140.449983,36.732357],[140.449676,36.735424],[140.44905,36.737511],[140.449357,36.738206],[140.450615,36.738782],[140.450999,36.739601],[140.449798,36.740945],[140.448856,36.741323],[140.448541,36.741921],[140.449335,36.742351],[140.44806,36.743594],[140.448624,36.744079],[140.448049,36.745976],[140.447547,36.746723],[140.447532,36.748917],[140.449429,36.747834],[140.451378,36.748287],[140.451588,36.748681],[140.451019,36.749411],[140.451163,36.749866],[140.455171,36.751075],[140.455788,36.751636],[140.456751,36.751958],[140.458301,36.754264],[140.459635,36.753122],[140.460792,36.75297],[140.460991,36.7522],[140.461897,36.751907],[140.463121,36.750155],[140.463358,36.749192],[140.464346,36.748861],[140.466239,36.74625],[140.467629,36.745859],[140.468201,36.746009],[140.468812,36.747428],[140.469842,36.748463],[140.469141,36.749118],[140.46908,36.750123],[140.467746,36.750735],[140.46645,36.750946],[140.465926,36.751452],[140.465751,36.751891],[140.466257,36.752343],[140.46636,36.752565],[140.466396,36.753005],[140.465372,36.754145],[140.466011,36.754665],[140.465702,36.755604],[140.466358,36.755846],[140.467834,36.758272],[140.468961,36.75917],[140.46973,36.759408],[140.469934,36.76016],[140.469529,36.760558],[140.469586,36.76184],[140.469076,36.76314],[140.46861,36.763388],[140.468977,36.764518],[140.468539,36.76482],[140.467987,36.765933],[140.468062,36.769059],[140.467715,36.769518],[140.466997,36.769651],[140.466939,36.77109],[140.465806,36.772437],[140.465789,36.77372],[140.465323,36.774417],[140.465663,36.776013],[140.465248,36.776373],[140.465231,36.777554],[140.464469,36.779085],[140.465568,36.782079],[140.464986,36.782545],[140.464595,36.783691],[140.464027,36.784354],[140.464082,36.785041],[140.463162,36.78608],[140.463437,36.78703],[140.462343,36.790623],[140.463725,36.791602],[140.464974,36.791315],[140.467647,36.792289],[140.47057,36.794194],[140.472346,36.794925],[140.473064,36.795767],[140.474297,36.795797],[140.475666,36.79672],[140.476441,36.796577],[140.477373,36.797047],[140.47862,36.796942],[140.47788,36.798197],[140.478327,36.798798],[140.480048,36.799508],[140.48009,36.802263],[140.48059,36.803736],[140.48263,36.804556],[140.48348,36.805273],[140.483946,36.806393],[140.484584,36.80648],[140.485359,36.807273],[140.485272,36.808006],[140.485318,36.808084],[140.48549,36.808212],[140.489323,36.809577],[140.489184,36.811076],[140.489733,36.812403],[140.489297,36.812718],[140.489617,36.81347],[140.488496,36.814755],[140.487861,36.814905],[140.48844,36.816785],[140.487298,36.817461],[140.488,36.818363],[140.489241,36.818754],[140.490425,36.818389],[140.491236,36.819449],[140.49212,36.819239],[140.492792,36.819476],[140.49336,36.819152],[140.49333,36.818442],[140.493405,36.818371],[140.493608,36.818239],[140.494469,36.818728],[140.495761,36.818141],[140.496674,36.819141],[140.497902,36.819264],[140.49986,36.819034],[140.501481,36.818173],[140.503386,36.819515],[140.502974,36.821436],[140.503712,36.822795],[140.503835,36.822886],[140.504424,36.82317],[140.504852,36.823282],[140.508367,36.822298],[140.509522,36.822453],[140.510577,36.821913],[140.511555,36.822228],[140.511877,36.823122],[140.512235,36.823352],[140.513915,36.823443],[140.514723,36.825128],[140.515926,36.825722],[140.516863,36.826851],[140.517045,36.829033],[140.517601,36.829804],[140.517954,36.83143],[140.517483,36.832618],[140.51774,36.83295],[140.519088,36.833228],[140.519484,36.833741],[140.519586,36.835523],[140.519104,36.83624],[140.520575,36.836892],[140.521924,36.837114],[140.521982,36.83785],[140.522049,36.83792],[140.522232,36.838025],[140.524283,36.838692],[140.526826,36.839081],[140.528483,36.839995],[140.528336,36.841525],[140.529067,36.842161],[140.528193,36.843755],[140.528927,36.844641],[140.528696,36.845041],[140.52871,36.846747],[140.527722,36.84758],[140.527924,36.848366],[140.531411,36.849843],[140.532734,36.850107],[140.533314,36.851271],[140.535122,36.852113],[140.535739,36.853601],[140.53765,36.85544],[140.537529,36.857048],[140.538036,36.858856],[140.540884,36.859581],[140.542989,36.858709],[140.544323,36.85869],[140.545326,36.858151],[140.546851,36.858257],[140.54824,36.859207],[140.549839,36.859151],[140.550254,36.859601],[140.551316,36.859695],[140.551547,36.859765],[140.551969,36.860918],[140.552984,36.860954],[140.554318,36.861459],[140.556912,36.860054],[140.559187,36.861301],[140.560527,36.863473],[140.562027,36.863212],[140.563044,36.862568],[140.564143,36.862568],[140.565106,36.862212],[140.564988,36.863043],[140.565637,36.864018],[140.569147,36.86219],[140.569783,36.859338],[140.568522,36.858988],[140.568309,36.858116],[140.568688,36.857571],[140.568662,36.857024],[140.567339,36.855938],[140.567063,36.855102],[140.566178,36.85491],[140.56512,36.854185],[140.563036,36.852138],[140.563874,36.851097],[140.564036,36.850064],[140.563819,36.849847],[140.560049,36.849889],[140.55844,36.84883],[140.558381,36.848344],[140.558653,36.848042],[140.558054,36.847608],[140.557929,36.847],[140.55816,36.846309],[140.559075,36.845672],[140.558719,36.844889],[140.558245,36.844298],[140.556231,36.843862],[140.555508,36.842953],[140.556944,36.842031],[140.559744,36.840971],[140.560207,36.840265],[140.560079,36.839626],[140.560369,36.839037],[140.560112,36.836682],[140.560643,36.835656],[140.561306,36.835096],[140.560039,36.834004],[140.560272,36.833387],[140.560051,36.831536],[140.560329,36.830106],[140.559336,36.829243],[140.558952,36.828176],[140.5569,36.826305],[140.556148,36.826211],[140.555433,36.826783],[140.55482,36.826685],[140.553638,36.824698],[140.550128,36.821457],[140.55023,36.820816],[140.549273,36.819598],[140.549216,36.817881],[140.548656,36.816986],[140.548031,36.816553],[140.547124,36.815024],[140.544537,36.812638],[140.544451,36.812339],[140.54495,36.811787],[140.545771,36.812053],[140.546989,36.810864],[140.54656,36.80967],[140.547054,36.808571],[140.545444,36.807962],[140.545469,36.807459],[140.544201,36.806683],[140.543781,36.805784],[140.540768,36.805424],[140.54018,36.804513],[140.540184,36.802771],[140.53971,36.802162],[140.540335,36.801476],[140.540347,36.799943],[140.539918,36.798832],[140.539739,36.796956],[140.540662,36.796379],[140.541917,36.79501],[140.541663,36.791896],[140.542779,36.790519],[140.542481,36.78982],[140.541312,36.789014],[140.540993,36.788099],[140.541737,36.787686],[140.544766,36.787147],[140.54522,36.786195],[140.543822,36.784936],[140.541006,36.784319],[140.540785,36.781862],[140.539408,36.780963],[140.538791,36.779929],[140.537536,36.779332],[140.537388,36.777399],[140.536563,36.776622],[140.535787,36.774918],[140.536285,36.772421],[140.537961,36.771996],[140.538885,36.772245],[140.541337,36.77144],[140.541705,36.769781],[140.542298,36.768984],[140.542196,36.767202],[140.543083,36.766838],[140.543917,36.764775],[140.545964,36.763062],[140.546684,36.762948],[140.547963,36.762171],[140.549532,36.762085],[140.550828,36.762813],[140.552214,36.764627],[140.553264,36.764194],[140.553673,36.763581],[140.55467,36.762997],[140.557625,36.761759],[140.558476,36.759924],[140.557748,36.759536],[140.556951,36.756654],[140.555876,36.755612],[140.555684,36.754002],[140.555933,36.753381],[140.554866,36.752316],[140.554774,36.751851],[140.554801,36.751049],[140.557387,36.749888],[140.557436,36.749472],[140.556802,36.748369],[140.558053,36.747546],[140.557604,36.746292],[140.556959,36.746205],[140.556039,36.74666],[140.555149,36.74515],[140.555571,36.743923],[140.556454,36.743154],[140.556264,36.742603],[140.557279,36.742063],[140.558162,36.740759],[140.559381,36.740418],[140.559307,36.739153],[140.559328,36.739072],[140.559649,36.738745],[140.561399,36.737912],[140.560142,36.735992],[140.562002,36.734544],[140.561579,36.733041],[140.55984,36.73251],[140.559624,36.731412],[140.558074,36.731733],[140.558282,36.730848],[140.557629,36.730385],[140.556701,36.730245],[140.556293,36.729696],[140.556705,36.729053],[140.557032,36.727505],[140.557682,36.727162],[140.557882,36.72653],[140.559222,36.725849],[140.55921,36.724015],[140.558741,36.723407],[140.559064,36.722552],[140.558055,36.720916],[140.557416,36.718874],[140.556123,36.718368],[140.556038,36.717602],[140.555113,36.717341],[140.555081,36.716248],[140.554256,36.715128],[140.55477,36.713548],[140.553962,36.712869],[140.552211,36.712445],[140.551412,36.712594],[140.551048,36.711509],[140.549824,36.711003],[140.549614,36.710946],[140.549336,36.710951],[140.548199,36.711628],[140.547201,36.711761],[140.546358,36.710958],[140.545314,36.710833],[140.544503,36.710381],[140.543613,36.71061],[140.543144,36.709908],[140.542603,36.710098],[140.540962,36.709128],[140.540122,36.707155],[140.541249,36.706027],[140.541358,36.705261],[140.541035,36.704044],[140.54198,36.703096],[140.542801,36.701231],[140.541779,36.699172],[140.540771,36.698887],[140.539461,36.697607],[140.538545,36.697768],[140.537499,36.697272],[140.538561,36.695062],[140.539466,36.69408],[140.538971,36.69287],[140.539492,36.690547],[140.539401,36.689538],[140.540871,36.688707],[140.541523,36.686556],[140.542909,36.685548],[140.544464,36.684989],[140.544496,36.683921],[140.54549,36.68264],[140.545313,36.682001],[140.543425,36.681744],[140.543455,36.681486],[140.547899,36.679582],[140.548923,36.680304],[140.549909,36.678913],[140.54876,36.677402],[140.550418,36.676451],[140.550004,36.675584],[140.549287,36.675095],[140.549207,36.672662],[140.547184,36.671935],[140.547827,36.670534],[140.547468,36.66971],[140.54945,36.669303],[140.549343,36.667998],[140.549787,36.667534],[140.548684,36.66593],[140.547688,36.666615],[140.54657,36.666654],[140.545131,36.667785],[140.540907,36.665937],[140.540306,36.664408],[140.540281,36.662935],[140.542056,36.661824],[140.541897,36.658278],[140.541325,36.657537],[140.540905,36.655816],[140.541062,36.654516],[140.537666,36.653927],[140.537329,36.655494],[140.535902,36.65558],[140.535615,36.65615],[140.535411,36.656199],[140.534892,36.656141],[140.533345,36.655339],[140.532973,36.654003],[140.531005,36.651034],[140.530873,36.650899],[140.530513,36.650745],[140.526651,36.650048],[140.526196,36.650144],[140.525968,36.65027],[140.524845,36.651364],[140.519366,36.651159],[140.517817,36.651574],[140.517446,36.650811],[140.516784,36.650432],[140.516699,36.649858],[140.518247,36.645642],[140.517469,36.645177],[140.517409,36.643434],[140.517817,36.642709],[140.519159,36.641461],[140.520023,36.641587],[140.522098,36.640881],[140.523192,36.641152],[140.523815,36.640843],[140.524008,36.640156],[140.525627,36.639088],[140.525592,36.638267],[140.526912,36.63729],[140.526565,36.636341],[140.527668,36.635171],[140.528018,36.634279],[140.528726,36.633863],[140.530381,36.631763],[140.532144,36.63098],[140.532635,36.629637],[140.533176,36.629218],[140.533176,36.628542],[140.534916,36.628105],[140.5353,36.627515],[140.537496,36.626527],[140.537676,36.624244],[140.537304,36.623423],[140.537929,36.619754],[140.538853,36.618591],[140.539248,36.617383],[140.541254,36.617151],[140.541685,36.616697],[140.542743,36.613145],[140.545191,36.615001],[140.547713,36.620469],[140.54914,36.621241],[140.55023,36.620778],[140.551552,36.620778],[140.552832,36.619486],[140.553496,36.619233],[140.553683,36.619262],[140.553867,36.619291],[140.55491,36.620411],[140.556975,36.620857],[140.557574,36.622065],[140.559099,36.62222],[140.562678,36.621341],[140.564458,36.621775],[140.56587,36.621592],[140.567057,36.622278],[140.568978,36.622375],[140.570317,36.623263],[140.572025,36.623257],[140.572661,36.623924],[140.575878,36.62436],[140.578445,36.62263],[140.579167,36.621837],[140.580284,36.621518],[140.582073,36.621521],[140.583282,36.620889],[140.584169,36.621488],[140.585277,36.621624],[140.585744,36.621981],[140.587714,36.620983],[140.586716,36.619221],[140.585433,36.618168],[140.585158,36.617549],[140.585312,36.616859],[140.584844,36.616462],[140.585336,36.615892],[140.58548,36.614488],[140.584785,36.614218],[140.584701,36.613395],[140.583898,36.612874],[140.583405,36.611896],[140.582746,36.611539],[140.58589,36.609899],[140.586827,36.608364],[140.587927,36.607637],[140.588335,36.606883],[140.587769,36.606241],[140.58764,36.604474],[140.586668,36.604057],[140.585069,36.602168],[140.585588,36.601018],[140.584833,36.599761],[140.585685,36.59887],[140.584233,36.599005],[140.584377,36.598464],[140.584288,36.598168],[140.584124,36.597968],[140.582626,36.596558],[140.582235,36.596349],[140.581798,36.596171],[140.580772,36.594951],[140.58066,36.594714],[140.580645,36.594544],[140.581933,36.591697],[140.580956,36.589646],[140.579445,36.589047],[140.579289,36.588892],[140.579061,36.588632],[140.578569,36.587654],[140.578972,36.586356],[140.577991,36.585963],[140.577961,36.585282],[140.578233,36.584854],[140.578459,36.584489],[140.579379,36.583891],[140.578942,36.58304],[140.579953,36.582527],[140.580224,36.580523],[140.579244,36.579876],[140.578882,36.578268],[140.578905,36.575283],[140.578363,36.573565],[140.578409,36.573273],[140.57862,36.573115],[140.579751,36.572823],[140.581155,36.57325],[140.581804,36.573821],[140.583326,36.573906],[140.583206,36.573554],[140.583869,36.572115],[140.582995,36.571578],[140.58264,36.569356],[140.583048,36.568381],[140.582121,36.567551],[140.582392,36.566652],[140.582309,36.565384],[140.582354,36.565298],[140.582535,36.565153],[140.583726,36.56514],[140.585373,36.564322],[140.5848,36.563544],[140.58474,36.563288],[140.5848,36.562459],[140.58652,36.561539],[140.585909,36.559431],[140.586083,36.558218],[140.58772,36.557852],[140.590023,36.555136],[140.590118,36.55514],[140.591486,36.555185],[140.59239,36.553501],[140.592255,36.552772],[140.592134,36.552541],[140.591267,36.55137],[140.592006,36.550322],[140.591984,36.549542],[140.592526,36.548731],[140.591975,36.546813],[140.591146,36.546327],[140.590694,36.545217],[140.590814,36.5445],[140.589946,36.543353],[140.591947,36.541032],[140.591676,36.539446],[140.591993,36.538692],[140.594657,36.538388],[140.596573,36.536743],[140.596822,36.535098],[140.597441,36.534135],[140.597291,36.533044],[140.598302,36.5316],[140.5984,36.530674],[140.598943,36.530223],[140.599668,36.528763],[140.59966,36.528346],[140.599645,36.527142],[140.600476,36.525824],[140.601576,36.525276],[140.599131,36.523412],[140.600006,36.521359],[140.597348,36.520536],[140.596127,36.520402],[140.594902,36.520396],[140.593304,36.5198],[140.593159,36.519269],[140.592918,36.519026],[140.592722,36.518977],[140.590129,36.519463],[140.590023,36.51911],[140.590008,36.518915],[140.590234,36.518465],[140.590522,36.518092],[140.591894,36.517375],[140.592279,36.51629],[140.592995,36.515844],[140.593055,36.515783],[140.592088,36.514644],[140.590188,36.514669],[140.589419,36.514],[140.587787,36.514048],[140.587108,36.513415],[140.586988,36.513366],[140.585553,36.513683],[140.584568,36.513587],[140.584737,36.512928],[140.583305,36.512721],[140.583107,36.513929],[140.582918,36.515074],[140.581817,36.515573],[140.581424,36.516688],[140.578196,36.517807],[140.576898,36.515303],[140.577486,36.51468],[140.576544,36.513438],[140.576118,36.513785],[140.57357,36.513955],[140.574581,36.506951],[140.566473,36.50783],[140.565748,36.507821],[140.564571,36.507805],[140.564787,36.505119],[140.564275,36.505113],[140.563814,36.505108],[140.561634,36.504374],[140.56151,36.502807],[140.559855,36.503393],[140.558104,36.503363],[140.5584,36.501608],[140.559968,36.501952],[140.561083,36.50129],[140.561391,36.500824],[140.561625,36.500391],[140.562119,36.498548],[140.562085,36.498024],[140.5598,36.49462],[140.557654,36.495164],[140.556712,36.495731],[140.555591,36.497552],[140.555365,36.500145],[140.55521,36.500596],[140.554944,36.501014],[140.55306,36.503154],[140.550772,36.504335],[140.548124,36.504748],[140.542515,36.504073],[140.541109,36.503153],[140.54057,36.501646],[140.539613,36.500658],[140.538072,36.500179],[140.535507,36.499962],[140.533476,36.50068],[140.529655,36.503153],[140.525047,36.503911],[140.522523,36.503917],[140.515901,36.503395],[140.511345,36.502048],[140.510194,36.501273],[140.508942,36.49825],[140.507547,36.496091],[140.505877,36.494455],[140.504417,36.494024],[140.503746,36.493175],[140.503063,36.492141],[140.503138,36.490535],[140.502526,36.490226],[140.502222,36.490226],[140.501807,36.490389],[140.5,36.492018]],[[140.557807,36.714598],[140.556677,36.714608],[140.55477,36.713548],[140.554265,36.714818],[140.555081,36.716248],[140.55515,36.71742],[140.556038,36.717602],[140.556123,36.718368],[140.557359,36.718797],[140.558019,36.720207],[140.558055,36.720916],[140.559064,36.722552],[140.558741,36.723407],[140.559181,36.723881],[140.559254,36.72578],[140.557882,36.72653],[140.557682,36.727162],[140.557032,36.727505],[140.556705,36.729053],[140.556293,36.729696],[140.556701,36.730245],[140.557629,36.730385],[140.558282,36.730848],[140.558074,36.731733],[140.559624,36.731412],[140.559721,36.73238],[140.561579,36.733041],[140.562013,36.734387],[140.561796,36.734852],[140.560684,36.735386],[140.560142,36.735992],[140.561399,36.737912],[140.559649,36.738745],[140.559328,36.739072],[140.559307,36.739153],[140.559381,36.740418],[140.558162,36.740759],[140.557279,36.742063],[140.556264,36.742603],[140.556454,36.743154],[140.555571,36.743923],[140.555149,36.74515],[140.556039,36.74666],[140.556959,36.746205],[140.557604,36.746292],[140.558053,36.747546],[140.556802,36.748369],[140.557484,36.749758],[140.556591,36.750408],[140.554801,36.751049],[140.55478,36.752083],[140.555933,36.753381],[140.555684,36.754002],[140.555876,36.755612],[140.556951,36.756654],[140.557748,36.759536],[140.558476,36.759956],[140.557568,36.761808],[140.55467,36.762997],[140.553673,36.763581],[140.553264,36.764194],[140.552214,36.764627],[140.550828,36.762813],[140.549532,36.762085],[140.547963,36.762171],[140.545887,36.763111],[140.543917,36.764775],[140.543083,36.766838],[140.542196,36.767202],[140.542298,36.768984],[140.541705,36.769781],[140.541337,36.77144],[140.538885,36.772245],[140.537961,36.771996],[140.536285,36.772421],[140.535799,36.774571],[140.535995,36.775732],[140.537388,36.777399],[140.537536,36.779332],[140.538791,36.779929],[140.539408,36.780963],[140.540785,36.781862],[140.541006,36.784319],[140.543822,36.784936],[140.54522,36.786195],[140.544766,36.787147],[140.541737,36.787686],[140.540993,36.788099],[140.541312,36.789014],[140.542481,36.78982],[140.542779,36.790519],[140.541663,36.791896],[140.541917,36.79501],[140.540662,36.796379],[140.539739,36.796956],[140.539918,36.798832],[140.540347,36.799943],[140.540335,36.801476],[140.53971,36.802162],[140.540212,36.802919],[140.540127,36.80439],[140.540768,36.805424],[140.543883,36.805845],[140.544201,36.806683],[140.545469,36.807459],[140.545444,36.807962],[140.547054,36.808571],[140.54656,36.80967],[140.546989,36.810864],[140.545771,36.812053],[140.54495,36.811787],[140.544451,36.812339],[140.544537,36.812638],[140.547124,36.815024],[140.548031,36.816553],[140.548656,36.816986],[140.549216,36.817881],[140.549273,36.819598],[140.55023,36.820816],[140.550128,36.821457],[140.553638,36.824698],[140.55482,36.826685],[140.555433,36.826783],[140.556148,36.826211],[140.5569,36.826305],[140.558952,36.828176],[140.559336,36.829243],[140.5603,36.830036],[140.560051,36.831536],[140.560272,36.833387],[140.560039,36.834004],[140.561306,36.835096],[140.560643,36.835656],[140.560112,36.836682],[140.560369,36.839037],[140.560079,36.839626],[140.560207,36.840265],[140.559744,36.840971],[140.556944,36.842031],[140.555508,36.842953],[140.556231,36.843862],[140.558245,36.844298],[140.558719,36.844889],[140.559075,36.845672],[140.55816,36.846309],[140.557929,36.847],[140.558054,36.847608],[140.558653,36.848042],[140.558381,36.848344],[140.55844,36.84883],[140.560049,36.849889],[140.563819,36.849847],[140.564084,36.850178],[140.563874,36.851097],[140.563224,36.851625],[140.563125,36.852272],[140.565876,36.854733],[140.567063,36.855102],[140.567339,36.855938],[140.568662,36.857024],[140.568688,36.857571],[140.56832,36.857991],[140.568405,36.858776],[140.568522,36.858988],[140.568596,36.85904],[140.56972,36.85926],[140.569845,36.859804],[140.569147,36.86219],[140.567469,36.863201],[140.568663,36.86424],[140.570658,36.86399],[140.572488,36.864156],[140.572819,36.865081],[140.572315,36.866017],[140.574465,36.867559],[140.575332,36.869073],[140.57779,36.86877],[140.580473,36.86689],[140.581615,36.867862],[140.582729,36.867953],[140.584548,36.870039],[140.584735,36.871139],[140.585297,36.871636],[140.586032,36.873153],[140.588755,36.874911],[140.589369,36.873817],[140.591173,36.872795],[140.593547,36.872889],[140.59419,36.871603],[140.596711,36.871098],[140.597376,36.870642],[140.598456,36.870598],[140.598791,36.869765],[140.598809,36.868157],[140.601136,36.868129],[140.601282,36.867673],[140.601878,36.867409],[140.601576,36.866737],[140.601764,36.866018],[140.601238,36.865032],[140.602704,36.862335],[140.602877,36.861071],[140.601764,36.860299],[140.601382,36.859102],[140.602554,36.858094],[140.602638,36.856694],[140.604972,36.855267],[140.604968,36.854711],[140.604167,36.854133],[140.60402,36.852673],[140.605372,36.852739],[140.60733,36.851881],[140.607547,36.85024],[140.608841,36.849684],[140.611729,36.847146],[140.613103,36.847187],[140.61705,36.846435],[140.618024,36.845788],[140.619178,36.845952],[140.620676,36.845657],[140.621353,36.846141],[140.622412,36.845302],[140.624342,36.845183],[140.624446,36.844141],[140.62556,36.84235],[140.62709,36.842597],[140.627734,36.842227],[140.628051,36.841528],[140.630977,36.83975],[140.632159,36.8394],[140.632306,36.838942],[140.631632,36.837981],[140.632278,36.83745],[140.631723,36.836898],[140.631719,36.83626],[140.633892,36.835133],[140.634992,36.833995],[140.63804,36.834516],[140.639797,36.83521],[140.640466,36.834879],[140.641164,36.834031],[140.642105,36.833662],[140.641371,36.832567],[140.641683,36.830589],[140.644377,36.830132],[140.64451,36.82957],[140.645307,36.829006],[140.645286,36.828252],[140.646204,36.827239],[140.64632,36.826006],[140.647094,36.824613],[140.647965,36.824058],[140.648897,36.822683],[140.649872,36.822074],[140.650103,36.821034],[140.651436,36.820078],[140.652248,36.820663],[140.653522,36.8205],[140.653151,36.819339],[140.653621,36.816851],[140.653897,36.816494],[140.655054,36.816263],[140.655129,36.815725],[140.655811,36.815047],[140.655839,36.81407],[140.656652,36.813455],[140.657494,36.811308],[140.659047,36.811109],[140.661143,36.809855],[140.662093,36.810116],[140.663127,36.809511],[140.664382,36.809346],[140.664558,36.808492],[140.665098,36.808166],[140.666703,36.80909],[140.667714,36.809242],[140.668945,36.807956],[140.670454,36.808002],[140.671525,36.807597],[140.67426,36.80782],[140.674835,36.807375],[140.675974,36.807276],[140.675129,36.805481],[140.676004,36.804504],[140.677213,36.804646],[140.677881,36.8037],[140.677968,36.802679],[140.679005,36.801704],[140.679881,36.801479],[140.679643,36.800535],[140.67872,36.799832],[140.677734,36.798303],[140.675851,36.797905],[140.674759,36.797062],[140.673901,36.797281],[140.67066,36.797041],[140.669951,36.796048],[140.670007,36.794466],[140.667719,36.794163],[140.666922,36.793711],[140.665908,36.791649],[140.663168,36.789684],[140.662993,36.788726],[140.663439,36.788105],[140.663653,36.786618],[140.663145,36.785276],[140.660903,36.784837],[140.659649,36.784921],[140.657969,36.784108],[140.654605,36.784328],[140.650798,36.782722],[140.649481,36.783029],[140.648549,36.781688],[140.648555,36.780205],[140.649189,36.779327],[140.648951,36.778127],[140.649096,36.775323],[140.64571,36.773386],[140.643505,36.773546],[140.643311,36.773075],[140.644065,36.771964],[140.645053,36.771501],[140.646526,36.771464],[140.649172,36.771964],[140.65022,36.771864],[140.651241,36.772312],[140.653543,36.772338],[140.654877,36.771697],[140.655473,36.772314],[140.657932,36.772065],[140.658512,36.771636],[140.660761,36.771634],[140.661076,36.771061],[140.661856,36.770762],[140.661835,36.770118],[140.662644,36.769267],[140.663987,36.769357],[140.665114,36.768529],[140.665876,36.768638],[140.666884,36.7674],[140.667626,36.767104],[140.66914,36.765162],[140.671586,36.764516],[140.671363,36.76387],[140.672122,36.762547],[140.672142,36.761867],[140.671764,36.761451],[140.672028,36.760366],[140.672731,36.759892],[140.673079,36.7587],[140.673671,36.75814],[140.674471,36.758131],[140.67579,36.757543],[140.679727,36.757518],[140.682183,36.756345],[140.684263,36.756859],[140.684488,36.7574],[140.686611,36.75726],[140.685295,36.754034],[140.685249,36.752887],[140.685412,36.752714],[140.685939,36.752365],[140.686237,36.753665],[140.68689,36.753428],[140.68603,36.752309],[140.688486,36.750342],[140.691943,36.749788],[140.695245,36.750801],[140.695,36.751428],[140.69562,36.752333],[140.696098,36.751843],[140.697207,36.751933],[140.697851,36.753128],[140.698029,36.753436],[140.699785,36.753021],[140.70278,36.75339],[140.705577,36.751801],[140.706014,36.752161],[140.70768,36.751768],[140.711089,36.750343],[140.716368,36.751075],[140.717944,36.750514],[140.719405,36.750459],[140.724358,36.751996],[140.72474,36.751697],[140.727584,36.751326],[140.727927,36.750394],[140.728587,36.750656],[140.730075,36.750367],[140.730561,36.751385],[140.730983,36.751347],[140.733149,36.748656],[140.730604,36.742709],[140.730603,36.741783],[140.728887,36.734564],[140.728407,36.730798],[140.728099,36.72767],[140.728638,36.723408],[140.729069,36.723109],[140.727996,36.72157],[140.728442,36.721501],[140.728672,36.721875],[140.729302,36.721282],[140.728903,36.720889],[140.728381,36.721063],[140.727942,36.720711],[140.729209,36.72032],[140.728165,36.71925],[140.728492,36.718806],[140.728342,36.718536],[140.727025,36.718146],[140.727411,36.718178],[140.729245,36.716814],[140.729301,36.715519],[140.728663,36.714549],[140.728348,36.714823],[140.728772,36.715353],[140.72775,36.715665],[140.726183,36.715319],[140.725747,36.714783],[140.724526,36.711599],[140.723786,36.71086],[140.723668,36.70996],[140.722609,36.7089],[140.72245,36.707771],[140.721817,36.706963],[140.721818,36.705922],[140.721056,36.705038],[140.720076,36.702159],[140.719272,36.701209],[140.719141,36.700018],[140.718638,36.699244],[140.718452,36.698036],[140.717943,36.697361],[140.718445,36.697143],[140.718317,36.696668],[140.719208,36.696307],[140.717968,36.696321],[140.716864,36.694035],[140.716507,36.692646],[140.715508,36.694038],[140.714005,36.694876],[140.713516,36.695033],[140.712711,36.694434],[140.712417,36.695023],[140.71103,36.695598],[140.70663,36.696629],[140.702556,36.698265],[140.700302,36.698818],[140.698273,36.69906],[140.697437,36.698287],[140.697274,36.698219],[140.696869,36.698145],[140.693436,36.698239],[140.689994,36.696555],[140.687224,36.697061],[140.682999,36.698705],[140.680717,36.699146],[140.679457,36.700003],[140.67831,36.700061],[140.676331,36.699144],[140.674776,36.699193],[140.673162,36.698672],[140.671858,36.699519],[140.670375,36.699388],[140.667939,36.700814],[140.667371,36.701261],[140.667138,36.701984],[140.665728,36.702741],[140.665218,36.704826],[140.664141,36.705027],[140.662936,36.705757],[140.659272,36.705489],[140.657449,36.704829],[140.656565,36.703663],[140.65534,36.70361],[140.654557,36.704377],[140.653381,36.704632],[140.651812,36.70587],[140.650255,36.706022],[140.647296,36.705335],[140.646486,36.704347],[140.646394,36.703787],[140.644843,36.702573],[140.643361,36.702688],[140.642561,36.702058],[140.640212,36.702172],[140.639697,36.70245],[140.63749,36.701424],[140.63708,36.700478],[140.635434,36.700598],[140.635018,36.700851],[140.635139,36.701203],[140.634791,36.701674],[140.634275,36.701632],[140.634007,36.702215],[140.63387,36.702462],[140.633955,36.703261],[140.63324,36.703909],[140.632795,36.704846],[140.631885,36.704615],[140.631232,36.704972],[140.630302,36.704504],[140.629067,36.704551],[140.627453,36.704193],[140.627682,36.704933],[140.627262,36.706283],[140.625524,36.706959],[140.625466,36.707469],[140.624745,36.708026],[140.624524,36.708693],[140.623762,36.708683],[140.623597,36.70958],[140.621668,36.709526],[140.620547,36.710056],[140.620069,36.709583],[140.619151,36.709588],[140.617556,36.708686],[140.616094,36.708827],[140.615259,36.709482],[140.614675,36.709109],[140.614196,36.707891],[140.613545,36.707731],[140.612819,36.707097],[140.611897,36.707192],[140.611444,36.706528],[140.61075,36.706552],[140.609667,36.70359],[140.6084,36.702308],[140.608027,36.700762],[140.607018,36.699923],[140.606383,36.700145],[140.605725,36.701445],[140.604838,36.70134],[140.603392,36.702009],[140.602199,36.701975],[140.599022,36.703342],[140.597305,36.703181],[140.596363,36.703508],[140.595098,36.703211],[140.592489,36.703185],[140.590814,36.703724],[140.589478,36.703482],[140.589251,36.702979],[140.58913,36.702919],[140.588905,36.702909],[140.587696,36.704213],[140.586717,36.704357],[140.586561,36.704785],[140.584824,36.704195],[140.581576,36.705103],[140.58045,36.704634],[140.57921,36.70484],[140.57852,36.704115],[140.578172,36.704216],[140.577869,36.704332],[140.577275,36.70418],[140.57648,36.705451],[140.575755,36.705099],[140.574361,36.705531],[140.573116,36.704585],[140.571629,36.705108],[140.570901,36.706051],[140.570981,36.707366],[140.570536,36.708495],[140.569481,36.708481],[140.567924,36.708947],[140.567615,36.709623],[140.566692,36.710258],[140.565578,36.710415],[140.564376,36.710089],[140.561123,36.71109],[140.560062,36.712593],[140.559138,36.712429],[140.558334,36.712934],[140.558014,36.714567],[140.557941,36.714596],[140.557807,36.714598]],[[140.730068,36.716286],[140.730222,36.716275],[140.730292,36.716219],[140.730313,36.716185],[140.730299,36.716134],[140.730229,36.716078],[140.730201,36.716061],[140.730201,36.71605],[140.730131,36.716067],[140.730068,36.716112],[140.730005,36.716145],[140.729985,36.716185],[140.730033,36.716275],[140.730068,36.716286]],[[140.728502,36.718394],[140.728676,36.718162],[140.728418,36.718078],[140.728502,36.718394]],[[140.728641,36.717931],[140.728732,36.717729],[140.728558,36.717729],[140.728467,36.717836],[140.728641,36.717931]],[[140.729943,36.719452],[140.730208,36.719385],[140.730152,36.719086],[140.729852,36.719165],[140.729943,36.719452]],[[140.733333,36.720564],[140.732964,36.720529],[140.732985,36.720833],[140.733237,36.720895],[140.733333,36.720564]],[[140.744673,36.713216],[140.744869,36.713002],[140.744638,36.712776],[140.7444,36.712973],[140.744673,36.713216]],[[140.692509,36.75],[140.691309,36.749748],[140.688312,36.750395],[140.68603,36.752309],[140.68689,36.753428],[140.686237,36.753665],[140.685939,36.752365],[140.685412,36.752714],[140.685249,36.752887],[140.685295,36.754034],[140.686485,36.75663],[140.68651,36.757314],[140.684488,36.7574],[140.684263,36.756859],[140.682183,36.756345],[140.679727,36.757518],[140.67579,36.757543],[140.673512,36.75824],[140.673079,36.7587],[140.672731,36.759892],[140.672028,36.760366],[140.671764,36.761451],[140.672142,36.761867],[140.672122,36.762547],[140.671363,36.76387],[140.671586,36.764516],[140.66914,36.765162],[140.667626,36.767104],[140.666884,36.7674],[140.665876,36.768638],[140.665114,36.768529],[140.663987,36.769357],[140.662644,36.769267],[140.661835,36.770118],[140.661856,36.770762],[140.661076,36.771061],[140.660761,36.771634],[140.658512,36.771636],[140.657932,36.772065],[140.655473,36.772314],[140.65508,36.77214],[140.654997,36.771724],[140.654877,36.771697],[140.654648,36.771696],[140.653543,36.772338],[140.651241,36.772312],[140.65022,36.771864],[140.645163,36.771486],[140.644065,36.771964],[140.643311,36.773075],[140.643395,36.773447],[140.643791,36.773611],[140.64571,36.773386],[140.649096,36.775323],[140.648951,36.778127],[140.649189,36.779327],[140.648555,36.780205],[140.648549,36.781688],[140.649481,36.783029],[140.650798,36.782722],[140.654605,36.784328],[140.657969,36.784108],[140.659649,36.784921],[140.660903,36.784837],[140.663145,36.785276],[140.663653,36.786618],[140.663439,36.788105],[140.662993,36.788726],[140.663168,36.789684],[140.665908,36.791649],[140.666922,36.793711],[140.667719,36.794163],[140.670007,36.794466],[140.669951,36.796048],[140.67066,36.797041],[140.673901,36.797281],[140.674759,36.797062],[140.675851,36.797905],[140.677734,36.798303],[140.67872,36.799832],[140.679643,36.800535],[140.679881,36.801479],[140.679005,36.801704],[140.677968,36.802679],[140.677881,36.8037],[140.677213,36.804646],[140.676004,36.804504],[140.675129,36.805481],[140.675974,36.807276],[140.674835,36.807375],[140.67426,36.80782],[140.671525,36.807597],[140.670454,36.808002],[140.668945,36.807956],[140.667714,36.809242],[140.666703,36.80909],[140.665098,36.808166],[140.664558,36.808492],[140.664382,36.809346],[140.663127,36.809511],[140.662093,36.810116],[140.661143,36.809855],[140.659047,36.811109],[140.657494,36.811308],[140.656652,36.813455],[140.655839,36.81407],[140.655811,36.815047],[140.655129,36.815725],[140.655054,36.816263],[140.653897,36.816494],[140.653621,36.816851],[140.653151,36.819339],[140.653522,36.8205],[140.652248,36.820663],[140.651436,36.820078],[140.650103,36.821034],[140.649872,36.822074],[140.648897,36.822683],[140.647965,36.824058],[140.647094,36.824613],[140.64632,36.826006],[140.646204,36.827239],[140.645286,36.828252],[140.645307,36.829006],[140.64451,36.82957],[140.644377,36.830132],[140.641683,36.830589],[140.641371,36.832567],[140.642105,36.833662],[140.641164,36.834031],[140.640466,36.834879],[140.639797,36.83521],[140.63804,36.834516],[140.634992,36.833995],[140.633892,36.835133],[140.631719,36.83626],[140.631723,36.836898],[140.632278,36.83745],[140.631632,36.837981],[140.632306,36.838942],[140.632159,36.8394],[140.630977,36.83975],[140.628051,36.841528],[140.627734,36.842227],[140.62709,36.842597],[140.62556,36.84235],[140.624446,36.844141],[140.624342,36.845183],[140.622412,36.845302],[140.621353,36.846141],[140.620676,36.845657],[140.619178,36.845952],[140.618024,36.845788],[140.61705,36.846435],[140.613103,36.847187],[140.611729,36.847146],[140.608841,36.849684],[140.607547,36.85024],[140.60733,36.851881],[140.605372,36.852739],[140.60402,36.852673],[140.604167,36.854133],[140.604968,36.854711],[140.604972,36.855267],[140.602638,36.856694],[140.602554,36.858094],[140.601382,36.859102],[140.601764,36.860299],[140.602877,36.861071],[140.602704,36.862335],[140.601238,36.865032],[140.601723,36.865885],[140.601576,36.866737],[140.601936,36.867315],[140.601282,36.867673],[140.601136,36.868129],[140.598809,36.868157],[140.598791,36.869765],[140.598456,36.870598],[140.597376,36.870642],[140.596711,36.871098],[140.59419,36.871603],[140.593547,36.872889],[140.591875,36.872917],[140.593227,36.876655],[140.592904,36.878664],[140.593282,36.880033],[140.592327,36.881219],[140.591625,36.881624],[140.589898,36.884571],[140.587918,36.885071],[140.587171,36.886226],[140.586205,36.886168],[140.585981,36.886271],[140.585804,36.886418],[140.585646,36.886835],[140.586268,36.887643],[140.583706,36.890095],[140.583489,36.89072],[140.583637,36.891459],[140.582479,36.893109],[140.581792,36.893365],[140.580902,36.892848],[140.579943,36.893401],[140.579763,36.895373],[140.579377,36.896136],[140.579947,36.897928],[140.579653,36.898944],[140.580542,36.900242],[140.580124,36.901239],[140.58095,36.902486],[140.580774,36.904408],[140.578587,36.905211],[140.577125,36.906591],[140.57654,36.906616],[140.576291,36.906638],[140.575971,36.907838],[140.573873,36.908943],[140.574211,36.910232],[140.573825,36.911001],[140.571804,36.912473],[140.571352,36.912426],[140.570536,36.911674],[140.570161,36.911724],[140.568353,36.913979],[140.567379,36.91384],[140.566898,36.913209],[140.56527,36.912562],[140.564958,36.912857],[140.56491,36.914587],[140.565274,36.915673],[140.567684,36.918945],[140.567402,36.921139],[140.567972,36.923331],[140.567887,36.925059],[140.570584,36.931315],[140.570344,36.931969],[140.568186,36.933289],[140.567215,36.935101],[140.567357,36.936468],[140.569477,36.93863],[140.570552,36.939136],[140.573163,36.939772],[140.574247,36.939076],[140.574925,36.939031],[140.574444,36.940943],[140.574878,36.942212],[140.575929,36.942679],[140.577005,36.942248],[140.578512,36.942196],[140.580402,36.942806],[140.582184,36.942718],[140.583205,36.943101],[140.583859,36.944321],[140.584853,36.944489],[140.586217,36.945299],[140.587573,36.943983],[140.588474,36.941105],[140.589636,36.939194],[140.591661,36.938124],[140.592126,36.938374],[140.592639,36.939323],[140.593774,36.938943],[140.59442,36.937796],[140.59248,36.935895],[140.593942,36.934138],[140.594013,36.933148],[140.594546,36.93229],[140.594018,36.931715],[140.593956,36.931072],[140.594456,36.930063],[140.593509,36.928794],[140.593969,36.928165],[140.592983,36.927462],[140.59267,36.926743],[140.594913,36.925813],[140.598045,36.925046],[140.599233,36.923444],[140.601248,36.92281],[140.600616,36.921706],[140.600766,36.920903],[140.602384,36.920388],[140.602891,36.919965],[140.602912,36.918957],[140.603955,36.918174],[140.604595,36.916602],[140.606704,36.914744],[140.607193,36.912766],[140.608879,36.911741],[140.609765,36.91165],[140.610768,36.910478],[140.611429,36.910286],[140.612469,36.910672],[140.612793,36.91055],[140.613153,36.909378],[140.614288,36.908595],[140.614741,36.907248],[140.615637,36.906745],[140.614667,36.904151],[140.615519,36.90327],[140.617309,36.90347],[140.620969,36.902448],[140.621746,36.903212],[140.62243,36.903268],[140.624141,36.902618],[140.625282,36.902596],[140.625814,36.901929],[140.62799,36.902857],[140.628414,36.901454],[140.630486,36.900794],[140.630671,36.899966],[140.633607,36.899099],[140.63515,36.898963],[140.636214,36.897572],[140.639064,36.898022],[140.642091,36.899108],[140.644475,36.898947],[140.646449,36.899369],[140.64692,36.901027],[140.650874,36.899694],[140.654959,36.901042],[140.655239,36.899359],[140.65505,36.898834],[140.656081,36.897151],[140.658102,36.897278],[140.659988,36.896653],[140.6615,36.896773],[140.662705,36.896384],[140.664322,36.896565],[140.666494,36.895079],[140.667686,36.895084],[140.670283,36.894351],[140.67067,36.893859],[140.671714,36.893454],[140.67265,36.893632],[140.673401,36.893173],[140.674988,36.893743],[140.676123,36.89381],[140.67907,36.892976],[140.680103,36.893385],[140.683495,36.890721],[140.685169,36.890527],[140.686044,36.890021],[140.686738,36.890282],[140.688271,36.889496],[140.688479,36.889235],[140.688025,36.888483],[140.688988,36.888202],[140.690928,36.88853],[140.69245,36.887552],[140.693511,36.888474],[140.695084,36.888771],[140.695353,36.88823],[140.696902,36.887377],[140.696407,36.886011],[140.697293,36.885033],[140.698448,36.88436],[140.698866,36.883675],[140.702365,36.883477],[140.703291,36.882891],[140.703871,36.881928],[140.706077,36.881447],[140.706157,36.881216],[140.705049,36.880302],[140.705672,36.879581],[140.705488,36.878394],[140.707421,36.878342],[140.708599,36.877411],[140.709862,36.877125],[140.710974,36.87537],[140.714271,36.872784],[140.716604,36.872609],[140.717743,36.872148],[140.719541,36.872573],[140.720649,36.871123],[140.721437,36.870873],[140.723266,36.871026],[140.723626,36.87192],[140.723569,36.873173],[140.724087,36.874031],[140.725913,36.874509],[140.728193,36.874209],[140.729355,36.874415],[140.730887,36.873826],[140.731207,36.872445],[140.734208,36.871593],[140.735174,36.872656],[140.736565,36.872912],[140.739573,36.874717],[140.739893,36.875267],[140.740846,36.875556],[140.742301,36.87452],[140.742901,36.873345],[140.744595,36.872845],[140.744722,36.872051],[140.745659,36.871329],[140.747682,36.871407],[140.748207,36.870973],[140.749319,36.870265],[140.751981,36.87044],[140.754719,36.869907],[140.755556,36.869548],[140.756081,36.868598],[140.757744,36.867399],[140.758381,36.867299],[140.759832,36.869023],[140.760031,36.87099],[140.759919,36.871707],[140.758206,36.871965],[140.757931,36.872373],[140.760106,36.872365],[140.760394,36.872181],[140.760456,36.871415],[140.760731,36.870957],[140.762019,36.870348],[140.760456,36.870207],[140.760382,36.869957],[140.760544,36.869632],[140.759706,36.866949],[140.761431,36.866432],[140.761831,36.865349],[140.762344,36.865174],[140.762706,36.864758],[140.762956,36.864416],[140.763269,36.864449],[140.763506,36.864666],[140.763732,36.865557],[140.763869,36.865749],[140.764219,36.866107],[140.764019,36.866932],[140.764394,36.866899],[140.764644,36.866691],[140.764819,36.865716],[140.763456,36.864008],[140.763444,36.863691],[140.763819,36.863183],[140.764144,36.863108],[140.765532,36.863383],[140.765869,36.864174],[140.765994,36.865374],[140.765332,36.866774],[140.765556,36.867441],[140.766607,36.865633],[140.767332,36.865108],[140.767257,36.864833],[140.767082,36.864849],[140.766707,36.865016],[140.766482,36.864624],[140.767057,36.864233],[140.767132,36.864124],[140.767082,36.863841],[140.766394,36.863874],[140.766257,36.863283],[140.767282,36.862641],[140.767219,36.862308],[140.766319,36.86265],[140.764944,36.862525],[140.765044,36.862275],[140.765381,36.862075],[140.766832,36.86155],[140.768607,36.8618],[140.771331,36.862933],[140.771544,36.863066],[140.771756,36.864225],[140.771694,36.864483],[140.768956,36.865383],[140.767831,36.866291],[140.767481,36.866624],[140.767106,36.867657],[140.767256,36.867816],[140.767481,36.867516],[140.767669,36.866891],[140.768581,36.866116],[140.770956,36.865141],[140.771469,36.865033],[140.772069,36.8651],[140.772669,36.865966],[140.771544,36.867924],[140.771544,36.868216],[140.771694,36.868524],[140.772069,36.868599],[140.772631,36.867049],[140.773544,36.866308],[140.774756,36.867108],[140.777806,36.867274],[140.779255,36.866483],[140.781918,36.863275],[140.78348,36.863358],[140.78398,36.862975],[140.784805,36.862258],[140.786417,36.862108],[140.786005,36.861017],[140.786118,36.860642],[140.786218,36.860284],[140.78618,36.859675],[140.78608,36.859234],[140.785268,36.857901],[140.78558,36.856843],[140.785818,36.856443],[140.786168,36.856226],[140.786868,36.856168],[140.78718,36.856218],[140.788355,36.856659],[140.78973,36.856484],[140.791083,36.857444],[140.79103,36.858609],[140.792804,36.858617],[140.793496,36.859456],[140.793643,36.859207],[140.79843,36.859395],[140.79564,36.859279],[140.795782,36.859049],[140.796092,36.858563],[140.795707,36.85902],[140.793575,36.858139],[140.793863,36.857958],[140.793828,36.857929],[140.793528,36.85812],[140.793257,36.857911],[140.79269,36.857472],[140.79429,36.856133],[140.794884,36.856592],[140.794892,36.857221],[140.795185,36.857348],[140.795818,36.857604],[140.796048,36.857242],[140.796443,36.857399],[140.796282,36.858086],[140.796926,36.857256],[140.798214,36.857783],[140.798266,36.858189],[140.797674,36.858501],[140.798421,36.858131],[140.798389,36.857157],[140.795804,36.856144],[140.796591,36.854837],[140.796744,36.853889],[140.797817,36.853779],[140.79815,36.853474],[140.79791,36.852885],[140.798239,36.852661],[140.798774,36.851201],[140.798537,36.851162],[140.798371,36.851919],[140.797573,36.851768],[140.797007,36.851187],[140.79658,36.84961],[140.796918,36.847107],[140.796924,36.847096],[140.797181,36.846668],[140.798259,36.847019],[140.798379,36.846598],[140.797145,36.8465],[140.796845,36.844892],[140.797281,36.843648],[140.797093,36.843081],[140.797975,36.841356],[140.797119,36.841507],[140.798044,36.841212],[140.799035,36.840048],[140.79996,36.84007],[140.802391,36.839418],[140.801742,36.838755],[140.802202,36.838287],[140.80281,36.838329],[140.802516,36.838029],[140.802899,36.837887],[140.802348,36.837585],[140.802433,36.83723],[140.803753,36.837027],[140.802628,36.836631],[140.803031,36.836266],[140.802534,36.835777],[140.802818,36.835613],[140.804162,36.835941],[140.803329,36.834521],[140.802938,36.834422],[140.803178,36.833508],[140.803462,36.833396],[140.802481,36.833242],[140.802356,36.832396],[140.802771,36.832633],[140.80403,36.831898],[140.804689,36.832038],[140.805733,36.831299],[140.805567,36.830779],[140.803681,36.829146],[140.80232,36.82924],[140.799722,36.82754],[140.799617,36.82694],[140.798339,36.827725],[140.796938,36.826497],[140.794961,36.826829],[140.792546,36.826125],[140.791821,36.827741],[140.788376,36.826965],[140.790828,36.827786],[140.793415,36.827967],[140.793762,36.829015],[140.791318,36.829745],[140.791438,36.828531],[140.790946,36.828496],[140.790816,36.829762],[140.788868,36.82964],[140.78904,36.82797],[140.788253,36.82792],[140.788084,36.829591],[140.786134,36.82947],[140.78635,36.827258],[140.787023,36.827302],[140.78708,36.826764],[140.787304,36.826776],[140.787308,36.826731],[140.786074,36.826653],[140.786185,36.825525],[140.786102,36.825521],[140.785957,36.826999],[140.785763,36.826988],[140.785561,36.826977],[140.785231,36.824909],[140.784158,36.824857],[140.784151,36.824896],[140.784827,36.824936],[140.784821,36.825],[140.784644,36.826829],[140.783333,36.826742],[140.782628,36.826696],[140.782791,36.825],[140.78281,36.824808],[140.783261,36.824832],[140.783265,36.824798],[140.782814,36.824772],[140.782478,36.82475],[140.78253,36.824239],[140.782169,36.825433],[140.77943,36.825349],[140.776327,36.824631],[140.773248,36.822961],[140.768487,36.818329],[140.764379,36.811631],[140.761456,36.805173],[140.760617,36.80532],[140.761101,36.80526],[140.760813,36.804194],[140.759049,36.800258],[140.757788,36.799951],[140.758071,36.799805],[140.758998,36.800177],[140.758412,36.798914],[140.757228,36.79414],[140.756763,36.794355],[140.756985,36.794028],[140.756662,36.794468],[140.755891,36.794615],[140.754335,36.793429],[140.751827,36.789525],[140.751106,36.788817],[140.750951,36.78797],[140.750307,36.787408],[140.749943,36.786462],[140.74925,36.785773],[140.749082,36.784984],[140.748452,36.784364],[140.747584,36.782031],[140.746484,36.780325],[140.746225,36.779063],[140.745511,36.777812],[140.74549,36.776939],[140.745462,36.776792],[140.744475,36.775406],[140.744433,36.77437],[140.743761,36.773778],[140.743761,36.77291],[140.742073,36.769389],[140.741954,36.768251],[140.740813,36.765484],[140.738859,36.761816],[140.738005,36.758768],[140.734363,36.750987],[140.733505,36.749996],[140.733149,36.748656],[140.730983,36.751347],[140.730561,36.751385],[140.730075,36.750367],[140.728587,36.750656],[140.727927,36.750394],[140.727584,36.751326],[140.72474,36.751697],[140.724358,36.751996],[140.719405,36.750459],[140.717944,36.750514],[140.716368,36.751075],[140.711089,36.750343],[140.70768,36.751768],[140.706014,36.752161],[140.705577,36.751801],[140.70278,36.75339],[140.699785,36.753021],[140.698029,36.753436],[140.697851,36.753128],[140.697207,36.751933],[140.696098,36.751843],[140.69562,36.752333],[140.695,36.751428],[140.695245,36.750801],[140.692509,36.75]],[[140.75734,36.794077],[140.757883,36.793792],[140.757248,36.79367],[140.757095,36.793961],[140.75734,36.794077]],[[140.762042,36.805021],[140.762119,36.805015],[140.762189,36.804913],[140.762182,36.804874],[140.762126,36.804874],[140.762084,36.804907],[140.762049,36.804965],[140.762042,36.805021]],[[140.762605,36.80557],[140.762622,36.805563],[140.762637,36.80555],[140.762647,36.80554],[140.76266,36.805524],[140.762665,36.805498],[140.76266,36.805487],[140.762647,36.805479],[140.762633,36.805474],[140.762616,36.805467],[140.762602,36.805463],[140.762587,36.805459],[140.762573,36.805461],[140.762559,36.805464],[140.762539,36.805468],[140.762497,36.805486],[140.762454,36.805501],[140.762423,36.805517],[140.762402,36.80553],[140.762386,36.805544],[140.762374,36.805557],[140.76235,36.805579],[140.762331,36.805593],[140.762313,36.805605],[140.762298,36.805612],[140.762283,36.805618],[140.762273,36.805628],[140.762256,36.805658],[140.762219,36.805706],[140.762204,36.805739],[140.762195,36.805763],[140.762186,36.805784],[140.762181,36.805798],[140.762178,36.805811],[140.762183,36.805819],[140.762201,36.805824],[140.762231,36.805826],[140.762274,36.805825],[140.762301,36.805822],[140.762331,36.805821],[140.762353,36.80582],[140.76238,36.805815],[140.762402,36.805807],[140.762427,36.805793],[140.762452,36.805767],[140.762482,36.805738],[140.762513,36.805711],[140.762516,36.805695],[140.762552,36.805652],[140.762575,36.805621],[140.762597,36.805587],[140.762605,36.80557]],[[140.790245,36.825],[140.787758,36.824272],[140.785776,36.822385],[140.785654,36.822469],[140.787663,36.824382],[140.792821,36.825754],[140.791667,36.825416],[140.790245,36.825]],[[140.786652,36.822377],[140.78559,36.821031],[140.785453,36.8211],[140.786515,36.822446],[140.786652,36.822377]],[[140.803711,36.83304],[140.803691,36.832981],[140.803686,36.832976],[140.803666,36.832978],[140.803634,36.832985],[140.803611,36.832989],[140.8036,36.832987],[140.803589,36.832987],[140.803574,36.832989],[140.803562,36.832998],[140.803561,36.83301],[140.803569,36.833027],[140.803579,36.833053],[140.803581,36.833071],[140.803578,36.833081],[140.803575,36.833088],[140.803575,36.833105],[140.803581,36.833122],[140.803591,36.833134],[140.803604,36.833138],[140.803616,36.833139],[140.803638,36.833143],[140.80366,36.833143],[140.803675,36.833141],[140.803688,36.833137],[140.803687,36.833129],[140.803683,36.833117],[140.803685,36.833111],[140.803694,36.833102],[140.803697,36.83309],[140.803698,36.833077],[140.8037,36.833068],[140.803709,36.83306],[140.803715,36.83305],[140.803711,36.83304]],[[140.803921,36.833269],[140.803901,36.83322],[140.803892,36.833201],[140.803878,36.833196],[140.803866,36.833192],[140.803856,36.833183],[140.803852,36.833173],[140.803844,36.833155],[140.803837,36.833155],[140.80382,36.833157],[140.803811,36.83315],[140.803799,36.833132],[140.803787,36.833132],[140.803776,36.833128],[140.803769,36.833125],[140.803753,36.833126],[140.803743,36.833122],[140.803734,36.833116],[140.80371,36.833119],[140.803703,36.833124],[140.803704,36.833138],[140.803729,36.833199],[140.80374,36.833206],[140.803753,36.833212],[140.803766,36.833217],[140.803772,36.833231],[140.803785,36.83327],[140.803794,36.833279],[140.803809,36.833282],[140.803834,36.833281],[140.803871,36.833274],[140.803878,36.833275],[140.803889,36.833282],[140.803897,36.833281],[140.80392,36.833275],[140.803921,36.833269]],[[140.804025,36.828992],[140.804005,36.828971],[140.803991,36.828954],[140.803973,36.828934],[140.803952,36.828926],[140.80393,36.828925],[140.803912,36.82893],[140.803901,36.828942],[140.803902,36.828993],[140.803899,36.829009],[140.803902,36.829019],[140.803911,36.829029],[140.803937,36.829038],[140.803962,36.829039],[140.803984,36.829035],[140.804,36.829027],[140.804014,36.829015],[140.804025,36.828992]],[[140.804129,36.829152],[140.804116,36.829145],[140.804102,36.829136],[140.804085,36.82912],[140.804072,36.829106],[140.804062,36.829088],[140.804049,36.829078],[140.804027,36.829078],[140.804006,36.829082],[140.803984,36.829091],[140.803978,36.829105],[140.803986,36.82913],[140.804003,36.829153],[140.804029,36.829171],[140.804055,36.829189],[140.804087,36.82922],[140.804114,36.829246],[140.804135,36.829269],[140.804152,36.829286],[140.804172,36.829289],[140.80419,36.829281],[140.804217,36.829264],[140.804233,36.829245],[140.804236,36.829212],[140.804227,36.829186],[140.804206,36.829169],[140.804174,36.829162],[140.804129,36.829152]],[[140.797123,36.844004],[140.797126,36.844021],[140.797133,36.84403],[140.797146,36.844044],[140.797156,36.844056],[140.797167,36.844072],[140.797175,36.844081],[140.79719,36.844086],[140.797201,36.844085],[140.797213,36.84408],[140.797217,36.84407],[140.797211,36.844032],[140.797211,36.844021],[140.797212,36.844009],[140.797209,36.843995],[140.797205,36.843983],[140.797202,36.843973],[140.797193,36.843967],[140.79718,36.843967],[140.797162,36.843971],[140.797146,36.843973],[140.797136,36.843975],[140.797127,36.843983],[140.797124,36.843991],[140.797123,36.844004]],[[140.797218,36.843761],[140.797239,36.843773],[140.797244,36.843779],[140.797261,36.843789],[140.797278,36.843792],[140.797287,36.843794],[140.797304,36.843791],[140.797304,36.843785],[140.797301,36.843776],[140.797302,36.843758],[140.797299,36.843748],[140.797292,36.843749],[140.797273,36.84375],[140.79725,36.843747],[140.797239,36.843745],[140.79723,36.84374],[140.797221,36.843734],[140.797215,36.843732],[140.797211,36.84374],[140.797212,36.843745],[140.797218,36.843761]],[[140.799578,36.858156],[140.799477,36.857392],[140.799273,36.85741],[140.799513,36.859172],[140.800282,36.860029],[140.800373,36.860987],[140.800659,36.861031],[140.800609,36.859967],[140.799859,36.859113],[140.799578,36.858156]],[[140.804529,36.834615],[140.804501,36.834609],[140.804489,36.834611],[140.804479,36.834616],[140.804472,36.834627],[140.80447,36.834638],[140.804472,36.834651],[140.804477,36.834664],[140.804487,36.834675],[140.804499,36.834685],[140.804513,36.834691],[140.804526,36.834692],[140.804545,36.834687],[140.804557,36.834681],[140.804564,36.834673],[140.804566,36.834662],[140.804564,36.834652],[140.804561,36.834642],[140.804557,36.834632],[140.804529,36.834615]],[[140.802529,36.839311],[140.802553,36.839294],[140.802573,36.839274],[140.802584,36.839262],[140.802588,36.839253],[140.802587,36.839242],[140.802585,36.839233],[140.802571,36.839205],[140.80256,36.839197],[140.80254,36.839193],[140.802504,36.839196],[140.802486,36.8392],[140.802477,36.839206],[140.802456,36.839255],[140.802446,36.839314],[140.802447,36.839333],[140.802449,36.839342],[140.802457,36.839348],[140.802468,36.839345],[140.802507,36.839328],[140.802529,36.839311]],[[140.803013,36.837978],[140.803011,36.83796],[140.803011,36.837946],[140.803012,36.837935],[140.803011,36.837928],[140.803007,36.837917],[140.803,36.837905],[140.802991,36.837898],[140.80298,36.837894],[140.802964,36.837895],[140.802949,36.837898],[140.802938,36.837903],[140.802928,36.837911],[140.802919,36.83792],[140.802913,36.83793],[140.802909,36.837942],[140.802913,36.837959],[140.802922,36.837973],[140.802935,36.83798],[140.802953,36.837985],[140.802966,36.837989],[140.80298,36.837991],[140.802991,36.83799],[140.802999,36.837988],[140.803008,36.837983],[140.803013,36.837978]],[[140.803428,36.833698],[140.803421,36.833685],[140.803412,36.83368],[140.8034,36.833676],[140.803385,36.833675],[140.803373,36.833677],[140.803365,36.833686],[140.803364,36.833699],[140.803369,36.833715],[140.803372,36.833726],[140.803376,36.833741],[140.803381,36.833754],[140.803388,36.833762],[140.803397,36.833763],[140.803411,36.833757],[140.803418,36.833749],[140.803427,36.833723],[140.803428,36.833698]],[[140.803466,36.834521],[140.803446,36.834506],[140.803435,36.834504],[140.803419,36.834505],[140.803405,36.83451],[140.803394,36.83452],[140.803391,36.834533],[140.803399,36.83455],[140.803408,36.834563],[140.80343,36.834585],[140.803444,36.834597],[140.803463,36.834606],[140.803479,36.834613],[140.803498,36.834615],[140.803515,36.834613],[140.803531,36.834606],[140.80354,36.834598],[140.803543,36.834587],[140.803537,36.834576],[140.803525,36.834569],[140.803509,36.834562],[140.803493,36.834548],[140.803481,36.834537],[140.803466,36.834521]],[[140.803633,36.833467],[140.803614,36.833495],[140.803609,36.833508],[140.803612,36.833533],[140.803617,36.833559],[140.803618,36.833578],[140.803614,36.833597],[140.803614,36.833611],[140.803617,36.833624],[140.803631,36.833628],[140.803648,36.833633],[140.803665,36.833637],[140.803678,36.833645],[140.803689,36.833652],[140.803707,36.833657],[140.803723,36.833662],[140.803735,36.833676],[140.803748,36.833693],[140.803761,36.833713],[140.803766,36.833728],[140.803775,36.833741],[140.803792,36.833752],[140.803814,36.833761],[140.803847,36.833766],[140.803866,36.833764],[140.803891,36.833759],[140.803917,36.833752],[140.803947,36.833714],[140.803941,36.833706],[140.803936,36.833687],[140.803931,36.833667],[140.803922,36.833652],[140.803898,36.83363],[140.803882,36.83361],[140.803873,36.833591],[140.803865,36.833565],[140.803852,36.833532],[140.803845,36.833505],[140.803843,36.833486],[140.803838,36.833466],[140.803825,36.833456],[140.803807,36.833459],[140.803792,36.833467],[140.803768,36.83349],[140.803763,36.833507],[140.803753,36.833518],[140.80374,36.83352],[140.803724,36.833516],[140.80372,36.833496],[140.803725,36.833478],[140.803725,36.833463],[140.803712,36.833449],[140.803697,36.833445],[140.80368,36.83345],[140.80365,36.833461],[140.803633,36.833467]],[[140.804003,36.833971],[140.80399,36.833992],[140.803982,36.834002],[140.803976,36.834011],[140.803968,36.834027],[140.803955,36.834041],[140.803944,36.834049],[140.803934,36.834067],[140.803935,36.834083],[140.803938,36.834091],[140.803944,36.834098],[140.803961,36.834106],[140.803994,36.834115],[140.804012,36.834115],[140.804028,36.834112],[140.804081,36.834085],[140.804089,36.834065],[140.804092,36.834034],[140.804092,36.834007],[140.804099,36.833983],[140.804108,36.833964],[140.804113,36.83392],[140.804108,36.833906],[140.804096,36.833895],[140.804079,36.83389],[140.804058,36.833893],[140.804039,36.833901],[140.804032,36.833914],[140.804027,36.833936],[140.804018,36.833957],[140.804003,36.833971]],[[140.804026,36.833878],[140.804013,36.833861],[140.804007,36.833836],[140.804008,36.833816],[140.804008,36.833793],[140.804011,36.833767],[140.804006,36.833755],[140.803992,36.833749],[140.803972,36.83375],[140.803951,36.833755],[140.803939,36.833778],[140.803934,36.833799],[140.803931,36.833818],[140.803931,36.83384],[140.803937,36.833866],[140.803944,36.833884],[140.80396,36.833895],[140.803981,36.833901],[140.804,36.833902],[140.804018,36.833891],[140.804026,36.833878]],[[140.804136,36.834268],[140.804131,36.83427],[140.804121,36.834275],[140.804118,36.834282],[140.804119,36.834288],[140.804123,36.834297],[140.80413,36.834304],[140.80414,36.834308],[140.80415,36.834309],[140.804157,36.834307],[140.804168,36.834303],[140.804172,36.834298],[140.804171,36.834291],[140.804168,36.834285],[140.804163,36.834279],[140.804158,36.834275],[140.804136,36.834268]],[[140.804292,36.836032],[140.804276,36.836021],[140.804264,36.836015],[140.80425,36.83601],[140.80423,36.836006],[140.804212,36.836005],[140.804191,36.836009],[140.80418,36.836014],[140.804166,36.836024],[140.80416,36.836037],[140.804162,36.836048],[140.804166,36.836058],[140.804173,36.836068],[140.804186,36.836077],[140.804213,36.836084],[140.804234,36.836088],[140.80429,36.836086],[140.804306,36.836081],[140.80431,36.836072],[140.804307,36.836061],[140.804301,36.836049],[140.804292,36.836032]],[[140.804426,36.836069],[140.804423,36.836055],[140.804418,36.836045],[140.804408,36.836038],[140.804395,36.83603],[140.80438,36.836023],[140.804361,36.836019],[140.804348,36.836022],[140.804335,36.836029],[140.80433,36.83604],[140.804329,36.836054],[140.804332,36.836065],[140.804339,36.836076],[140.804354,36.836084],[140.804373,36.836089],[140.804394,36.836091],[140.804412,36.83609],[140.804422,36.836085],[140.804427,36.836078],[140.804426,36.836069]],[[140.180544,36.321074],[140.181535,36.321861],[140.182844,36.324413],[140.182954,36.325342],[140.182048,36.327427],[140.180858,36.328418],[140.180274,36.329686],[140.178163,36.330688],[140.177378,36.331705],[140.177588,36.333016],[140.17697,36.335092],[140.175856,36.335849],[140.174246,36.33603],[140.173196,36.337288],[140.17035,36.336499],[140.168274,36.335547],[140.167231,36.335629],[140.166231,36.33625],[140.164983,36.336339],[140.164259,36.337046],[140.164286,36.338092],[140.163949,36.339007],[140.163205,36.339801],[140.163259,36.340804],[140.162348,36.341609],[140.162359,36.341951],[140.16316,36.344622],[140.163177,36.345576],[140.165303,36.347895],[140.164607,36.349939],[140.16648,36.350764],[140.166563,36.351508],[140.168172,36.352841],[140.167905,36.354288],[140.166917,36.355534],[140.16674,36.356946],[140.166933,36.357475],[140.168297,36.358141],[140.16801,36.360059],[140.169297,36.361088],[140.172519,36.361502],[140.173545,36.361419],[140.175287,36.360459],[140.176093,36.360409],[140.179442,36.361929],[140.179564,36.362452],[140.178425,36.364327],[140.179949,36.366575],[140.180307,36.368702],[140.178292,36.369893],[140.177771,36.370957],[140.178069,36.371784],[140.177705,36.372842],[140.178446,36.373122],[140.179856,36.376114],[140.181031,36.37602],[140.181746,36.376299],[140.18222,36.377391],[140.183087,36.378031],[140.183468,36.379716],[140.184897,36.38008],[140.185099,36.381032],[140.187629,36.382269],[140.189143,36.383545],[140.190059,36.383732],[140.191207,36.384784],[140.189407,36.385777],[140.189202,36.386944],[140.188722,36.387715],[140.188771,36.388695],[140.187921,36.389274],[140.187047,36.391087],[140.185971,36.392134],[140.185126,36.395],[140.186677,36.396262],[140.185157,36.398338],[140.185761,36.399352],[140.185731,36.400153],[140.186284,36.401388],[140.189109,36.402242],[140.188933,36.403785],[140.189144,36.403955],[140.189435,36.404136],[140.192622,36.404698],[140.192662,36.406657],[140.194617,36.408793],[140.195793,36.409205],[140.196631,36.411592],[140.197475,36.411943],[140.197988,36.413228],[140.197777,36.413919],[140.197998,36.41413],[140.198209,36.414461],[140.19841,36.415787],[140.199687,36.41652],[140.200707,36.417833],[140.200958,36.418596],[140.203261,36.420743],[140.203149,36.421288],[140.203149,36.421906],[140.202383,36.423945],[140.203486,36.426639],[140.203395,36.428733],[140.201752,36.429588],[140.201167,36.431826],[140.202045,36.432811],[140.20349,36.432627],[140.207056,36.433596],[140.209941,36.433017],[140.210836,36.434839],[140.211699,36.435391],[140.215426,36.435247],[140.218473,36.435841],[140.219583,36.435205],[140.21962,36.431669],[140.22082,36.431178],[140.221697,36.430281],[140.222756,36.430281],[140.228454,36.434567],[140.228526,36.435466],[140.230229,36.437072],[140.230355,36.43823],[140.232595,36.439158],[140.233615,36.438507],[140.233884,36.438044],[140.233902,36.437435],[140.237953,36.431325],[140.240765,36.431209],[140.242488,36.430701],[140.243776,36.430687],[140.245731,36.431266],[140.246286,36.430976],[140.249007,36.430848],[140.249539,36.430613],[140.249727,36.430502],[140.252432,36.431036],[140.253931,36.430856],[140.254747,36.432001],[140.255544,36.43243],[140.25795,36.434705],[140.259793,36.4342],[140.260247,36.434747],[140.262118,36.43546],[140.264664,36.435959],[140.266332,36.435501],[140.267412,36.434851],[140.270431,36.434885],[140.271665,36.43557],[140.272977,36.43546],[140.273779,36.435943],[140.275323,36.436191],[140.276859,36.435726],[140.278501,36.436317],[140.278657,36.436893],[140.279625,36.436672],[140.280503,36.437283],[140.281537,36.436662],[140.282572,36.436468],[140.285465,36.437179],[140.28656,36.437007],[140.287979,36.438161],[140.288825,36.439588],[140.289661,36.439853],[140.29032,36.440839],[140.291547,36.441831],[140.293074,36.442569],[140.294947,36.442543],[140.295741,36.443867],[140.293381,36.444418],[140.292859,36.445178],[140.291591,36.445491],[140.291339,36.446182],[140.292037,36.446886],[140.293106,36.447209],[140.294127,36.44862],[140.295894,36.449184],[140.297154,36.44831],[140.297809,36.446276],[140.298443,36.445328],[140.298377,36.444718],[140.29928,36.443939],[140.3012,36.444712],[140.303685,36.444139],[140.304556,36.443295],[140.305231,36.444075],[140.305848,36.444016],[140.307511,36.444632],[140.308111,36.444462],[140.308641,36.443712],[140.308383,36.442252],[140.308534,36.441972],[140.308684,36.441729],[140.309443,36.441169],[140.310576,36.44138],[140.31141,36.440807],[140.311848,36.440368],[140.311542,36.439657],[140.312384,36.438472],[140.315397,36.439729],[140.316023,36.439729],[140.316724,36.440389],[140.317904,36.44076],[140.318421,36.440683],[140.318736,36.440601],[140.319641,36.439823],[140.320368,36.440096],[140.322622,36.439292],[140.324527,36.439343],[140.324903,36.438895],[140.324942,36.438044],[140.325988,36.437464],[140.326377,36.436702],[140.327002,36.43629],[140.328164,36.43339],[140.330277,36.433838],[140.332507,36.432763],[140.332632,36.432524],[140.332227,36.431901],[140.332026,36.43137],[140.332267,36.4307],[140.333022,36.430699],[140.333899,36.429739],[140.334521,36.429762],[140.334871,36.429015],[140.336822,36.429218],[140.337624,36.428438],[140.338817,36.428],[140.339281,36.427194],[140.338866,36.425306],[140.339173,36.423752],[140.340895,36.422343],[140.341051,36.42147],[140.342291,36.421676],[140.34253,36.421636],[140.343256,36.421329],[140.344166,36.421446],[140.346136,36.419926],[140.347356,36.420607],[140.347879,36.420585],[140.348037,36.420533],[140.348243,36.420436],[140.348943,36.419241],[140.349091,36.4192],[140.349768,36.419011],[140.349827,36.418905],[140.349979,36.418692],[140.349949,36.417195],[140.348934,36.416183],[140.349165,36.415658],[140.349477,36.41523],[140.349234,36.413849],[140.349834,36.412384],[140.349988,36.410345],[140.35056,36.40961],[140.351925,36.409621],[140.352367,36.409043],[140.352922,36.408536],[140.353188,36.408086],[140.353035,36.407432],[140.353044,36.407244],[140.353512,36.406327],[140.354019,36.406096],[140.355517,36.404103],[140.354599,36.40243],[140.35456,36.400056],[140.354146,36.399385],[140.352136,36.398818],[140.352167,36.398457],[140.352088,36.398328],[140.350648,36.398133],[140.349627,36.397501],[140.348239,36.397372],[140.345299,36.394296],[140.338876,36.396193],[140.338317,36.396245],[140.337105,36.395342],[140.333703,36.39485],[140.332493,36.394906],[140.330831,36.395907],[140.32433,36.393933],[140.322971,36.393932],[140.321741,36.392652],[140.323068,36.391283],[140.323167,36.391076],[140.323208,36.390763],[140.323019,36.388799],[140.322414,36.386696],[140.322067,36.38484],[140.322257,36.382755],[140.324639,36.380629],[140.327021,36.379785],[140.336089,36.374748],[140.335842,36.373782],[140.336106,36.37332],[140.336841,36.373725],[140.336965,36.373642],[140.336709,36.373353],[140.338859,36.368666],[140.341713,36.364051],[140.342127,36.362198],[140.342614,36.361554],[140.342111,36.36096],[140.341934,36.359594],[140.337278,36.356059],[140.336933,36.35495],[140.337861,36.354698],[140.337801,36.354571],[140.337579,36.354466],[140.337782,36.35412],[140.337466,36.353954],[140.337451,36.353856],[140.337864,36.353552],[140.337627,36.353376],[140.3375,36.353132],[140.33753,36.353087],[140.338022,36.353023],[140.337492,36.351993],[140.337394,36.351685],[140.334821,36.350855],[140.334879,36.350254],[140.333093,36.344277],[140.333049,36.343584],[140.333094,36.342238],[140.333726,36.339962],[140.33434,36.339589],[140.335793,36.33951],[140.335383,36.338252],[140.336877,36.337564],[140.337294,36.338228],[140.338544,36.338243],[140.338878,36.33795],[140.339082,36.337734],[140.338376,36.33616],[140.337835,36.336301],[140.337362,36.334791],[140.33569,36.335409],[140.335497,36.336324],[140.335796,36.336502],[140.333284,36.337726],[140.333317,36.335828],[140.337744,36.334312],[140.339699,36.332619],[140.341805,36.329956],[140.341965,36.329457],[140.341948,36.3293],[140.341155,36.328416],[140.342539,36.327008],[140.343188,36.325566],[140.344302,36.324052],[140.346799,36.322774],[140.34804,36.322542],[140.348222,36.322508],[140.350348,36.320922],[140.356619,36.317326],[140.362003,36.3151],[140.364297,36.314711],[140.36698,36.314703],[140.368263,36.313637],[140.368617,36.313324],[140.369585,36.31303],[140.369695,36.312908],[140.370082,36.31237],[140.369855,36.311927],[140.368227,36.311347],[140.367594,36.31164],[140.366874,36.31158],[140.366325,36.312302],[140.36507,36.312452],[140.364489,36.312922],[140.364304,36.312963],[140.36395,36.312942],[140.362113,36.311357],[140.360977,36.310989],[140.358815,36.308171],[140.356794,36.307071],[140.356886,36.306437],[140.356955,36.306133],[140.357561,36.305302],[140.35735,36.305029],[140.358429,36.304107],[140.358665,36.303705],[140.358825,36.303289],[140.359212,36.300965],[140.358951,36.299156],[140.358598,36.299054],[140.357974,36.298039],[140.355137,36.297446],[140.354751,36.293583],[140.355586,36.292048],[140.355303,36.291161],[140.353217,36.288205],[140.352527,36.284811],[140.349859,36.278687],[140.349414,36.27796],[140.348572,36.277464],[140.346869,36.274941],[140.342462,36.269731],[140.342431,36.269376],[140.342416,36.26893],[140.34293,36.267122],[140.342937,36.265831],[140.342532,36.265582],[140.341639,36.266136],[140.340867,36.265582],[140.339207,36.267651],[140.336989,36.268792],[140.335817,36.270076],[140.336047,36.270608],[140.335702,36.270684],[140.335567,36.270684],[140.33293,36.269271],[140.32689,36.271311],[140.323983,36.272882],[140.321373,36.271543],[140.321149,36.271543],[140.320933,36.271609],[140.320479,36.272145],[140.320479,36.272271],[140.323276,36.276092],[140.321252,36.277161],[140.319278,36.274535],[140.316088,36.276125],[140.315709,36.276234],[140.315486,36.276136],[140.315438,36.275123],[140.316556,36.274542],[140.315898,36.273794],[140.314503,36.274615],[140.314279,36.275693],[140.315016,36.277346],[140.314747,36.277719],[140.314441,36.27814],[140.314238,36.279244],[140.313518,36.279612],[140.313579,36.280094],[140.312469,36.28085],[140.312252,36.280845],[140.312096,36.280697],[140.312022,36.279426],[140.311216,36.279273],[140.310115,36.277981],[140.310316,36.277284],[140.310303,36.277257],[140.310113,36.276832],[140.30802,36.27454],[140.307417,36.274496],[140.305721,36.275159],[140.304097,36.273025],[140.302947,36.273382],[140.302161,36.273365],[140.301576,36.273332],[140.301492,36.273295],[140.301379,36.273245],[140.301447,36.273051],[140.301677,36.272465],[140.300865,36.271873],[140.293919,36.268837],[140.29084,36.268426],[140.290035,36.268957],[140.289345,36.269092],[140.289195,36.269121],[140.288891,36.268929],[140.287372,36.269566],[140.286104,36.269615],[140.285576,36.269999],[140.283833,36.270142],[140.282756,36.26989],[140.279883,36.270367],[140.275267,36.270564],[140.273836,36.270482],[140.272189,36.269763],[140.270388,36.268337],[140.268069,36.267974],[140.264878,36.271331],[140.258845,36.272041],[140.257761,36.272693],[140.257713,36.274181],[140.256955,36.27469],[140.255579,36.276387],[140.25545,36.276733],[140.255374,36.277437],[140.25425,36.278978],[140.252624,36.280065],[140.251764,36.281074],[140.25057,36.281388],[140.249289,36.282272],[140.248957,36.284215],[140.246929,36.284068],[140.244758,36.283046],[140.243118,36.283585],[140.240558,36.283719],[140.239889,36.283734],[140.239657,36.283729],[140.238187,36.283257],[140.236815,36.284266],[140.236291,36.285844],[140.235395,36.286754],[140.234746,36.287121],[140.233338,36.287185],[140.232904,36.288556],[140.232043,36.289808],[140.230706,36.290822],[140.229005,36.291219],[140.228197,36.292434],[140.226753,36.293254],[140.223995,36.295946],[140.222318,36.299346],[140.222006,36.30082],[140.222672,36.303565],[140.222495,36.304454],[140.219075,36.308639],[140.218409,36.308792],[140.215641,36.310656],[140.2151,36.311722],[140.215248,36.313441],[140.215141,36.313571],[140.2148,36.313846],[140.214078,36.313678],[140.213775,36.313883],[140.213584,36.315172],[140.212199,36.317302],[140.207983,36.318208],[140.20672,36.317924],[140.206025,36.318049],[140.205003,36.319016],[140.204476,36.320546],[140.203795,36.320807],[140.202702,36.3219],[140.202064,36.32209],[140.200982,36.321778],[140.196978,36.319566],[140.194654,36.318948],[140.192668,36.317607],[140.189756,36.318011],[140.187405,36.318955],[140.182715,36.320084],[140.180544,36.321074]],[[139.995203,35.909567],[139.999907,35.91893],[140.001181,35.918502],[140.001575,35.918997],[140.002101,35.918783],[140.002953,35.919877],[140.003051,35.920005],[140.002513,35.920388],[140.002856,35.925473],[140.003369,35.926545],[140.004502,35.927354],[140.004891,35.928889],[140.007171,35.92948],[140.007856,35.930508],[140.013247,35.929561],[140.014498,35.930364],[140.0161,35.932011],[140.016113,35.934207],[140.017783,35.935203],[140.018622,35.937354],[140.01753,35.941733],[140.018466,35.941948],[140.01894,35.942687],[140.019486,35.942864],[140.022432,35.946864],[140.020477,35.947292],[140.019165,35.945562],[140.017125,35.946638],[140.018545,35.948735],[140.017829,35.948837],[140.016914,35.94961],[140.01805,35.951137],[140.018887,35.953205],[140.020014,35.954206],[140.026943,35.947869],[140.028052,35.945603],[140.028863,35.942106],[140.029874,35.940579],[140.032377,35.938862],[140.039733,35.936285],[140.041639,35.934813],[140.044335,35.931781],[140.04507,35.931402],[140.048556,35.932791],[140.050305,35.934803],[140.055151,35.937632],[140.056804,35.937659],[140.062657,35.936086],[140.064064,35.936369],[140.066857,35.938041],[140.072826,35.942735],[140.076523,35.944031],[140.080033,35.944634],[140.081341,35.944707],[140.082454,35.944676],[140.084252,35.94421],[140.085763,35.943323],[140.086768,35.944203],[140.087022,35.944084],[140.08748,35.944813],[140.088014,35.9441],[140.088066,35.943903],[140.087506,35.941304],[140.08808,35.941773],[140.088009,35.941835],[140.087831,35.94199],[140.0885,35.942126],[140.08857,35.942223],[140.088627,35.942514],[140.089111,35.942343],[140.089473,35.942343],[140.090448,35.944089],[140.093936,35.941929],[140.094153,35.941888],[140.094936,35.9434],[140.097973,35.942406],[140.098647,35.94283],[140.099031,35.944006],[140.100444,35.943582],[140.100959,35.944522],[140.101698,35.945912],[140.102194,35.94599],[140.110627,35.942952],[140.113099,35.947501],[140.113673,35.94721],[140.114373,35.94791],[140.118946,35.945207],[140.123903,35.94102],[140.127656,35.939377],[140.132454,35.936047],[140.130361,35.932273],[140.132971,35.931304],[140.132862,35.930096],[140.131992,35.928968],[140.131759,35.9278],[140.130926,35.926196],[140.128256,35.926539],[140.127176,35.922545],[140.127366,35.92113],[140.127541,35.920618],[140.12793,35.91988],[140.131913,35.918153],[140.134172,35.915141],[140.137204,35.914323],[140.138653,35.913592],[140.142432,35.910248],[140.143525,35.910084],[140.14559,35.91043],[140.147269,35.909641],[140.148775,35.90738],[140.148887,35.906774],[140.149075,35.90582],[140.149013,35.903573],[140.151918,35.902994],[140.151778,35.901904],[140.151054,35.902136],[140.151082,35.901598],[140.151375,35.901586],[140.150768,35.899491],[140.150176,35.899627],[140.149257,35.897329],[140.152427,35.896757],[140.15233,35.896451],[140.153028,35.896992],[140.1532,35.897125],[140.153298,35.897037],[140.154245,35.896182],[140.153782,35.89579],[140.15373,35.895746],[140.153207,35.896137],[140.152211,35.895365],[140.151006,35.895184],[140.151222,35.894362],[140.151536,35.894385],[140.151452,35.894848],[140.151424,35.895002],[140.151773,35.895042],[140.151849,35.894718],[140.151891,35.894544],[140.152107,35.894566],[140.152062,35.894802],[140.152009,35.895087],[140.15226,35.895156],[140.153006,35.89292],[140.14484,35.893186],[140.142555,35.890877],[140.138515,35.889829],[140.136286,35.888048],[140.134872,35.8874],[140.133998,35.887644],[140.133376,35.889777],[140.132028,35.890922],[140.130469,35.891177],[140.129619,35.890526],[140.129187,35.888769],[140.130921,35.885025],[140.126696,35.881481],[140.125592,35.879687],[140.125429,35.878339],[140.125768,35.87654],[140.127416,35.872165],[140.127142,35.870856],[140.124597,35.872509],[140.122635,35.873369],[140.121732,35.873663],[140.117202,35.874508],[140.111731,35.876042],[140.100889,35.881511],[140.096515,35.883015],[140.092823,35.883865],[140.087486,35.883885],[140.08473,35.882167],[140.081687,35.880799],[140.078299,35.877821],[140.074326,35.876627],[140.073673,35.876718],[140.072098,35.877417],[140.066599,35.880872],[140.063414,35.884722],[140.061117,35.888056],[140.055601,35.8907],[140.047539,35.891961],[140.043727,35.893366],[140.038913,35.89682],[140.031107,35.900612],[140.028406,35.902241],[140.025016,35.905103],[140.022726,35.907903],[140.020901,35.909228],[140.016925,35.910579],[140.013216,35.911097],[140.008849,35.910726],[140.001589,35.909358],[139.998689,35.909145],[139.996744,35.909225],[139.995203,35.909567]],[[140.114728,35.979812],[140.119732,35.981507],[140.119979,35.980375],[140.121677,35.979139],[140.12447,35.979029],[140.125634,35.97836],[140.125624,35.978147],[140.125604,35.977267],[140.127161,35.977209],[140.127181,35.977454],[140.128231,35.977934],[140.12833,35.978459],[140.127804,35.97865],[140.127861,35.979341],[140.128213,35.979231],[140.12876,35.981153],[140.129279,35.98086],[140.13013,35.981183],[140.130296,35.981709],[140.129991,35.98177],[140.129805,35.98279],[140.130486,35.983606],[140.131048,35.985094],[140.1314,35.985048],[140.131719,35.985007],[140.131927,35.985577],[140.138824,35.985881],[140.14125,35.988249],[140.135876,35.995125],[140.135863,35.996329],[140.134764,35.997936],[140.134705,35.998755],[140.133064,35.999937],[140.132933,36.000829],[140.134531,36.003656],[140.137112,36.005729],[140.138076,36.004895],[140.138922,36.005157],[140.142343,36.00473],[140.145299,36.006055],[140.14433,36.008719],[140.14301,36.01522],[140.141499,36.018198],[140.140232,36.019243],[140.141134,36.02022],[140.142838,36.02139],[140.142617,36.023006],[140.143572,36.025046],[140.1443,36.027973],[140.145935,36.028063],[140.148783,36.024863],[140.150033,36.022908],[140.151664,36.021765],[140.154276,36.017688],[140.156392,36.015093],[140.157024,36.015075],[140.157656,36.015469],[140.163617,36.010976],[140.170341,36.006407],[140.175739,36.001491],[140.177603,35.998792],[140.179177,35.995494],[140.179547,35.995327],[140.179743,35.993209],[140.17903,35.988915],[140.179298,35.986279],[140.180252,35.986098],[140.180691,35.984978],[140.182583,35.984528],[140.183531,35.982836],[140.186226,35.982096],[140.189326,35.978558],[140.191281,35.979023],[140.19329,35.978856],[140.193638,35.976608],[140.194104,35.976273],[140.194832,35.975782],[140.196768,35.97553],[140.19772,35.974849],[140.198356,35.975258],[140.202158,35.973203],[140.203781,35.973761],[140.203966,35.969602],[140.205267,35.968352],[140.208277,35.968606],[140.20904,35.968992],[140.209911,35.970556],[140.211384,35.971956],[140.213417,35.975943],[140.214952,35.97624],[140.214866,35.978016],[140.215394,35.980036],[140.217297,35.983226],[140.218424,35.984031],[140.220511,35.983804],[140.224059,35.98145],[140.224585,35.980358],[140.225359,35.979579],[140.225144,35.978268],[140.228072,35.976077],[140.229002,35.976991],[140.230178,35.977248],[140.231256,35.978453],[140.231448,35.978496],[140.232359,35.97861],[140.235666,35.981156],[140.242274,35.983295],[140.243539,35.983298],[140.243733,35.984442],[140.24479,35.984996],[140.250273,35.986479],[140.253754,35.985787],[140.254185,35.985105],[140.254343,35.984895],[140.254569,35.983218],[140.25624,35.97875],[140.257546,35.979134],[140.257892,35.977637],[140.259217,35.978209],[140.261733,35.977531],[140.261681,35.976661],[140.261748,35.976082],[140.262494,35.972789],[140.262988,35.972786],[140.2635,35.972888],[140.265532,35.965739],[140.265954,35.965788],[140.267367,35.961613],[140.265045,35.960528],[140.267781,35.957916],[140.268694,35.956403],[140.269346,35.954501],[140.271124,35.953333],[140.270976,35.953173],[140.270757,35.952776],[140.27087,35.952127],[140.270473,35.951112],[140.272932,35.94343],[140.269413,35.942212],[140.265556,35.941758],[140.264546,35.940676],[140.264059,35.940805],[140.263774,35.940213],[140.26358,35.939734],[140.262163,35.940334],[140.259427,35.940553],[140.258745,35.939758],[140.255877,35.937819],[140.255731,35.939554],[140.254735,35.94078],[140.248406,35.944891],[140.245436,35.946236],[140.242393,35.948416],[140.241016,35.948809],[140.238005,35.948944],[140.231061,35.948055],[140.227243,35.948044],[140.222581,35.950528],[140.215763,35.955314],[140.209394,35.957266],[140.205866,35.959202],[140.201956,35.960821],[140.200551,35.962616],[140.198862,35.963724],[140.196073,35.964799],[140.195349,35.964942],[140.194398,35.96504],[140.194387,35.96492],[140.194328,35.964222],[140.194684,35.964189],[140.194746,35.963339],[140.195181,35.963232],[140.194857,35.960538],[140.193936,35.958894],[140.193857,35.956508],[140.193255,35.953846],[140.193066,35.953693],[140.192994,35.953642],[140.191929,35.954332],[140.191205,35.955478],[140.189834,35.95649],[140.186828,35.956498],[140.186016,35.954814],[140.186519,35.953179],[140.186126,35.952063],[140.185819,35.951427],[140.185552,35.951026],[140.183803,35.94927],[140.184017,35.948502],[140.183456,35.947828],[140.183381,35.947499],[140.183433,35.947269],[140.183532,35.946962],[140.184486,35.947014],[140.178349,35.939254],[140.178205,35.939009],[140.179073,35.937439],[140.17833,35.936867],[140.176899,35.933878],[140.175788,35.933403],[140.175005,35.932028],[140.175,35.932048],[140.174824,35.932821],[140.175088,35.933189],[140.174892,35.933393],[140.174427,35.932841],[140.173593,35.9337],[140.174236,35.934566],[140.174184,35.934858],[140.174865,35.93546],[140.173508,35.941496],[140.168944,35.946596],[140.164365,35.949265],[140.158811,35.954793],[140.157362,35.955733],[140.157211,35.955798],[140.157045,35.95587],[140.158093,35.953927],[140.157463,35.951091],[140.155361,35.948526],[140.152865,35.944366],[140.151512,35.943186],[140.150254,35.942784],[140.149218,35.943085],[140.147257,35.945121],[140.1459,35.945292],[140.145302,35.94601],[140.143673,35.946865],[140.141891,35.947491],[140.141157,35.947466],[140.139753,35.948114],[140.139094,35.949113],[140.137654,35.949272],[140.137004,35.950269],[140.13408,35.951011],[140.133718,35.950374],[140.132614,35.95148],[140.128801,35.95326],[140.126856,35.955816],[140.126641,35.957331],[140.127059,35.957261],[140.127662,35.958317],[140.127608,35.959353],[140.126425,35.959325],[140.126086,35.96069],[140.125257,35.960427],[140.125379,35.95994],[140.124965,35.959522],[140.122044,35.958253],[140.120188,35.958772],[140.119951,35.958966],[140.119869,35.959084],[140.119851,35.959679],[140.117843,35.961556],[140.11777,35.962962],[140.116302,35.96412],[140.115923,35.964781],[140.11595,35.966387],[140.115154,35.967837],[140.115778,35.969743],[140.115108,35.972282],[140.115434,35.973974],[140.11509,35.97701],[140.115343,35.97871],[140.114728,35.979812]],[[140.082019,35.998081],[140.08021,35.998894],[140.080518,35.999317],[140.079654,35.999711],[140.079552,35.999757],[140.079181,35.999343],[140.077599,36.000439],[140.076834,36.001173],[140.076377,36.002687],[140.071832,36.006267],[140.068241,36.007572],[140.06515,36.013008],[140.064231,36.013673],[140.063378,36.012524],[140.061465,36.010991],[140.060756,36.011218],[140.059806,36.010527],[140.058963,36.01099],[140.058053,36.010982],[140.057656,36.011344],[140.057429,36.011335],[140.057319,36.01126],[140.057218,36.010645],[140.056654,36.010485],[140.056299,36.011571],[140.054374,36.01038],[140.053556,36.010843],[140.050688,36.008556],[140.051523,36.007688],[140.051101,36.00736],[140.047903,36.009572],[140.045181,36.012248],[140.046212,36.014038],[140.045538,36.015739],[140.046559,36.017657],[140.045143,36.019004],[140.045068,36.020014],[140.048342,36.02529],[140.049455,36.025374],[140.051271,36.024835],[140.052654,36.024018],[140.052941,36.022637],[140.053775,36.022637],[140.053022,36.024943],[140.049894,36.028471],[140.049866,36.030913],[140.049859,36.030959],[140.049762,36.031623],[140.049363,36.03163],[140.04942,36.03243],[140.048728,36.032539],[140.048703,36.033345],[140.048416,36.033312],[140.046712,36.036265],[140.042665,36.041043],[140.040117,36.040439],[140.037816,36.038695],[140.038001,36.039782],[140.036855,36.039335],[140.035666,36.04086],[140.03236,36.041899],[140.032874,36.042918],[140.031064,36.043412],[140.031131,36.043648],[140.031182,36.043716],[140.032311,36.043716],[140.032387,36.04385],[140.032244,36.044069],[140.031232,36.044019],[140.031106,36.044557],[140.030912,36.044591],[140.030684,36.04465],[140.030372,36.044111],[140.029555,36.043724],[140.029192,36.043959],[140.029782,36.044541],[140.02963,36.044844],[140.026776,36.04551],[140.026697,36.047667],[140.02457,36.051079],[140.023133,36.052565],[140.019143,36.055493],[140.016072,36.058896],[140.015965,36.060659],[140.015285,36.0615],[140.011479,36.05943],[140.010569,36.059274],[140.009149,36.060181],[140.010229,36.061758],[140.007337,36.062475],[140.006582,36.062354],[140.005742,36.062742],[140.005556,36.063458],[140.006286,36.064105],[140.008366,36.063255],[140.00911,36.063547],[140.008869,36.064717],[140.008069,36.06597],[140.005746,36.065203],[140.005541,36.065408],[140.005746,36.066334],[140.006166,36.067237],[140.00797,36.06906],[140.008378,36.070054],[140.011617,36.071438],[140.011608,36.071574],[140.011549,36.071787],[140.008735,36.071039],[140.008148,36.071523],[140.006802,36.074239],[140.005132,36.07429],[140.002845,36.073899],[140.001519,36.074129],[140.001353,36.076225],[140.002151,36.076471],[140.004208,36.076404],[140.004965,36.076701],[140.0042,36.079178],[140.004319,36.080953],[140.003084,36.082861],[140.00198,36.083678],[140.002387,36.085086],[140.001944,36.086134],[140.000962,36.086322],[139.999688,36.08572],[139.998955,36.086799],[139.998321,36.088608],[139.998377,36.090282],[140.00287,36.092328],[140.004321,36.09358],[140.007249,36.095041],[140.007667,36.095899],[140.008816,36.097091],[140.009127,36.098046],[140.009131,36.099424],[140.008627,36.100579],[140.00721,36.101596],[140.006474,36.102933],[140.006125,36.103058],[140.003608,36.10213],[140.002754,36.102079],[140.000104,36.106742],[139.998617,36.106772],[139.998893,36.107521],[139.998789,36.108016],[139.998716,36.108176],[139.997513,36.108882],[139.997694,36.109223],[139.998731,36.108924],[139.999055,36.109148],[139.999322,36.109299],[140.00031,36.111564],[140.002063,36.113552],[140.00176,36.115726],[140.002862,36.118262],[140.002412,36.119712],[140.002926,36.120944],[140.001623,36.121804],[140.002074,36.123349],[140.001604,36.123263],[140.000513,36.124229],[139.997741,36.12406],[139.997984,36.124967],[139.997797,36.125314],[139.99644,36.125392],[139.996188,36.125783],[139.996164,36.125978],[139.99654,36.126484],[139.995846,36.12706],[139.995799,36.127837],[139.99581,36.128272],[139.996175,36.128449],[139.998148,36.12869],[139.9994,36.130687],[139.999664,36.132916],[139.998221,36.134959],[139.998051,36.135726],[139.998585,36.136462],[140.001123,36.137934],[140.002648,36.140367],[140.00348,36.142583],[140.003426,36.144626],[140.003993,36.147554],[140.004449,36.148411],[140.003735,36.150172],[140.005237,36.15159],[140.005494,36.15232],[140.002467,36.155073],[140.002137,36.156056],[140.005077,36.158842],[140.006873,36.161397],[140.006845,36.163693],[140.007412,36.166339],[140.007066,36.168579],[140.007625,36.172179],[140.009065,36.171891],[140.010198,36.173579],[140.013319,36.172887],[140.014141,36.175421],[140.016328,36.17508],[140.016455,36.175772],[140.016504,36.175899],[140.017256,36.176495],[140.020492,36.175333],[140.020512,36.175782],[140.020853,36.175929],[140.021078,36.176016],[140.021986,36.175519],[140.024639,36.179244],[140.02073,36.180485],[140.020994,36.181324],[140.021218,36.181354],[140.021443,36.181276],[140.021628,36.181608],[140.021814,36.181851],[140.023329,36.182273],[140.023562,36.182881],[140.021947,36.183581],[140.021775,36.184579],[140.02111,36.184742],[140.020885,36.18477],[140.020621,36.185996],[140.020169,36.186382],[140.019442,36.187166],[140.020426,36.187682],[140.020863,36.187911],[140.020567,36.188278],[140.020498,36.188363],[140.022177,36.189206],[140.022259,36.189593],[140.022454,36.189575],[140.022818,36.189575],[140.022001,36.191305],[140.020385,36.190463],[140.019515,36.191731],[140.022095,36.193521],[140.023909,36.194291],[140.028125,36.195264],[140.031948,36.195604],[140.030909,36.197654],[140.032072,36.198538],[140.033122,36.196582],[140.035591,36.197389],[140.036628,36.196499],[140.035578,36.196218],[140.034705,36.196034],[140.034637,36.195693],[140.03461,36.195557],[140.037998,36.195032],[140.038043,36.195165],[140.036923,36.196079],[140.037545,36.19631],[140.037362,36.196687],[140.038259,36.196874],[140.038212,36.197037],[140.038108,36.197406],[140.035923,36.197646],[140.035762,36.199533],[140.039267,36.198923],[140.040425,36.201383],[140.044676,36.200399],[140.045572,36.201947],[140.047232,36.202756],[140.045632,36.201756],[140.045309,36.201093],[140.047406,36.202473],[140.048019,36.203907],[140.048402,36.204213],[140.048666,36.204302],[140.049002,36.204249],[140.049463,36.203859],[140.049882,36.204099],[140.049614,36.205186],[140.050118,36.205587],[140.049848,36.205784],[140.049566,36.207572],[140.048991,36.207943],[140.048733,36.206884],[140.048182,36.207488],[140.046057,36.210776],[140.044839,36.214178],[140.047889,36.21489],[140.048972,36.211642],[140.059428,36.212847],[140.060135,36.213434],[140.060237,36.214302],[140.059108,36.215006],[140.05788,36.217202],[140.057532,36.218663],[140.056344,36.219205],[140.056122,36.21936],[140.055978,36.21969],[140.055714,36.221334],[140.055834,36.223326],[140.054564,36.224188],[140.052956,36.228182],[140.051125,36.228904],[140.050141,36.230603],[140.050764,36.230992],[140.052922,36.230926],[140.052636,36.232688],[140.053187,36.233048],[140.052865,36.233727],[140.054933,36.233541],[140.055257,36.233882],[140.054855,36.234277],[140.055049,36.236706],[140.058533,36.236151],[140.058725,36.236665],[140.058809,36.236797],[140.059031,36.236827],[140.059306,36.236767],[140.059931,36.236173],[140.059973,36.234724],[140.060411,36.234652],[140.059655,36.232228],[140.059709,36.22968],[140.059205,36.226331],[140.0586,36.225421],[140.0589,36.225391],[140.059163,36.225493],[140.059481,36.226253],[140.060212,36.225666],[140.065087,36.226134],[140.06675,36.226541],[140.068422,36.226451],[140.072253,36.2271],[140.074854,36.226819],[140.079052,36.227753],[140.082586,36.228076],[140.08655,36.227285],[140.098136,36.226277],[140.096877,36.22852],[140.099072,36.230886],[140.110336,36.231352],[140.110448,36.230159],[140.111521,36.227901],[140.114667,36.228821],[140.116811,36.227238],[140.118057,36.22667],[140.115742,36.222999],[140.118267,36.221226],[140.119334,36.21962],[140.122482,36.21796],[140.122699,36.217174],[140.121783,36.211657],[140.123628,36.209311],[140.124679,36.205889],[140.126441,36.205278],[140.128523,36.203138],[140.128627,36.201613],[140.129562,36.200648],[140.129164,36.199982],[140.127833,36.200059],[140.127361,36.198723],[140.127781,36.198151],[140.127754,36.197179],[140.128588,36.196676],[140.128884,36.195855],[140.129706,36.195442],[140.130647,36.192574],[140.129743,36.190911],[140.128029,36.189432],[140.128206,36.189093],[140.128394,36.188884],[140.129689,36.188288],[140.130228,36.186874],[140.131814,36.185368],[140.132508,36.183459],[140.134209,36.182345],[140.134849,36.18221],[140.135995,36.180457],[140.136704,36.180049],[140.135973,36.178945],[140.137502,36.17551],[140.134973,36.173891],[140.134606,36.172997],[140.134456,36.170593],[140.133312,36.169851],[140.132628,36.168924],[140.130543,36.168411],[140.130057,36.167417],[140.131224,36.164114],[140.134728,36.163568],[140.136768,36.162637],[140.138446,36.161007],[140.139072,36.157563],[140.141418,36.156408],[140.142281,36.153703],[140.1425,36.148768],[140.141473,36.147756],[140.141187,36.146331],[140.13976,36.144621],[140.139863,36.144506],[140.140805,36.143784],[140.140294,36.143489],[140.139365,36.144053],[140.138166,36.143762],[140.137996,36.143519],[140.138239,36.143343],[140.139575,36.142506],[140.138603,36.142045],[140.137806,36.143272],[140.137771,36.143325],[140.135005,36.142121],[140.139673,36.135151],[140.139767,36.135198],[140.140748,36.135679],[140.141118,36.135152],[140.141556,36.135412],[140.142218,36.134575],[140.143569,36.135096],[140.144286,36.134471],[140.144452,36.133411],[140.144124,36.133447],[140.144112,36.132895],[140.143389,36.132913],[140.14312,36.132262],[140.142978,36.132218],[140.141906,36.131885],[140.141778,36.132152],[140.141383,36.132025],[140.141122,36.13254],[140.139596,36.133105],[140.13752,36.130976],[140.132381,36.134259],[140.133102,36.135002],[140.13289,36.135148],[140.132423,36.134651],[140.130878,36.135298],[140.131874,36.136368],[140.131523,36.137191],[140.13094,36.136485],[140.130166,36.136944],[140.129634,36.13641],[140.129061,36.13674],[140.128571,36.136259],[140.127528,36.136992],[140.126869,36.136665],[140.126057,36.136237],[140.125753,36.136347],[140.124938,36.135758],[140.125232,36.135708],[140.125856,36.133704],[140.124702,36.133419],[140.124604,36.132383],[140.125108,36.131855],[140.126754,36.131788],[140.127149,36.131309],[140.127058,36.131024],[140.126359,36.130879],[140.1263,36.127248],[140.125966,36.126817],[140.124801,36.127133],[140.124867,36.12635],[140.125128,36.125891],[140.125566,36.126122],[140.126786,36.125412],[140.126306,36.124793],[140.125839,36.124654],[140.126052,36.123807],[140.127133,36.124292],[140.12759,36.125222],[140.128901,36.124598],[140.128932,36.124003],[140.127747,36.124003],[140.127085,36.123077],[140.129638,36.121362],[140.129213,36.120409],[140.129802,36.120142],[140.130767,36.120488],[140.131624,36.119705],[140.13165,36.119312],[140.132343,36.118857],[140.132671,36.117808],[140.134565,36.117839],[140.134379,36.116724],[140.136705,36.116281],[140.13841,36.113857],[140.139855,36.113409],[140.142434,36.113856],[140.144961,36.113371],[140.150247,36.11346],[140.158867,36.108535],[140.16129,36.10623],[140.159783,36.105371],[140.159697,36.105259],[140.159677,36.10501],[140.158171,36.104816],[140.158191,36.104055],[140.158268,36.10402],[140.157684,36.101921],[140.158446,36.101173],[140.157384,36.10026],[140.157531,36.100108],[140.156945,36.09937],[140.156569,36.097911],[140.153634,36.096411],[140.151024,36.096905],[140.150383,36.09423],[140.152017,36.094208],[140.152729,36.093448],[140.15091,36.091642],[140.154155,36.089544],[140.155312,36.089273],[140.155621,36.089099],[140.155909,36.088828],[140.15598,36.088828],[140.156262,36.089056],[140.156382,36.08774],[140.157861,36.087565],[140.157318,36.086682],[140.158096,36.085553],[140.157669,36.085265],[140.157555,36.085169],[140.157677,36.084864],[140.157529,36.084725],[140.157085,36.084372],[140.156519,36.083064],[140.155806,36.082217],[140.155811,36.080726],[140.155162,36.078378],[140.156092,36.074228],[140.16043,36.073895],[140.161807,36.073499],[140.16316,36.0726],[140.166008,36.069517],[140.170958,36.06801],[140.17316,36.065773],[140.170692,36.065845],[140.171116,36.064118],[140.169959,36.060908],[140.169302,36.061062],[140.169031,36.060755],[140.163127,36.062717],[140.161527,36.060805],[140.160339,36.060553],[140.157718,36.05915],[140.157859,36.058407],[140.157338,36.05749],[140.155994,36.057007],[140.155659,36.055838],[140.153414,36.054996],[140.153266,36.054333],[140.152708,36.053579],[140.152296,36.053038],[140.146825,36.051225],[140.144403,36.047571],[140.143562,36.045231],[140.141061,36.04572],[140.138189,36.04548],[140.141253,36.035828],[140.142737,36.032862],[140.143107,36.030067],[140.1443,36.027973],[140.143572,36.025046],[140.142617,36.023006],[140.142838,36.02139],[140.141134,36.02022],[140.140232,36.019243],[140.141499,36.018198],[140.14301,36.01522],[140.14433,36.008719],[140.145299,36.006055],[140.142343,36.00473],[140.138922,36.005157],[140.138076,36.004895],[140.137112,36.005729],[140.134531,36.003656],[140.132933,36.000829],[140.133064,35.999937],[140.134705,35.998755],[140.134764,35.997936],[140.135863,35.996329],[140.135876,35.995125],[140.14125,35.988249],[140.138824,35.985881],[140.131927,35.985577],[140.131719,35.985007],[140.1314,35.985048],[140.131048,35.985094],[140.130486,35.983606],[140.129805,35.98279],[140.129991,35.98177],[140.130296,35.981709],[140.13013,35.981183],[140.129279,35.98086],[140.12876,35.981153],[140.128213,35.979231],[140.127861,35.979341],[140.127804,35.97865],[140.12833,35.978459],[140.128231,35.977934],[140.127181,35.977454],[140.127161,35.977209],[140.125604,35.977267],[140.125624,35.978147],[140.125634,35.97836],[140.12447,35.979029],[140.121677,35.979139],[140.119979,35.980375],[140.119732,35.981507],[140.114728,35.979812],[140.113913,35.981617],[140.113207,35.98487],[140.111723,35.986409],[140.110322,35.987041],[140.102971,35.99425],[140.103183,35.994828],[140.103206,35.994892],[140.098411,35.999946],[140.098084,36.000786],[140.098185,36.003436],[140.09811,36.003452],[140.097995,36.003477],[140.098689,36.007171],[140.098624,36.007254],[140.098395,36.007551],[140.097374,36.008354],[140.097184,36.007594],[140.095636,36.007723],[140.094856,36.005877],[140.094026,36.004719],[140.093179,36.001459],[140.094101,36.000274],[140.094871,35.998595],[140.096428,35.997489],[140.096792,35.996616],[140.098186,35.995859],[140.098887,35.994014],[140.1024,35.990513],[140.102878,35.990392],[140.103925,35.989399],[140.105006,35.989224],[140.105393,35.988836],[140.105591,35.988601],[140.105476,35.988198],[140.107554,35.987762],[140.106967,35.986332],[140.106907,35.984907],[140.111378,35.977649],[140.111378,35.976882],[140.11113,35.976875],[140.11113,35.976768],[140.111131,35.975952],[140.111472,35.975952],[140.111122,35.967239],[140.110507,35.967204],[140.10996,35.966217],[140.109704,35.964584],[140.111345,35.962283],[140.113497,35.960733],[140.114958,35.959182],[140.115044,35.958113],[140.115616,35.958044],[140.1156,35.957939],[140.115497,35.95725],[140.115795,35.957216],[140.115207,35.95406],[140.11613,35.952309],[140.118865,35.950424],[140.122599,35.948625],[140.12296,35.948053],[140.122422,35.947338],[140.120502,35.947575],[140.119976,35.947808],[140.119444,35.948096],[140.11963,35.94837],[140.112627,35.951277],[140.111433,35.952042],[140.110536,35.953154],[140.109853,35.952078],[140.106966,35.953385],[140.10646,35.952989],[140.102391,35.955099],[140.101706,35.95586],[140.101209,35.957585],[140.098203,35.961498],[140.096588,35.963043],[140.096073,35.964046],[140.094118,35.965355],[140.092225,35.966165],[140.090848,35.967627],[140.091079,35.970451],[140.092304,35.973292],[140.091682,35.975939],[140.091931,35.975953],[140.091907,35.976118],[140.091877,35.976329],[140.091193,35.976421],[140.089593,35.982342],[140.086812,35.985365],[140.085861,35.99127],[140.082019,35.998081]],[[140.483333,36.401976],[140.482785,36.401933],[140.482738,36.402985],[140.48255,36.40318],[140.482003,36.403747],[140.482587,36.404021],[140.482861,36.405304],[140.483907,36.407548],[140.484623,36.408028],[140.485916,36.410495],[140.487792,36.409751],[140.487803,36.409746],[140.490954,36.414716],[140.494745,36.413152],[140.495294,36.414045],[140.496366,36.415792],[140.496686,36.415723],[140.497013,36.415683],[140.499158,36.416485],[140.499095,36.417904],[140.498443,36.418664],[140.49865,36.418792],[140.498291,36.419576],[140.499663,36.418975],[140.499229,36.419523],[140.501486,36.421126],[140.501994,36.421172],[140.503441,36.420933],[140.504965,36.420088],[140.506941,36.420533],[140.509595,36.419911],[140.509855,36.419455],[140.51064,36.419431],[140.510632,36.419973],[140.511352,36.421002],[140.511777,36.422906],[140.5116,36.423537],[140.51003,36.424607],[140.509546,36.425531],[140.509256,36.426654],[140.509321,36.427957],[140.510011,36.429179],[140.510986,36.429404],[140.511977,36.42897],[140.513004,36.42908],[140.513004,36.429004],[140.512727,36.428656],[140.512982,36.42844],[140.51261,36.428106],[140.512604,36.42803],[140.513632,36.427038],[140.515581,36.427777],[140.516479,36.427234],[140.51867,36.427859],[140.518721,36.430853],[140.51742,36.435794],[140.516942,36.436526],[140.514976,36.438046],[140.514277,36.439187],[140.514947,36.441511],[140.514604,36.445132],[140.514876,36.446902],[140.517642,36.450194],[140.520214,36.45121],[140.526661,36.451927],[140.526082,36.452601],[140.526943,36.452801],[140.527076,36.45325],[140.525745,36.452795],[140.526026,36.453339],[140.527639,36.453674],[140.529451,36.453345],[140.529663,36.45369],[140.528863,36.457829],[140.529333,36.458217],[140.529294,36.462082],[140.529922,36.463183],[140.534404,36.460803],[140.536127,36.459524],[140.536465,36.459206],[140.536504,36.459118],[140.536057,36.45859],[140.536065,36.457054],[140.536113,36.456969],[140.536323,36.456592],[140.538229,36.455737],[140.542522,36.456706],[140.542617,36.458619],[140.540949,36.458711],[140.540835,36.458795],[140.540826,36.458948],[140.541735,36.459178],[140.542901,36.459001],[140.542967,36.456941],[140.542437,36.455794],[140.542702,36.455319],[140.542778,36.45498],[140.542711,36.453532],[140.543422,36.452239],[140.544428,36.448649],[140.544182,36.447631],[140.544893,36.447494],[140.546601,36.448313],[140.547614,36.448458],[140.55211,36.447485],[140.55175,36.446549],[140.552366,36.443667],[140.55302,36.443544],[140.552565,36.441063],[140.554722,36.439514],[140.554426,36.438927],[140.554381,36.438839],[140.556809,36.437874],[140.559817,36.4367],[140.563599,36.435927],[140.569385,36.436049],[140.572315,36.434387],[140.581173,36.435283],[140.58303,36.436958],[140.584463,36.435605],[140.583649,36.433781],[140.584815,36.43319],[140.586577,36.43348],[140.587088,36.434054],[140.587155,36.434031],[140.587363,36.433702],[140.5875,36.433657],[140.58785,36.433649],[140.58803,36.433251],[140.586835,36.433017],[140.586704,36.432662],[140.587376,36.431526],[140.587234,36.431373],[140.588068,36.430952],[140.587936,36.430684],[140.587983,36.430554],[140.589063,36.429958],[140.589916,36.430179],[140.590751,36.429718],[140.591254,36.427111],[140.591605,36.426721],[140.593767,36.427717],[140.595681,36.429331],[140.596584,36.428872],[140.596858,36.429079],[140.608107,36.424458],[140.6081,36.426388],[140.610122,36.426366],[140.610118,36.427195],[140.618797,36.427184],[140.618796,36.427087],[140.618159,36.427091],[140.618123,36.426393],[140.623581,36.426336],[140.623566,36.426189],[140.618126,36.426249],[140.618106,36.425],[140.618053,36.421491],[140.612611,36.421227],[140.612584,36.414879],[140.612483,36.418188],[140.608879,36.418242],[140.608655,36.413547],[140.609132,36.411632],[140.609181,36.411529],[140.609732,36.411021],[140.610212,36.410896],[140.612408,36.410888],[140.612443,36.414395],[140.612541,36.414385],[140.612515,36.41089],[140.61372,36.410888],[140.613747,36.411259],[140.613931,36.411264],[140.613932,36.410886],[140.61561,36.410867],[140.615606,36.410603],[140.613977,36.410623],[140.613935,36.410582],[140.613901,36.408554],[140.613592,36.408527],[140.613274,36.407804],[140.613152,36.410436],[140.60973,36.410458],[140.609724,36.410382],[140.60973,36.409756],[140.61053,36.409745],[140.610518,36.409146],[140.609709,36.409156],[140.609693,36.407278],[140.610173,36.407276],[140.610171,36.406907],[140.609688,36.406892],[140.609695,36.405179],[140.614978,36.40513],[140.618772,36.409448],[140.61877,36.411185],[140.619005,36.411182],[140.618988,36.4095],[140.619135,36.409298],[140.614848,36.404473],[140.612403,36.404498],[140.611876,36.402707],[140.611732,36.399152],[140.613407,36.393078],[140.616043,36.38681],[140.616881,36.385728],[140.6184,36.384667],[140.61796,36.384358],[140.618463,36.38465],[140.620129,36.384451],[140.620876,36.386057],[140.621022,36.385916],[140.62035,36.384485],[140.620408,36.384449],[140.620514,36.384372],[140.62134,36.384249],[140.621429,36.384538],[140.621505,36.384786],[140.622434,36.385314],[140.621664,36.384701],[140.621474,36.383496],[140.622766,36.383591],[140.623436,36.384848],[140.622876,36.384739],[140.623754,36.384919],[140.623686,36.385188],[140.622458,36.385836],[140.622454,36.386392],[140.623757,36.385381],[140.624075,36.385758],[140.62466,36.385838],[140.624721,36.385607],[140.623972,36.385265],[140.62403,36.384418],[140.625717,36.382752],[140.625842,36.382104],[140.626675,36.381831],[140.626274,36.381802],[140.62642,36.38157],[140.627481,36.381309],[140.627347,36.381106],[140.627887,36.38087],[140.626902,36.380979],[140.626681,36.380204],[140.627358,36.377134],[140.626758,36.376764],[140.626104,36.375368],[140.624903,36.37459],[140.624721,36.374137],[140.624586,36.372191],[140.625273,36.370618],[140.624775,36.370595],[140.624658,36.370328],[140.625026,36.37024],[140.624465,36.370015],[140.625067,36.369495],[140.624733,36.369154],[140.625007,36.368957],[140.6246,36.368995],[140.625173,36.368824],[140.62453,36.368812],[140.625136,36.368491],[140.624773,36.368491],[140.624882,36.368152],[140.624263,36.368181],[140.624263,36.367909],[140.623787,36.368022],[140.623678,36.367743],[140.623992,36.367654],[140.622931,36.367203],[140.622561,36.366322],[140.622625,36.365556],[140.622169,36.364678],[140.622532,36.363825],[140.62224,36.362977],[140.621625,36.362541],[140.622186,36.362116],[140.621313,36.361273],[140.621075,36.359634],[140.620411,36.359271],[140.619609,36.359526],[140.619669,36.359058],[140.619565,36.358901],[140.619384,36.358796],[140.618308,36.358957],[140.618184,36.358662],[140.617345,36.358381],[140.617709,36.357927],[140.617266,36.357705],[140.616858,36.357861],[140.617026,36.357461],[140.616497,36.357805],[140.616579,36.357505],[140.616059,36.357663],[140.615533,36.357362],[140.615777,36.356683],[140.615788,36.356652],[140.615502,36.357],[140.614285,36.356392],[140.613817,36.355675],[140.614414,36.354991],[140.613613,36.354306],[140.613211,36.353009],[140.612966,36.353152],[140.613365,36.354338],[140.61402,36.354938],[140.613366,36.355613],[140.612389,36.354947],[140.612464,36.354856],[140.612794,36.354464],[140.612517,36.354305],[140.612761,36.354029],[140.611747,36.354712],[140.610854,36.353709],[140.610891,36.353066],[140.612556,36.353166],[140.610731,36.353036],[140.610173,36.353324],[140.609827,36.353508],[140.609805,36.353038],[140.608622,36.351349],[140.60767,36.347992],[140.607436,36.34757],[140.607155,36.347159],[140.607563,36.346962],[140.607005,36.346007],[140.609416,36.344956],[140.607849,36.342642],[140.606117,36.343431],[140.603239,36.339502],[140.603757,36.337767],[140.603446,36.337828],[140.602914,36.33946],[140.602127,36.339085],[140.602404,36.340014],[140.602949,36.339781],[140.60527,36.342955],[140.604353,36.343413],[140.60423,36.34326],[140.603862,36.34344],[140.603249,36.342626],[140.603242,36.342615],[140.603773,36.342169],[140.603155,36.342464],[140.60314,36.342459],[140.602316,36.341342],[140.602825,36.340886],[140.60224,36.341161],[140.602209,36.341168],[140.601642,36.340433],[140.602274,36.340093],[140.601505,36.340155],[140.601088,36.33963],[140.600719,36.338154],[140.600501,36.338304],[140.600907,36.339674],[140.599783,36.340201],[140.598593,36.33857],[140.597432,36.339116],[140.598282,36.340904],[140.596589,36.341698],[140.593994,36.338067],[140.594093,36.338019],[140.594043,36.337773],[140.594848,36.337954],[140.594641,36.337576],[140.594,36.337319],[140.593895,36.337312],[140.594322,36.336308],[140.587931,36.336096],[140.584662,36.337806],[140.582085,36.339662],[140.579517,36.342525],[140.576891,36.344454],[140.568546,36.347855],[140.562663,36.350653],[140.56133,36.35163],[140.557014,36.35673],[140.555416,36.358016],[140.552534,36.356498],[140.551307,36.357871],[140.552905,36.359531],[140.549359,36.361339],[140.544061,36.363192],[140.526704,36.366199],[140.521761,36.368117],[140.514667,36.371753],[140.510575,36.374443],[140.508665,36.376306],[140.50544,36.380364],[140.505424,36.38038],[140.504419,36.381336],[140.503622,36.381905],[140.502703,36.382331],[140.500299,36.38243],[140.49851,36.381563],[140.496687,36.379761],[140.494616,36.37585],[140.492772,36.37467],[140.491055,36.377311],[140.490096,36.379563],[140.488825,36.380529],[140.489277,36.382227],[140.484248,36.383457],[140.484248,36.384305],[140.484248,36.384435],[140.487286,36.38677],[140.485369,36.387665],[140.484808,36.387634],[140.484606,36.390124],[140.488113,36.395007],[140.486926,36.395533],[140.487021,36.395663],[140.48852,36.397716],[140.483539,36.400083],[140.483333,36.401976]],[[140.6,36.336981],[140.596493,36.337825],[140.594964,36.337501],[140.595258,36.338065],[140.596265,36.33823],[140.600998,36.336647],[140.602466,36.337398],[140.601731,36.336969],[140.601036,36.336551],[140.6,36.336981]],[[140.605114,36.336673],[140.605004,36.336673],[140.605066,36.337665],[140.605149,36.337665],[140.605114,36.336673]],[[140.639151,36.397075],[140.638488,36.398595],[140.638723,36.398685],[140.639371,36.397176],[140.639151,36.397075]],[[140.625,36.427117],[140.622199,36.427162],[140.622203,36.427308],[140.625827,36.42725],[140.625,36.427117]],[[140.625,35.933091],[140.62042,35.935745],[140.621765,35.936887],[140.622909,35.938429],[140.623901,35.94049],[140.620243,35.94367],[140.620146,35.94373],[140.616743,35.945815],[140.613968,35.947973],[140.612648,35.950343],[140.611811,35.952606],[140.611265,35.954081],[140.609229,35.957831],[140.60631,35.960001],[140.604458,35.962245],[140.603846,35.962987],[140.59981,35.964895],[140.592476,35.96514],[140.590359,35.967798],[140.589096,35.973762],[140.594351,35.977779],[140.596157,35.982848],[140.588524,35.990754],[140.582554,35.998617],[140.572463,36.004829],[140.566582,36.012087],[140.567668,36.020181],[140.565402,36.036109],[140.562485,36.039737],[140.563224,36.045015],[140.56288,36.049801],[140.556205,36.053028],[140.553857,36.054937],[140.553865,36.061699],[140.560328,36.062139],[140.560764,36.062198],[140.561681,36.062497],[140.561948,36.061812],[140.563917,36.062326],[140.565187,36.062646],[140.564926,36.063367],[140.568277,36.064605],[140.568549,36.065546],[140.568423,36.066314],[140.568981,36.067557],[140.571104,36.068123],[140.573471,36.067517],[140.575255,36.06788],[140.576168,36.06773],[140.578036,36.070299],[140.579697,36.071731],[140.580026,36.071754],[140.580219,36.071725],[140.58158,36.070613],[140.58205,36.070428],[140.58272,36.070254],[140.583885,36.070286],[140.585372,36.071095],[140.586207,36.07044],[140.58766,36.070705],[140.589582,36.073612],[140.589286,36.075268],[140.589545,36.077002],[140.596673,36.080203],[140.597827,36.079966],[140.603737,36.080034],[140.60566,36.080688],[140.606561,36.081749],[140.606761,36.081864],[140.607335,36.082],[140.609061,36.081834],[140.610228,36.081952],[140.611256,36.082152],[140.613675,36.077118],[140.615417,36.077462],[140.614924,36.077779],[140.615594,36.077443],[140.615413,36.076869],[140.615481,36.077357],[140.614171,36.076909],[140.618178,36.067963],[140.619528,36.0662],[140.62081,36.066663],[140.620361,36.066814],[140.620494,36.067009],[140.621084,36.06671],[140.621054,36.066092],[140.620714,36.066099],[140.620864,36.066504],[140.619937,36.066027],[140.621815,36.062222],[140.622668,36.059612],[140.623693,36.057939],[140.625,36.05826],[140.625006,36.058571],[140.62461,36.058491],[140.625,36.058705],[140.625472,36.058053],[140.625262,36.057693],[140.625,36.057716],[140.625211,36.058164],[140.625,36.058096],[140.624217,36.057847],[140.624215,36.057698],[140.624224,36.057644],[140.626715,36.051699],[140.628073,36.049851],[140.629425,36.049937],[140.628939,36.050174],[140.629055,36.050332],[140.6296,36.050072],[140.629755,36.049533],[140.628903,36.049385],[140.628731,36.04868],[140.629447,36.046636],[140.631414,36.042346],[140.632909,36.039973],[140.633781,36.03956],[140.634178,36.039728],[140.633973,36.039972],[140.634417,36.039997],[140.634867,36.039482],[140.634633,36.039029],[140.634414,36.039266],[140.633918,36.039008],[140.633914,36.038064],[140.635958,36.034329],[140.636137,36.034158],[140.636954,36.034506],[140.637098,36.034264],[140.636193,36.033898],[140.636094,36.03378],[140.637588,36.031093],[140.638456,36.030456],[140.639257,36.030574],[140.639145,36.030977],[140.639859,36.03068],[140.639937,36.030173],[140.639823,36.030055],[140.639691,36.029988],[140.639498,36.030249],[140.639125,36.030172],[140.638866,36.029402],[140.640141,36.026551],[140.641569,36.024167],[140.642464,36.023824],[140.643142,36.024383],[140.64362,36.023958],[140.643499,36.023387],[140.643212,36.023618],[140.642594,36.023322],[140.642446,36.023039],[140.642413,36.022667],[140.645267,36.017045],[140.645808,36.016408],[140.646514,36.016135],[140.647541,36.016513],[140.647286,36.016874],[140.647909,36.016702],[140.64803,36.016038],[140.647295,36.016019],[140.646914,36.015188],[140.650187,36.007882],[140.651283,36.007212],[140.652018,36.007505],[140.651633,36.007676],[140.652004,36.007795],[140.652469,36.007248],[140.6522,36.006828],[140.652117,36.007072],[140.651409,36.00684],[140.651213,36.006],[140.652906,36.00252],[140.65546,35.99826],[140.657072,35.998861],[140.656627,35.998977],[140.656777,35.99916],[140.65745,35.998747],[140.65733,35.998213],[140.657063,35.998245],[140.657251,35.998568],[140.655592,35.998031],[140.656741,35.995649],[140.656568,35.995429],[140.657208,35.994743],[140.65811,35.992464],[140.658333,35.992464],[140.658369,35.992464],[140.659434,35.990662],[140.661564,35.991419],[140.66116,35.99168],[140.661596,35.991615],[140.661832,35.991236],[140.661571,35.990771],[140.661653,35.991237],[140.659767,35.990556],[140.659793,35.990119],[140.659802,35.990077],[140.662525,35.985339],[140.663319,35.985095],[140.662856,35.98492],[140.663767,35.983554],[140.664595,35.983841],[140.664725,35.983814],[140.663853,35.983423],[140.664977,35.981167],[140.665586,35.981148],[140.665012,35.98091],[140.666872,35.977847],[140.667915,35.97669],[140.667566,35.976368],[140.667976,35.976614],[140.6682,35.976375],[140.668379,35.976251],[140.672708,35.977796],[140.672817,35.977582],[140.669313,35.976356],[140.670296,35.974958],[140.670572,35.972867],[140.672592,35.970998],[140.673888,35.970323],[140.675816,35.970068],[140.676873,35.970361],[140.676295,35.971701],[140.676431,35.971767],[140.678637,35.97305],[140.678796,35.972849],[140.676728,35.971492],[140.677815,35.969688],[140.680148,35.970592],[140.679716,35.970267],[140.680354,35.969165],[140.679878,35.969003],[140.679494,35.969639],[140.678651,35.969342],[140.679037,35.968667],[140.678878,35.968611],[140.678487,35.969284],[140.677658,35.968956],[140.678331,35.967468],[140.68191,35.96885],[140.68084,35.970675],[140.68045,35.970541],[140.680371,35.97068],[140.68098,35.97091],[140.680285,35.972019],[140.680741,35.972439],[140.681206,35.970935],[140.682582,35.968532],[140.693496,35.969107],[140.695763,35.966667],[140.696042,35.966367],[140.700949,35.962441],[140.700742,35.962363],[140.700645,35.962401],[140.695783,35.966348],[140.688006,35.96598],[140.688041,35.965764],[140.684897,35.964434],[140.693142,35.950396],[140.692484,35.949774],[140.693461,35.949787],[140.696906,35.94425],[140.696426,35.943679],[140.697164,35.943804],[140.701003,35.937818],[140.703509,35.938677],[140.700073,35.937213],[140.699927,35.936804],[140.6999,35.937339],[140.7,35.93738],[140.700595,35.937627],[140.70013,35.93835],[140.7,35.938295],[140.698576,35.937689],[140.69897,35.936948],[140.69966,35.937052],[140.698725,35.936586],[140.698898,35.936273],[140.698717,35.936203],[140.698513,35.936441],[140.697315,35.935952],[140.697866,35.934982],[140.697591,35.934869],[140.696887,35.935809],[140.694977,35.93504],[140.693439,35.934382],[140.693826,35.933761],[140.693574,35.933634],[140.693668,35.933479],[140.694055,35.933405],[140.692339,35.932692],[140.659767,35.928887],[140.657197,35.928804],[140.654173,35.92992],[140.653939,35.929586],[140.654285,35.929418],[140.653528,35.92831],[140.650309,35.929017],[140.64684,35.929244],[140.645929,35.927931],[140.638081,35.929635],[140.637751,35.930327],[140.637393,35.931041],[140.629373,35.9304],[140.625,35.933091]],[[140.680884,35.97315],[140.679607,35.973579],[140.679676,35.973712],[140.680953,35.973289],[140.680884,35.97315]],[[140.711312,35.940544],[140.712409,35.954659],[140.712626,35.954655],[140.71155,35.940643],[140.711312,35.940544]],[[140.583333,35.91283],[140.581244,35.916451],[140.579692,35.918046],[140.576397,35.919891],[140.572587,35.921236],[140.5726,35.921602],[140.573665,35.92194],[140.570627,35.924064],[140.559063,35.930093],[140.547574,35.934014],[140.537351,35.93872],[140.533988,35.94061],[140.530637,35.943487],[140.527572,35.947258],[140.524387,35.949921],[140.518263,35.953672],[140.513404,35.957409],[140.509975,35.959577],[140.50864,35.95881],[140.504803,35.957948],[140.504682,35.958495],[140.498283,35.957925],[140.485284,35.969962],[140.501442,35.974689],[140.502612,35.97604],[140.502806,35.976632],[140.503318,35.977002],[140.503419,35.977048],[140.504588,35.977329],[140.505564,35.976664],[140.506783,35.976496],[140.508008,35.97766],[140.510009,35.978234],[140.512023,35.979385],[140.512627,35.979431],[140.512771,35.980003],[140.514488,35.979369],[140.514317,35.979753],[140.513656,35.980031],[140.513448,35.9807],[140.513732,35.982001],[140.513436,35.983349],[140.513587,35.985536],[140.51326,35.986287],[140.512449,35.986888],[140.512568,35.987281],[140.511399,35.988565],[140.512134,35.988907],[140.512203,35.989551],[140.513051,35.990483],[140.511713,35.990963],[140.512556,35.992049],[140.512637,35.99279],[140.511392,35.995285],[140.51148,35.996995],[140.509662,35.998765],[140.51124,36.000254],[140.509888,36.001607],[140.510177,36.001989],[140.510048,36.002184],[140.50975,36.002633],[140.511563,36.003073],[140.520541,36.002706],[140.522803,36.003069],[140.525717,36.004467],[140.526632,36.003671],[140.52863,36.003212],[140.528417,36.002525],[140.528959,36.000336],[140.528752,35.999099],[140.529562,35.997622],[140.532547,35.996241],[140.53435,35.993975],[140.533467,35.992961],[140.533719,35.99211],[140.533653,35.990383],[140.534923,35.990027],[140.535146,35.989297],[140.538183,35.989707],[140.539023,35.99016],[140.53835,35.991497],[140.53829,35.992215],[140.539234,35.99359],[140.538967,35.995183],[140.539435,35.995911],[140.5402,35.996099],[140.538944,35.998184],[140.538862,35.998957],[140.540341,36.002236],[140.542369,36.004143],[140.541873,36.004306],[140.542843,36.005059],[140.543112,36.004849],[140.544787,36.006462],[140.548104,36.008865],[140.557057,36.010726],[140.566582,36.012087],[140.572463,36.004829],[140.582554,35.998617],[140.588524,35.990754],[140.596157,35.982848],[140.594351,35.977779],[140.589096,35.973762],[140.590359,35.967798],[140.592476,35.96514],[140.59981,35.964895],[140.603846,35.962987],[140.604458,35.962245],[140.60631,35.960001],[140.609229,35.957831],[140.611265,35.954081],[140.611811,35.952606],[140.612648,35.950343],[140.613968,35.947973],[140.616743,35.945815],[140.620146,35.94373],[140.620243,35.94367],[140.623901,35.94049],[140.622909,35.938429],[140.621765,35.936887],[140.618877,35.934259],[140.617544,35.932149],[140.61684,35.929953],[140.617214,35.926051],[140.616978,35.924917],[140.611922,35.923565],[140.603365,35.919175],[140.601115,35.917699],[140.601936,35.915976],[140.602518,35.913361],[140.602372,35.90941],[140.601274,35.906944],[140.598861,35.903166],[140.596014,35.904191],[140.588201,35.906215],[140.587474,35.90734],[140.589543,35.908182],[140.58791,35.910464],[140.585916,35.909527],[140.585173,35.909179],[140.584125,35.910674],[140.584683,35.911151],[140.583333,35.91283]],[[139.997172,35.913866],[139.995203,35.909567],[139.994315,35.909807],[139.9931,35.910276],[139.984906,35.915512],[139.979872,35.920754],[139.977459,35.922708],[139.972816,35.924749],[139.964771,35.927023],[139.958449,35.931562],[139.950887,35.936467],[139.945387,35.938451],[139.942442,35.938949],[139.940817,35.939525],[139.939725,35.940029],[139.938639,35.940571],[139.937276,35.941594],[139.936061,35.942889],[139.933586,35.946438],[139.931655,35.950767],[139.933909,35.954853],[139.933761,35.955942],[139.934617,35.957151],[139.935312,35.957402],[139.935386,35.957428],[139.93807,35.962121],[139.938065,35.962709],[139.938036,35.963061],[139.936762,35.965908],[139.934038,35.968375],[139.933535,35.969691],[139.933437,35.970618],[139.933685,35.971216],[139.936538,35.972519],[139.936961,35.972985],[139.935381,35.975108],[139.939459,35.976943],[139.939807,35.977236],[139.939951,35.978179],[139.941614,35.978725],[139.943039,35.97834],[139.946308,35.978117],[139.948436,35.978382],[139.949818,35.977697],[139.951398,35.977999],[139.954061,35.977574],[139.956899,35.977521],[139.958798,35.976171],[139.960724,35.975973],[139.960761,35.975686],[139.960785,35.975666],[139.962551,35.975374],[139.962802,35.974849],[139.963658,35.974694],[139.964501,35.975257],[139.965282,35.975114],[139.967374,35.975978],[139.967395,35.976402],[139.968343,35.976609],[139.968411,35.976613],[139.968892,35.975927],[139.969553,35.976085],[139.969461,35.97695],[139.971413,35.97752],[139.972863,35.975944],[139.973554,35.974121],[139.974426,35.972873],[139.975971,35.971906],[139.976865,35.971888],[139.978151,35.971365],[139.978603,35.969003],[139.98074,35.968577],[139.981784,35.968645],[139.98471,35.967489],[139.986708,35.967284],[139.987674,35.966425],[139.988398,35.966171],[139.989296,35.966288],[139.991352,35.964883],[139.991678,35.964129],[139.991618,35.963128],[139.993627,35.962764],[139.993975,35.963986],[139.994008,35.964101],[139.997197,35.96357],[140.00321,35.958841],[140.003954,35.959405],[140.003988,35.959399],[140.00449,35.959306],[140.006016,35.960781],[140.006534,35.960308],[140.00714,35.959949],[140.007699,35.959788],[140.008066,35.959682],[140.009099,35.958222],[140.009523,35.95787],[140.010267,35.95742],[140.011369,35.956967],[140.012381,35.956693],[140.01719,35.955693],[140.0179,35.95544],[140.018566,35.955172],[140.019468,35.954636],[140.020014,35.954206],[140.018887,35.953205],[140.01805,35.951137],[140.016914,35.94961],[140.017829,35.948837],[140.018545,35.948735],[140.017125,35.946638],[140.019165,35.945562],[140.020477,35.947292],[140.022432,35.946864],[140.019486,35.942864],[140.01894,35.942687],[140.018466,35.941948],[140.01753,35.941733],[140.018622,35.937354],[140.017783,35.935203],[140.016113,35.934207],[140.0161,35.932011],[140.014498,35.930364],[140.013247,35.929561],[140.007856,35.930508],[140.007171,35.92948],[140.004891,35.928889],[140.004502,35.927354],[140.003369,35.926545],[140.002856,35.925473],[140.002513,35.920388],[140.003051,35.920005],[140.002953,35.919877],[140.002101,35.918783],[140.001575,35.918997],[140.001181,35.918502],[139.999907,35.91893],[139.997172,35.913866]],[[140.412051,36.5],[140.410152,36.499409],[140.410019,36.499159],[140.409878,36.498379],[140.409422,36.497891],[140.4094,36.497757],[140.409486,36.497066],[140.405184,36.498718],[140.404727,36.498786],[140.404177,36.498642],[140.403352,36.498221],[140.402142,36.497504],[140.401838,36.497271],[140.400905,36.495722],[140.400998,36.494936],[140.40029,36.493611],[140.399645,36.494375],[140.398835,36.494427],[140.395238,36.491404],[140.394947,36.49075],[140.394561,36.490664],[140.392372,36.493989],[140.391324,36.496565],[140.388921,36.499448],[140.384738,36.501591],[140.382871,36.501627],[140.383096,36.503522],[140.373289,36.521349],[140.366137,36.526087],[140.368093,36.528235],[140.363639,36.530264],[140.360445,36.532875],[140.356894,36.534405],[140.354225,36.536613],[140.34571,36.54227],[140.343073,36.543488],[140.342925,36.543792],[140.33214,36.546618],[140.324972,36.549717],[140.323737,36.548075],[140.32259,36.548666],[140.319773,36.547085],[140.318501,36.547396],[140.317372,36.547286],[140.317388,36.546971],[140.318571,36.546618],[140.318675,36.54566],[140.31746,36.544373],[140.31744,36.544031],[140.317508,36.543425],[140.31694,36.542213],[140.317373,36.540492],[140.316776,36.539614],[140.316429,36.538153],[140.31525,36.53644],[140.313682,36.53606],[140.311965,36.535063],[140.310218,36.53525],[140.306921,36.535009],[140.305413,36.535415],[140.304411,36.53606],[140.3034,36.536029],[140.300882,36.536846],[140.299639,36.53659],[140.298214,36.533809],[140.298927,36.533109],[140.298596,36.532448],[140.298668,36.529295],[140.299257,36.526927],[140.29857,36.526138],[140.297349,36.525855],[140.296505,36.525042],[140.295666,36.526349],[140.294491,36.526769],[140.294061,36.527674],[140.292654,36.527958],[140.290806,36.5298],[140.29037,36.529808],[140.290359,36.528799],[140.289762,36.528146],[140.289765,36.5279],[140.289827,36.52749],[140.291035,36.525486],[140.289809,36.525455],[140.287707,36.524488],[140.287388,36.524146],[140.287441,36.523813],[140.287481,36.523559],[140.28629,36.523504],[140.281637,36.522138],[140.280616,36.5212],[140.280169,36.519778],[140.279233,36.521014],[140.278157,36.521456],[140.277477,36.522315],[140.276709,36.522306],[140.274356,36.523542],[140.272224,36.525263],[140.271378,36.526458],[140.269421,36.527427],[140.268046,36.529008],[140.266861,36.529716],[140.265243,36.528874],[140.264662,36.526249],[140.264374,36.525847],[140.263725,36.525664],[140.263782,36.524365],[140.261068,36.524408],[140.260698,36.524269],[140.26031,36.524124],[140.259397,36.522857],[140.258859,36.523158],[140.258014,36.522556],[140.255217,36.522615],[140.255009,36.522574],[140.254551,36.522405],[140.253787,36.523783],[140.252575,36.524915],[140.253332,36.52633],[140.253377,36.526827],[140.253375,36.527168],[140.251967,36.529373],[140.250511,36.529956],[140.249647,36.530939],[140.247747,36.53449],[140.247838,36.536201],[140.247157,36.537716],[140.248088,36.538485],[140.247879,36.542288],[140.248169,36.544551],[140.247817,36.545943],[140.247329,36.546437],[140.246979,36.548259],[140.247649,36.549048],[140.248008,36.54922],[140.248599,36.549498],[140.250196,36.551385],[140.251421,36.552234],[140.251498,36.554837],[140.25138,36.555131],[140.250981,36.555529],[140.249502,36.556227],[140.248384,36.558583],[140.246335,36.559897],[140.243782,36.56282],[140.245149,36.564554],[140.246702,36.564596],[140.246984,36.56462],[140.246702,36.564809],[140.246078,36.565194],[140.246276,36.565441],[140.246259,36.565499],[140.245592,36.565935],[140.245646,36.566197],[140.246439,36.566473],[140.246223,36.56688],[140.246967,36.567534],[140.245655,36.568842],[140.245478,36.569913],[140.245952,36.570242],[140.245293,36.572222],[140.242842,36.573813],[140.242642,36.574091],[140.242598,36.574286],[140.242686,36.574526],[140.242962,36.574687],[140.24421,36.575152],[140.244623,36.575801],[140.245063,36.580367],[140.245651,36.582121],[140.245361,36.582517],[140.244478,36.582354],[140.244402,36.582426],[140.243823,36.582975],[140.244251,36.58331],[140.244264,36.584005],[140.243287,36.584679],[140.244381,36.586471],[140.243777,36.586803],[140.243835,36.588438],[140.244511,36.588728],[140.244712,36.589574],[140.244914,36.590254],[140.245591,36.591123],[140.246108,36.592665],[140.245979,36.593488],[140.246008,36.594195],[140.246094,36.594381],[140.246701,36.594701],[140.247269,36.596122],[140.247033,36.596919],[140.248005,36.597367],[140.249171,36.599546],[140.248796,36.600813],[140.249316,36.601802],[140.248844,36.602527],[140.249219,36.603586],[140.248648,36.605018],[140.248156,36.605505],[140.248084,36.60562],[140.24839,36.606474],[140.248302,36.608561],[140.248661,36.609205],[140.248486,36.610676],[140.247242,36.612739],[140.245767,36.613996],[140.2459,36.615113],[140.244824,36.618389],[140.243532,36.619323],[140.242835,36.621522],[140.241338,36.622799],[140.240562,36.623882],[140.24005,36.62412],[140.239839,36.624284],[140.239705,36.624991],[140.238666,36.624833],[140.236276,36.622962],[140.235236,36.623127],[140.235019,36.623308],[140.234696,36.623758],[140.234829,36.626857],[140.23551,36.627389],[140.235524,36.627565],[140.23551,36.627763],[140.235081,36.628356],[140.234919,36.630482],[140.234441,36.630878],[140.23423,36.633508],[140.233696,36.634113],[140.233689,36.634238],[140.233767,36.634401],[140.234314,36.634628],[140.235269,36.634243],[140.236552,36.634374],[140.237465,36.635211],[140.239407,36.635208],[140.24098,36.635695],[140.24282,36.636706],[140.242827,36.636831],[140.242743,36.637068],[140.241886,36.637764],[140.241613,36.639471],[140.242027,36.640765],[140.241662,36.641483],[140.241562,36.642947],[140.240712,36.644175],[140.239819,36.644343],[140.239109,36.645564],[140.239728,36.64799],[140.241008,36.649233],[140.24093,36.650923],[140.240579,36.65176],[140.239945,36.652392],[140.238954,36.652799],[140.238307,36.65398],[140.238131,36.65411],[140.237907,36.654189],[140.237141,36.653906],[140.236945,36.655214],[140.23579,36.656276],[140.235573,36.657407],[140.234193,36.657915],[140.233146,36.659063],[140.231277,36.659922],[140.230933,36.661347],[140.230343,36.661393],[140.229309,36.662278],[140.230144,36.66311],[140.231862,36.663394],[140.232734,36.665474],[140.232741,36.665695],[140.232591,36.666158],[140.231763,36.666978],[140.231559,36.667736],[140.231476,36.669794],[140.23169,36.669794],[140.229356,36.67139],[140.227804,36.67166],[140.227425,36.672239],[140.22677,36.67225],[140.226461,36.672304],[140.226129,36.672427],[140.225734,36.672751],[140.222438,36.673021],[140.221566,36.674286],[140.221629,36.675043],[140.222203,36.675649],[140.221525,36.677445],[140.22207,36.677697],[140.223826,36.676819],[140.225072,36.677513],[140.224284,36.679332],[140.224483,36.680179],[140.223748,36.681336],[140.22346,36.683557],[140.222575,36.684067],[140.220876,36.683655],[140.220066,36.684464],[140.22057,36.68525],[140.22042,36.687146],[140.223762,36.68893],[140.224502,36.690429],[140.226813,36.692393],[140.227351,36.694935],[140.228474,36.696791],[140.229306,36.697406],[140.229374,36.698141],[140.229879,36.698826],[140.231411,36.69973],[140.234221,36.700522],[140.233996,36.700059],[140.236147,36.699331],[140.237318,36.699644],[140.238644,36.699193],[140.240251,36.699233],[140.241483,36.698479],[140.241572,36.697853],[140.242804,36.698085],[140.243898,36.69762],[140.244014,36.697647],[140.244177,36.69779],[140.244497,36.699103],[140.244599,36.699205],[140.244851,36.699361],[140.245676,36.701474],[140.246697,36.702271],[140.248389,36.701974],[140.250867,36.702386],[140.251706,36.701943],[140.253782,36.701993],[140.255368,36.702946],[140.256316,36.703025],[140.257337,36.702314],[140.257943,36.702246],[140.258441,36.701572],[140.259845,36.701226],[140.261175,36.701384],[140.262345,36.702339],[140.265359,36.702308],[140.26661,36.702726],[140.268189,36.702216],[140.268702,36.703059],[140.269304,36.703138],[140.269517,36.703648],[140.270993,36.704941],[140.270799,36.706184],[140.271212,36.706809],[140.275026,36.708161],[140.275789,36.707392],[140.276639,36.707016],[140.280666,36.707463],[140.282306,36.708113],[140.282495,36.708823],[140.283602,36.710059],[140.283377,36.711176],[140.285652,36.712407],[140.290506,36.712107],[140.293901,36.713088],[140.295323,36.71427],[140.295753,36.714037],[140.297134,36.712104],[140.297889,36.711759],[140.298655,36.710905],[140.3021,36.711226],[140.302421,36.710414],[140.30333,36.709676],[140.305065,36.710795],[140.309046,36.712539],[140.309108,36.713434],[140.309703,36.714055],[140.311995,36.713792],[140.313471,36.713177],[140.314551,36.713396],[140.315855,36.714291],[140.314816,36.714954],[140.314741,36.715815],[140.314294,36.71666],[140.314403,36.718047],[140.316017,36.722027],[140.317789,36.723617],[140.318124,36.723596],[140.31889,36.722066],[140.319727,36.721283],[140.322748,36.721311],[140.323138,36.721434],[140.323839,36.722543],[140.324967,36.723083],[140.326252,36.723172],[140.326321,36.724115],[140.327825,36.724504],[140.328077,36.72363],[140.329066,36.724322],[140.329395,36.724028],[140.329449,36.72396],[140.326843,36.721531],[140.327151,36.720951],[140.327779,36.720691],[140.327642,36.71932],[140.328537,36.718029],[140.328682,36.717349],[140.329441,36.717301],[140.330022,36.716379],[140.330931,36.716686],[140.331622,36.715238],[140.332007,36.714237],[140.330544,36.713766],[140.330845,36.712591],[140.333629,36.712363],[140.334395,36.713189],[140.337136,36.713613],[140.337982,36.714053],[140.339396,36.7138],[140.340554,36.712096],[140.340336,36.711713],[140.337687,36.711111],[140.33658,36.710298],[140.334682,36.709619],[140.333301,36.707761],[140.334306,36.707959],[140.335382,36.707305],[140.33709,36.707073],[140.337877,36.706028],[140.34093,36.706061],[140.342037,36.705023],[140.346732,36.705877],[140.346793,36.704996],[140.347873,36.704661],[140.349085,36.702908],[140.351641,36.701869],[140.351659,36.700506],[140.352336,36.69931],[140.354469,36.699645],[140.355426,36.699372],[140.357427,36.700123],[140.359266,36.700294],[140.360325,36.69914],[140.361809,36.698409],[140.362415,36.697216],[140.363823,36.696498],[140.364263,36.695318],[140.366116,36.694519],[140.366868,36.69372],[140.368324,36.693877],[140.37098,36.693425],[140.371445,36.692462],[140.371438,36.691344],[140.374474,36.689194],[140.377532,36.688445],[140.378802,36.688438],[140.383365,36.686934],[140.383678,36.685255],[140.384246,36.684603],[140.38446,36.682597],[140.385624,36.682753],[140.385939,36.684078],[140.387352,36.685121],[140.389784,36.684837],[140.390309,36.684206],[140.390934,36.684206],[140.391091,36.684227],[140.392745,36.684752],[140.395177,36.686288],[140.397432,36.686936],[140.397929,36.687432],[140.399286,36.687404],[140.399903,36.687907],[140.400955,36.689786],[140.401126,36.690623],[140.401232,36.690623],[140.401338,36.690594],[140.401829,36.689823],[140.401297,36.686577],[140.40178,36.686655],[140.403206,36.686137],[140.404492,36.686286],[140.403945,36.685783],[140.404144,36.685421],[140.403434,36.685229],[140.404541,36.683975],[140.403349,36.684095],[140.403746,36.683414],[140.40354,36.681591],[140.404433,36.68087],[140.405931,36.680565],[140.406506,36.678685],[140.407742,36.679458],[140.408682,36.681216],[140.409052,36.682606],[140.41006,36.683358],[140.415982,36.685033],[140.416813,36.685636],[140.417317,36.686834],[140.416578,36.687814],[140.414546,36.689188],[140.414588,36.689614],[140.417151,36.689883],[140.419051,36.688789],[140.420847,36.688654],[140.421554,36.687812],[140.422107,36.686387],[140.423733,36.686132],[140.424223,36.686415],[140.42438,36.687214],[140.424096,36.687697],[140.423528,36.687817],[140.423173,36.689172],[140.423819,36.689534],[140.424139,36.689215],[140.424219,36.68797],[140.425113,36.688077],[140.42615,36.686828],[140.426541,36.686877],[140.426299,36.686072],[140.426533,36.685824],[140.425681,36.684724],[140.427019,36.684938],[140.427907,36.686037],[140.428887,36.686293],[140.428169,36.686362],[140.429064,36.686823],[140.42834,36.687277],[140.429412,36.687483],[140.428205,36.688036],[140.429513,36.688849],[140.430216,36.690112],[140.430209,36.690977],[140.429671,36.691997],[140.430743,36.692443],[140.431083,36.69289],[140.430878,36.693515],[140.429987,36.693995],[140.429476,36.694938],[140.428659,36.695272],[140.42913,36.696149],[140.429074,36.696879],[140.429777,36.69739],[140.430635,36.697553],[140.431491,36.698578],[140.434508,36.699443],[140.435149,36.700874],[140.434503,36.701938],[140.434787,36.702243],[140.438362,36.702664],[140.441149,36.704069],[140.442986,36.703704],[140.442443,36.703509],[140.441772,36.702542],[140.442464,36.702215],[140.442914,36.702593],[140.443406,36.702588],[140.443432,36.701873],[140.444487,36.701167],[140.444697,36.700584],[140.443898,36.699464],[140.442731,36.699633],[140.441852,36.698941],[140.44262,36.698777],[140.443655,36.698035],[140.44502,36.69638],[140.44516,36.695762],[140.444438,36.695301],[140.444802,36.69458],[140.446314,36.693588],[140.448808,36.694197],[140.450112,36.693112],[140.451403,36.693849],[140.45227,36.692562],[140.452204,36.690128],[140.453633,36.688972],[140.45422,36.688093],[140.455239,36.687459],[140.45287,36.686884],[140.449586,36.682348],[140.44979,36.680375],[140.448662,36.679342],[140.446396,36.678445],[140.445576,36.677263],[140.444161,36.676769],[140.443171,36.675518],[140.443365,36.674643],[140.444581,36.673733],[140.445093,36.672434],[140.445761,36.672097],[140.445699,36.671601],[140.446437,36.67046],[140.447781,36.669642],[140.449301,36.669614],[140.450296,36.66917],[140.451772,36.66822],[140.451831,36.66756],[140.452897,36.667238],[140.452914,36.667087],[140.452801,36.666678],[140.451848,36.665761],[140.452361,36.664732],[140.453011,36.664398],[140.452595,36.663599],[140.452715,36.662069],[140.452572,36.661467],[140.452447,36.661131],[140.450654,36.659829],[140.449767,36.66038],[140.448123,36.659924],[140.447918,36.659745],[140.44765,36.659479],[140.446314,36.656775],[140.446354,36.654926],[140.444368,36.653017],[140.444306,36.652659],[140.443143,36.652875],[140.442561,36.653054],[140.4378,36.650292],[140.436756,36.650964],[140.437104,36.651732],[140.436596,36.652069],[140.437235,36.65284],[140.437286,36.653008],[140.437263,36.654393],[140.436657,36.654826],[140.435469,36.654164],[140.434705,36.654499],[140.433929,36.653624],[140.433347,36.653506],[140.433341,36.653504],[140.432993,36.653762],[140.432703,36.652487],[140.432406,36.652093],[140.432218,36.651772],[140.432486,36.650566],[140.430191,36.648441],[140.429762,36.647202],[140.429477,36.647064],[140.428685,36.646623],[140.428451,36.6466],[140.428143,36.646665],[140.425284,36.648256],[140.42489,36.647302],[140.424047,36.646733],[140.423897,36.645951],[140.423109,36.64508],[140.422818,36.644117],[140.422293,36.643961],[140.421928,36.642879],[140.42074,36.642092],[140.420631,36.641338],[140.418968,36.640463],[140.41796,36.640563],[140.417886,36.639883],[140.417029,36.639431],[140.416897,36.638202],[140.417207,36.63718],[140.416294,36.636947],[140.415929,36.636299],[140.416591,36.635478],[140.416386,36.634214],[140.416266,36.634],[140.415855,36.633628],[140.415137,36.633357],[140.414549,36.63197],[140.415787,36.631231],[140.417386,36.63099],[140.417797,36.63041],[140.418065,36.630199],[140.420336,36.629854],[140.421324,36.628851],[140.422546,36.628248],[140.423288,36.628299],[140.423926,36.626697],[140.423521,36.62555],[140.423624,36.624625],[140.424651,36.621771],[140.426077,36.621476],[140.426655,36.620506],[140.427305,36.620497],[140.427512,36.620353],[140.428185,36.619875],[140.429012,36.618592],[140.429993,36.618318],[140.431266,36.61606],[140.4331,36.615572],[140.433522,36.615274],[140.433836,36.61438],[140.434503,36.614647],[140.434622,36.614583],[140.434913,36.614486],[140.435524,36.613507],[140.435318,36.612709],[140.435641,36.611477],[140.433651,36.609026],[140.433643,36.608085],[140.434228,36.607756],[140.434225,36.60723],[140.434815,36.606494],[140.434479,36.605626],[140.433491,36.60505],[140.431527,36.605146],[140.430985,36.605027],[140.430626,36.604843],[140.430461,36.604331],[140.430848,36.603922],[140.431048,36.603596],[140.431225,36.602366],[140.429405,36.600907],[140.428205,36.596079],[140.426472,36.594929],[140.427892,36.594091],[140.427607,36.593737],[140.427276,36.593036],[140.427236,36.592696],[140.427299,36.592393],[140.429279,36.590725],[140.429273,36.58791],[140.42842,36.586474],[140.429656,36.585583],[140.431783,36.585341],[140.432743,36.584902],[140.431916,36.583521],[140.432451,36.582388],[140.433479,36.582226],[140.434485,36.581151],[140.435113,36.579238],[140.434661,36.577492],[140.434248,36.577153],[140.434754,36.575584],[140.437348,36.573459],[140.438839,36.573502],[140.439634,36.571499],[140.440291,36.570901],[140.440237,36.570116],[140.440115,36.569789],[140.440039,36.56966],[140.439297,36.569326],[140.439151,36.568824],[140.43941,36.567077],[140.438202,36.567286],[140.437106,36.566916],[140.434811,36.567219],[140.433893,36.566787],[140.432998,36.566953],[140.433006,36.566454],[140.431912,36.567348],[140.430788,36.56696],[140.431982,36.565175],[140.433054,36.564234],[140.432954,36.562574],[140.43421,36.561215],[140.434724,36.559619],[140.435741,36.558614],[140.436803,36.558565],[140.438173,36.559911],[140.439364,36.559658],[140.439465,36.55885],[140.439651,36.55863],[140.43987,36.55846],[140.440181,36.556204],[140.439559,36.555563],[140.441183,36.554525],[140.442152,36.55269],[140.443404,36.552073],[140.442404,36.551633],[140.442544,36.551019],[140.441965,36.550519],[140.441671,36.550573],[140.441071,36.550064],[140.440917,36.550083],[140.440953,36.550462],[140.440617,36.550562],[140.440445,36.550334],[140.440263,36.55002],[140.440841,36.549126],[140.441717,36.549304],[140.442708,36.548774],[140.442776,36.548736],[140.442611,36.548172],[140.442851,36.547618],[140.446124,36.545249],[140.451736,36.545332],[140.45205,36.545246],[140.452831,36.544964],[140.452022,36.543188],[140.452688,36.541565],[140.450236,36.54103],[140.446901,36.542049],[140.444056,36.543449],[140.44292,36.543144],[140.442501,36.542691],[140.444132,36.540976],[140.445438,36.537759],[140.443568,36.53636],[140.444096,36.534325],[140.445894,36.532133],[140.447182,36.529783],[140.448749,36.527987],[140.448944,36.524574],[140.449046,36.52435],[140.449176,36.524185],[140.45153,36.522883],[140.456801,36.520976],[140.458092,36.520166],[140.459176,36.516427],[140.458045,36.511809],[140.45888,36.511193],[140.459791,36.509919],[140.457591,36.510668],[140.455375,36.510153],[140.455119,36.510316],[140.455097,36.510395],[140.455692,36.511316],[140.453486,36.511739],[140.453333,36.512171],[140.452416,36.512105],[140.452678,36.510741],[140.45247,36.510284],[140.451181,36.510328],[140.449853,36.511085],[140.449232,36.510496],[140.448445,36.511029],[140.448445,36.511065],[140.448718,36.511342],[140.448456,36.511636],[140.447775,36.511454],[140.44718,36.511824],[140.447086,36.513003],[140.443978,36.513457],[140.442384,36.514162],[140.43985,36.514484],[140.436525,36.515775],[140.435546,36.514637],[140.433747,36.515587],[140.433437,36.515512],[140.431828,36.513594],[140.430121,36.513679],[140.429315,36.513376],[140.428507,36.513617],[140.42492,36.512978],[140.423623,36.513675],[140.422784,36.513747],[140.42215,36.514272],[140.421375,36.514088],[140.418607,36.515325],[140.418316,36.515353],[140.417718,36.515261],[140.415246,36.513704],[140.412453,36.513281],[140.413229,36.512948],[140.411915,36.512655],[140.410938,36.511951],[140.410339,36.511012],[140.410629,36.5103],[140.412173,36.509416],[140.412684,36.508364],[140.413909,36.507183],[140.413759,36.506349],[140.414129,36.50588],[140.414164,36.50583],[140.414085,36.504445],[140.413298,36.503151],[140.413522,36.50219],[140.413336,36.501],[140.413592,36.500563],[140.413725,36.50037],[140.412051,36.5]],[[140.458333,36.414829],[140.457843,36.415447],[140.458896,36.416045],[140.457855,36.417342],[140.456715,36.417565],[140.454448,36.423018],[140.454262,36.422936],[140.454223,36.423062],[140.454066,36.423569],[140.451919,36.425269],[140.452333,36.425616],[140.453419,36.426527],[140.453672,36.426364],[140.454442,36.425865],[140.454738,36.426144],[140.454839,36.42624],[140.455101,36.426097],[140.455625,36.425674],[140.455934,36.424574],[140.456915,36.424321],[140.457227,36.424588],[140.457456,36.424724],[140.458411,36.424854],[140.460753,36.426258],[140.461167,36.427063],[140.459604,36.428886],[140.456961,36.42973],[140.456412,36.430488],[140.457996,36.431659],[140.458047,36.43226],[140.458158,36.43266],[140.459087,36.434087],[140.459189,36.434401],[140.459165,36.43472],[140.458869,36.435197],[140.457256,36.436051],[140.455396,36.436051],[140.454213,36.4367],[140.453955,36.438386],[140.454889,36.438431],[140.454917,36.438591],[140.455058,36.439384],[140.454441,36.44259],[140.453205,36.444219],[140.452274,36.446455],[140.451005,36.448453],[140.449074,36.450506],[140.448288,36.452029],[140.447992,36.451947],[140.448671,36.450789],[140.438773,36.449997],[140.438003,36.451012],[140.43498,36.450569],[140.434785,36.451156],[140.43282,36.45104],[140.432634,36.450924],[140.432457,36.450582],[140.432567,36.450099],[140.432305,36.450024],[140.432923,36.447397],[140.432194,36.447326],[140.432078,36.447315],[140.43062,36.448686],[140.430104,36.448283],[140.43046,36.447849],[140.42638,36.445738],[140.425831,36.446598],[140.426093,36.446831],[140.426121,36.447166],[140.42593,36.448283],[140.425026,36.449298],[140.424133,36.449755],[140.423712,36.450609],[140.416318,36.455059],[140.418095,36.45606],[140.418036,36.456552],[140.417993,36.45718],[140.41537,36.460046],[140.412164,36.462862],[140.410799,36.466087],[140.410317,36.466169],[140.409886,36.465705],[140.409619,36.465492],[140.407963,36.465451],[140.409394,36.472439],[140.409648,36.479598],[140.408717,36.482],[140.407996,36.482968],[140.405705,36.484919],[140.402487,36.486432],[140.400425,36.487061],[140.3976,36.484996],[140.395944,36.48439],[140.394461,36.482827],[140.394123,36.482622],[140.393816,36.482506],[140.390008,36.483457],[140.386861,36.484985],[140.394454,36.48801],[140.394561,36.490664],[140.394947,36.49075],[140.395238,36.491404],[140.398835,36.494427],[140.399645,36.494375],[140.40029,36.493611],[140.400998,36.494936],[140.400905,36.495722],[140.401838,36.497271],[140.402142,36.497504],[140.403352,36.498221],[140.404177,36.498642],[140.404727,36.498786],[140.405184,36.498718],[140.409486,36.497066],[140.4094,36.497757],[140.409422,36.497891],[140.409878,36.498379],[140.410019,36.499159],[140.410152,36.499409],[140.413725,36.50037],[140.413592,36.500563],[140.413336,36.501],[140.413522,36.50219],[140.413298,36.503151],[140.414129,36.504665],[140.414164,36.50583],[140.413732,36.506526],[140.413741,36.506683],[140.413935,36.507105],[140.412684,36.508364],[140.412331,36.509259],[140.410999,36.509952],[140.410304,36.510728],[140.410938,36.511951],[140.412101,36.512756],[140.413229,36.512948],[140.412453,36.513281],[140.415246,36.513704],[140.417577,36.515204],[140.417718,36.515261],[140.418316,36.515353],[140.420518,36.514657],[140.421375,36.514088],[140.42215,36.514272],[140.422784,36.513747],[140.423623,36.513675],[140.42492,36.512978],[140.428507,36.513617],[140.429315,36.513376],[140.430121,36.513679],[140.431617,36.513567],[140.431828,36.513594],[140.431987,36.513664],[140.433437,36.515512],[140.433747,36.515587],[140.435546,36.514637],[140.436452,36.51578],[140.43985,36.514484],[140.442384,36.514162],[140.443978,36.513457],[140.447086,36.513003],[140.44718,36.511824],[140.447775,36.511454],[140.448456,36.511636],[140.448718,36.511342],[140.448445,36.511065],[140.448445,36.511029],[140.449232,36.510496],[140.449853,36.511085],[140.451181,36.510328],[140.45247,36.510284],[140.452678,36.510741],[140.452416,36.512105],[140.453333,36.512171],[140.453486,36.511739],[140.455692,36.511316],[140.455097,36.510395],[140.455119,36.510316],[140.455375,36.510153],[140.457591,36.510668],[140.459791,36.509919],[140.462514,36.507215],[140.469392,36.503503],[140.474494,36.502201],[140.482164,36.498799],[140.489315,36.493635],[140.491072,36.493468],[140.493525,36.494516],[140.49572,36.49469],[140.495927,36.494935],[140.49537,36.496781],[140.495598,36.497395],[140.495917,36.497773],[140.496248,36.497928],[140.498167,36.498082],[140.499467,36.497367],[140.500054,36.496635],[140.500213,36.49536],[140.499803,36.49272],[140.499942,36.49209],[140.501354,36.490677],[140.501807,36.490389],[140.502222,36.490226],[140.503218,36.490665],[140.50292,36.491449],[140.503079,36.492206],[140.504332,36.493955],[140.505877,36.494455],[140.507929,36.496569],[140.510513,36.501583],[140.515645,36.503343],[140.521076,36.503846],[140.525047,36.503911],[140.529655,36.503153],[140.533476,36.50068],[140.535507,36.499962],[140.538072,36.500179],[140.539613,36.500658],[140.54057,36.501646],[140.541109,36.503153],[140.542515,36.504073],[140.548124,36.504748],[140.550772,36.504335],[140.55306,36.503154],[140.554944,36.501014],[140.55521,36.500596],[140.555365,36.500145],[140.555661,36.49735],[140.557012,36.4955],[140.560192,36.494545],[140.56629,36.494278],[140.566268,36.493856],[140.566265,36.493815],[140.565567,36.493229],[140.564765,36.491697],[140.5626,36.491273],[140.561964,36.491324],[140.560888,36.491588],[140.556083,36.48715],[140.553352,36.485907],[140.54992,36.485299],[140.54984,36.482386],[140.550266,36.48183],[140.549754,36.481483],[140.549233,36.479489],[140.547896,36.476855],[140.547406,36.476556],[140.544099,36.476539],[140.543423,36.476204],[140.543202,36.475647],[140.54168,36.475181],[140.544161,36.470552],[140.541331,36.468912],[140.539589,36.467017],[140.539397,36.465993],[140.539425,36.465488],[140.53951,36.46531],[140.540824,36.464003],[140.54042,36.463426],[140.540873,36.463339],[140.541069,36.462837],[140.541957,36.462315],[140.542071,36.460111],[140.542469,36.459178],[140.541262,36.459093],[140.540835,36.458795],[140.542617,36.458619],[140.542522,36.456706],[140.538229,36.455737],[140.536323,36.456592],[140.535885,36.457541],[140.536057,36.45859],[140.536465,36.459206],[140.534404,36.460803],[140.529922,36.463183],[140.529294,36.462082],[140.529333,36.458217],[140.528863,36.457829],[140.529663,36.45369],[140.529451,36.453345],[140.527639,36.453674],[140.526551,36.453465],[140.526026,36.453339],[140.525831,36.453225],[140.525721,36.453073],[140.525682,36.452858],[140.527076,36.45325],[140.526943,36.452801],[140.526082,36.452601],[140.526661,36.451927],[140.519728,36.451089],[140.517235,36.449957],[140.516583,36.448801],[140.514991,36.447254],[140.514604,36.445132],[140.514947,36.441511],[140.514277,36.439187],[140.514976,36.438046],[140.516942,36.436526],[140.51742,36.435794],[140.518721,36.430853],[140.518705,36.42794],[140.516479,36.427234],[140.515581,36.427777],[140.513632,36.427038],[140.512604,36.42803],[140.51261,36.428106],[140.512982,36.42844],[140.512727,36.428656],[140.513004,36.429004],[140.513004,36.42908],[140.511977,36.42897],[140.510986,36.429404],[140.510011,36.429179],[140.509321,36.427957],[140.509256,36.426654],[140.509546,36.425531],[140.51003,36.424607],[140.5116,36.423537],[140.511777,36.422906],[140.511352,36.421002],[140.510632,36.419973],[140.51064,36.419431],[140.509855,36.419455],[140.509595,36.419911],[140.506941,36.420533],[140.504965,36.420088],[140.503441,36.420933],[140.501994,36.421172],[140.501486,36.421126],[140.499229,36.419523],[140.499663,36.418975],[140.498291,36.419576],[140.49865,36.418792],[140.498443,36.418664],[140.499095,36.417904],[140.499158,36.416485],[140.497013,36.415683],[140.496686,36.415723],[140.496366,36.415792],[140.495294,36.414045],[140.494745,36.413152],[140.490954,36.414716],[140.487803,36.409746],[140.487792,36.409751],[140.485916,36.410495],[140.484623,36.408028],[140.483907,36.407548],[140.483546,36.407621],[140.483501,36.407971],[140.482794,36.407953],[140.482874,36.40692],[140.481618,36.405608],[140.481253,36.403807],[140.480068,36.404305],[140.479908,36.403918],[140.47977,36.403427],[140.479566,36.403472],[140.479314,36.403528],[140.479246,36.403113],[140.478919,36.403385],[140.478858,36.403436],[140.478766,36.403355],[140.476977,36.401795],[140.477411,36.4015],[140.474557,36.399074],[140.471282,36.401703],[140.472194,36.402523],[140.471909,36.402763],[140.472035,36.402901],[140.471579,36.403242],[140.471134,36.402873],[140.468967,36.404434],[140.469399,36.404821],[140.461622,36.410502],[140.46187,36.410787],[140.462974,36.41176],[140.459963,36.413974],[140.459424,36.414652],[140.458747,36.414308],[140.458345,36.414814],[140.458333,36.414829]],[[139.891327,36.249162],[139.889624,36.250775],[139.888272,36.25295],[139.888898,36.255264],[139.894518,36.261184],[139.895685,36.261411],[139.899924,36.263736],[139.901542,36.267222],[139.902818,36.268394],[139.9035,36.269728],[139.902848,36.273726],[139.908405,36.279726],[139.90668,36.285106],[139.901676,36.287499],[139.901869,36.291091],[139.897242,36.291738],[139.897211,36.292866],[139.898028,36.292947],[139.89902,36.292276],[139.900125,36.292345],[139.901042,36.293561],[139.900493,36.295487],[139.900574,36.29661],[139.901829,36.29661],[139.901867,36.297857],[139.902959,36.297801],[139.903009,36.298642],[139.903677,36.298621],[139.904266,36.297926],[139.910754,36.301201],[139.914777,36.307857],[139.915058,36.309015],[139.915031,36.30947],[139.914991,36.309697],[139.914884,36.309804],[139.914683,36.309911],[139.910523,36.309791],[139.910309,36.309818],[139.910282,36.310085],[139.912704,36.326191],[139.912663,36.327595],[139.911687,36.331512],[139.911673,36.332645],[139.912422,36.334129],[139.914332,36.336712],[139.915786,36.336887],[139.917355,36.33761],[139.919409,36.339388],[139.922654,36.341582],[139.924963,36.341741],[139.927437,36.342437],[139.927564,36.342533],[139.927828,36.342956],[139.929429,36.34332],[139.93514,36.343495],[139.935263,36.344102],[139.935227,36.34536],[139.939484,36.34631],[139.943781,36.346851],[139.943792,36.348021],[139.945198,36.348034],[139.945192,36.348717],[139.946114,36.348703],[139.946167,36.349187],[139.950338,36.349468],[139.95032,36.349718],[139.952142,36.349752],[139.952159,36.349963],[139.958516,36.350123],[139.958313,36.350836],[139.964501,36.350942],[139.964876,36.352328],[139.964648,36.354739],[139.964696,36.355129],[139.964806,36.356024],[139.964084,36.356139],[139.964022,36.356174],[139.964515,36.358461],[139.965005,36.358475],[139.965149,36.358479],[139.965026,36.358725],[139.964964,36.359016],[139.965291,36.359068],[139.965734,36.36021],[139.965505,36.361011],[139.964791,36.361055],[139.965081,36.362094],[139.965839,36.362849],[139.965319,36.364214],[139.965928,36.365788],[139.965347,36.36666],[139.965285,36.367479],[139.966537,36.368893],[139.969164,36.370522],[139.969899,36.371752],[139.97011,36.372711],[139.97153,36.373947],[139.972148,36.375004],[139.9722,36.377606],[139.97354,36.378537],[139.973896,36.378485],[139.974409,36.376728],[139.97457,36.374544],[139.976088,36.373006],[139.978319,36.372441],[139.979244,36.369766],[139.981604,36.37023],[139.983195,36.370098],[139.983029,36.369546],[139.98437,36.369299],[139.984121,36.368239],[139.989929,36.367208],[139.990287,36.368433],[139.990619,36.368842],[139.99087,36.369155],[139.991771,36.369616],[139.996627,36.369592],[140.002242,36.368018],[140.002602,36.369473],[140.003934,36.370457],[140.00091,36.37361],[140.00091,36.373844],[140.000975,36.37411],[140.000557,36.374425],[140.000698,36.37535],[140.000432,36.376633],[140.009042,36.375087],[140.008888,36.374324],[140.009889,36.374477],[140.011062,36.372923],[140.011958,36.373561],[140.012349,36.37569],[140.012785,36.376416],[140.015085,36.377376],[140.016551,36.376447],[140.015768,36.376003],[140.014848,36.376245],[140.014376,36.374928],[140.015199,36.374734],[140.015409,36.374686],[140.015659,36.375751],[140.016337,36.375589],[140.016256,36.37588],[140.016531,36.37596],[140.019782,36.375695],[140.021339,36.376462],[140.0222,36.375559],[140.024775,36.375809],[140.026485,36.375436],[140.026727,36.375485],[140.026881,36.375614],[140.027107,36.376848],[140.028143,36.377175],[140.02895,36.376788],[140.030008,36.376723],[140.030855,36.377861],[140.033954,36.377764],[140.035101,36.378223],[140.035698,36.377659],[140.038733,36.376336],[140.03979,36.375005],[140.041467,36.375229],[140.042706,36.372401],[140.042274,36.371363],[140.04086,36.369576],[140.041018,36.367352],[140.04012,36.367033],[140.040213,36.366416],[140.040691,36.366509],[140.042048,36.365331],[140.041599,36.364779],[140.040644,36.364956],[140.040616,36.362946],[140.042928,36.362806],[140.042891,36.362123],[140.044641,36.362021],[140.044622,36.36073],[140.045718,36.360515],[140.046644,36.361338],[140.048723,36.360674],[140.048648,36.359991],[140.050193,36.359907],[140.049991,36.356322],[140.047625,36.354306],[140.046576,36.355232],[140.044367,36.355616],[140.042662,36.356505],[140.038675,36.357202],[140.034719,36.3593],[140.038404,36.355307],[140.040766,36.349482],[140.044086,36.345411],[140.047196,36.340519],[140.05072,36.336716],[140.051574,36.334623],[140.052274,36.331859],[140.052007,36.331588],[140.052717,36.329851],[140.052939,36.329226],[140.050353,36.328654],[140.053055,36.320352],[140.053975,36.316227],[140.053839,36.316194],[140.0537,36.31616],[140.053902,36.315282],[140.05304,36.315399],[140.052814,36.314143],[140.052475,36.314172],[140.051395,36.311334],[140.05246,36.308487],[140.051654,36.305236],[140.051856,36.302329],[140.0516,36.301959],[140.050921,36.300975],[140.047625,36.299546],[140.04759,36.29652],[140.050667,36.293916],[140.049367,36.286818],[140.049429,36.283875],[140.049703,36.283573],[140.049143,36.283204],[140.05009,36.282057],[140.050365,36.28123],[140.050118,36.279043],[140.05135,36.279004],[140.051434,36.278171],[140.05121,36.27821],[140.051604,36.27661],[140.050652,36.275441],[140.054071,36.274482],[140.054911,36.276118],[140.0561,36.276831],[140.058694,36.277252],[140.059264,36.277576],[140.05932,36.277608],[140.06059,36.279147],[140.063374,36.276905],[140.064697,36.277138],[140.065061,36.276679],[140.066629,36.277062],[140.067448,36.2759],[140.067121,36.275406],[140.066502,36.275139],[140.067585,36.27435],[140.066686,36.27377],[140.065995,36.274239],[140.065943,36.274193],[140.065654,36.274026],[140.065121,36.27355],[140.065859,36.273011],[140.063706,36.271452],[140.063355,36.270921],[140.062052,36.271804],[140.061931,36.27156],[140.061855,36.271339],[140.063457,36.26849],[140.064805,36.268971],[140.065963,36.266309],[140.065727,36.265249],[140.065195,36.264559],[140.065527,36.264004],[140.06508,36.263395],[140.064901,36.261766],[140.063967,36.260967],[140.063156,36.259241],[140.066065,36.257198],[140.066133,36.256853],[140.064666,36.255674],[140.064332,36.254374],[140.062776,36.25348],[140.062245,36.252785],[140.062426,36.251625],[140.063527,36.250262],[140.062666,36.249256],[140.062368,36.248208],[140.061611,36.247731],[140.06158,36.24697],[140.061045,36.246062],[140.060978,36.245656],[140.061009,36.245445],[140.061951,36.244419],[140.062028,36.243684],[140.061724,36.242915],[140.06108,36.24275],[140.060967,36.241835],[140.060117,36.24015],[140.060509,36.23911],[140.060009,36.238539],[140.060467,36.238103],[140.060549,36.237908],[140.059834,36.236849],[140.060297,36.236213],[140.060411,36.234652],[140.059973,36.234724],[140.059931,36.236173],[140.059306,36.236767],[140.059031,36.236827],[140.058809,36.236797],[140.058725,36.236665],[140.058533,36.236151],[140.055049,36.236706],[140.054855,36.234277],[140.055257,36.233882],[140.054933,36.233541],[140.052865,36.233727],[140.053187,36.233048],[140.052636,36.232688],[140.052922,36.230926],[140.050764,36.230992],[140.050141,36.230603],[140.051125,36.228904],[140.053052,36.22805],[140.054564,36.224188],[140.055834,36.223326],[140.055714,36.221334],[140.056122,36.21936],[140.057532,36.218663],[140.058281,36.216419],[140.059204,36.21488],[140.060147,36.214439],[140.060219,36.213751],[140.059428,36.212847],[140.048972,36.211642],[140.047889,36.21489],[140.044839,36.214178],[140.046057,36.210776],[140.048182,36.207488],[140.048733,36.206884],[140.048991,36.207943],[140.049566,36.207572],[140.049848,36.205784],[140.050118,36.205587],[140.049614,36.205186],[140.049852,36.20477],[140.049912,36.204237],[140.049882,36.204099],[140.049751,36.203955],[140.048402,36.204213],[140.048019,36.203907],[140.047406,36.202473],[140.045309,36.201093],[140.045632,36.201756],[140.047232,36.202756],[140.045572,36.201947],[140.044676,36.200399],[140.040425,36.201383],[140.039267,36.198923],[140.036297,36.199602],[140.034088,36.201429],[140.031478,36.199845],[140.026549,36.198377],[140.025692,36.198976],[140.026111,36.20043],[140.025385,36.201478],[140.025098,36.203601],[140.023658,36.20503],[140.022504,36.206703],[140.022246,36.206882],[140.021947,36.207014],[140.021467,36.20717],[140.02079,36.206409],[140.019595,36.205777],[140.019488,36.205466],[140.019428,36.204807],[140.01762,36.205112],[140.017267,36.205172],[140.014979,36.203657],[140.012229,36.206618],[140.005907,36.205012],[140.003436,36.207321],[140.001674,36.206752],[140.001464,36.206967],[140.004473,36.208779],[140.00445,36.209749],[140.00367,36.210036],[140.00313,36.210609],[140.002538,36.212877],[140.004922,36.21584],[140.003286,36.216325],[140.002513,36.216846],[140.002782,36.217977],[140.003346,36.218617],[140.003537,36.220489],[140.002854,36.222375],[139.999537,36.222575],[139.998919,36.223275],[139.999854,36.224615],[139.999045,36.227069],[139.999392,36.228916],[139.998242,36.230293],[139.998553,36.232057],[139.998211,36.233546],[139.998337,36.236467],[139.998719,36.237596],[139.998366,36.238734],[139.996849,36.238338],[139.997227,36.237652],[139.997611,36.235547],[139.997126,36.233969],[139.997144,36.233114],[139.997467,36.232982],[139.996685,36.230259],[139.996663,36.229036],[139.995672,36.228977],[139.995431,36.230356],[139.994516,36.229879],[139.993043,36.229112],[139.991657,36.230572],[139.989314,36.229652],[139.98768,36.231361],[139.985883,36.231527],[139.985601,36.23372],[139.981212,36.233426],[139.981307,36.233777],[139.980813,36.233842],[139.979147,36.231216],[139.978846,36.229903],[139.977624,36.229916],[139.977552,36.230132],[139.97712,36.230256],[139.972289,36.229903],[139.971824,36.229929],[139.970523,36.230399],[139.970112,36.230097],[139.970001,36.233277],[139.969681,36.230429],[139.969884,36.229181],[139.969288,36.227372],[139.969301,36.227144],[139.969419,36.226601],[139.96885,36.223735],[139.968373,36.222729],[139.967993,36.222411],[139.967601,36.222091],[139.965946,36.223091],[139.966679,36.223944],[139.96577,36.224499],[139.964681,36.22414],[139.963419,36.224284],[139.962507,36.225915],[139.961644,36.226444],[139.960415,36.226777],[139.958724,36.226007],[139.958641,36.226141],[139.958574,36.226249],[139.959947,36.227094],[139.957996,36.230261],[139.957519,36.230359],[139.957172,36.232475],[139.955337,36.237829],[139.954338,36.237836],[139.954369,36.237264],[139.953689,36.236451],[139.954084,36.236111],[139.954844,36.236347],[139.955567,36.235523],[139.955428,36.234536],[139.955878,36.233781],[139.955509,36.232731],[139.955853,36.231824],[139.955671,36.231214],[139.956046,36.229137],[139.954458,36.22872],[139.953393,36.228928],[139.952236,36.228773],[139.95055,36.227971],[139.950196,36.228233],[139.946838,36.228747],[139.946281,36.22964],[139.945959,36.229763],[139.945228,36.230141],[139.944864,36.230649],[139.942672,36.231069],[139.939881,36.239662],[139.939345,36.244185],[139.939239,36.244309],[139.938427,36.244873],[139.936524,36.245441],[139.935547,36.245277],[139.934679,36.244002],[139.933943,36.24382],[139.930321,36.243146],[139.930315,36.243162],[139.930108,36.243797],[139.927592,36.243297],[139.927432,36.242182],[139.92775,36.241535],[139.927124,36.240097],[139.92743,36.23935],[139.927241,36.238626],[139.923679,36.239304],[139.922758,36.238901],[139.922425,36.238773],[139.920478,36.236831],[139.918461,36.236408],[139.917134,36.23494],[139.917116,36.234808],[139.917171,36.234443],[139.917318,36.23421],[139.917445,36.234069],[139.920425,36.232577],[139.915113,36.231536],[139.914966,36.232062],[139.912736,36.231345],[139.911747,36.231942],[139.905475,36.230434],[139.905279,36.232376],[139.905975,36.236348],[139.905304,36.238126],[139.898569,36.245062],[139.891327,36.249162]],[[139.883333,35.989746],[139.882333,35.99145],[139.880817,35.996428],[139.879905,36.001643],[139.87836,36.007296],[139.877714,36.008808],[139.876418,36.010619],[139.871751,36.014427],[139.857568,36.029047],[139.854408,36.030804],[139.847358,36.033861],[139.841328,36.037744],[139.837235,36.041101],[139.829981,36.04821],[139.82017,36.057179],[139.825706,36.0601],[139.826022,36.0598],[139.826785,36.060247],[139.828093,36.061006],[139.829328,36.061178],[139.830403,36.061755],[139.830753,36.061927],[139.83358,36.061805],[139.834621,36.061283],[139.834859,36.060945],[139.834998,36.060634],[139.838467,36.06252],[139.840228,36.0626],[139.842115,36.063201],[139.843372,36.063274],[139.844271,36.064764],[139.84543,36.068684],[139.84887,36.070017],[139.849509,36.069091],[139.849697,36.069197],[139.850644,36.067435],[139.851737,36.067851],[139.851553,36.067611],[139.852916,36.067032],[139.853438,36.066844],[139.854616,36.068513],[139.854226,36.068693],[139.853612,36.068978],[139.853825,36.069271],[139.852995,36.069141],[139.852318,36.069468],[139.851721,36.071006],[139.851224,36.071259],[139.849409,36.073939],[139.849197,36.073849],[139.849066,36.074061],[139.848903,36.074257],[139.848822,36.074094],[139.845492,36.075443],[139.845761,36.075851],[139.84386,36.07665],[139.843435,36.075981],[139.840282,36.077339],[139.839776,36.078155],[139.839088,36.085312],[139.839472,36.085304],[139.839365,36.086521],[139.839867,36.087124],[139.839613,36.087748],[139.839079,36.087613],[139.838255,36.089345],[139.83865,36.089494],[139.838807,36.089553],[139.838663,36.089806],[139.838409,36.090276],[139.839088,36.090195],[139.83984,36.090607],[139.839704,36.090779],[139.839614,36.090959],[139.840465,36.09152],[139.840827,36.091421],[139.841524,36.09275],[139.842058,36.096465],[139.843101,36.097674],[139.841568,36.102764],[139.843472,36.103185],[139.843617,36.103502],[139.843082,36.106176],[139.842466,36.106094],[139.842312,36.106628],[139.842131,36.107306],[139.84252,36.108012],[139.84262,36.109347],[139.842665,36.10941],[139.842855,36.109464],[139.84241,36.111514],[139.841514,36.111595],[139.841762,36.113861],[139.843419,36.114069],[139.843391,36.114358],[139.843419,36.114711],[139.844532,36.114711],[139.844686,36.11519],[139.846062,36.115462],[139.846089,36.11557],[139.846135,36.115851],[139.846544,36.115946],[139.846268,36.119037],[139.843353,36.119389],[139.843074,36.122471],[139.844025,36.126981],[139.846913,36.126692],[139.846937,36.126766],[139.847202,36.127606],[139.84844,36.128249],[139.848562,36.128158],[139.848757,36.128014],[139.848793,36.127905],[139.84882,36.127335],[139.849807,36.128728],[139.849371,36.129041],[139.848266,36.129828],[139.848755,36.130534],[139.84867,36.130573],[139.848402,36.130696],[139.848275,36.130687],[139.847152,36.130877],[139.84699,36.130606],[139.845923,36.130598],[139.841255,36.131639],[139.837652,36.131251],[139.836674,36.132652],[139.836311,36.133717],[139.835424,36.13368],[139.835442,36.133979],[139.835469,36.134956],[139.835207,36.134892],[139.834615,36.135621],[139.834832,36.135666],[139.834697,36.135974],[139.834135,36.135946],[139.833637,36.136914],[139.833878,36.140403],[139.833443,36.141968],[139.831714,36.141769],[139.830112,36.14109],[139.82927,36.141036],[139.829672,36.142753],[139.829319,36.144598],[139.82859,36.145844],[139.82808,36.14588],[139.828129,36.14639],[139.828104,36.147154],[139.82842,36.147227],[139.828541,36.146863],[139.82877,36.147101],[139.829137,36.147482],[139.830108,36.149613],[139.831275,36.149771],[139.831287,36.150681],[139.830619,36.150645],[139.830509,36.152757],[139.830436,36.152829],[139.830364,36.152465],[139.829695,36.152648],[139.829741,36.152831],[139.829756,36.15289],[139.828979,36.153376],[139.828371,36.152878],[139.82825,36.152393],[139.828906,36.152223],[139.828821,36.151919],[139.829732,36.151895],[139.829574,36.149989],[139.828857,36.149965],[139.828833,36.150863],[139.828238,36.150863],[139.828335,36.151962],[139.828201,36.152072],[139.827472,36.151926],[139.826925,36.153746],[139.826694,36.153746],[139.826646,36.152873],[139.826306,36.152799],[139.825565,36.153649],[139.826366,36.153746],[139.826257,36.154438],[139.826566,36.154454],[139.826646,36.15405],[139.827022,36.154086],[139.827022,36.155081],[139.830557,36.154972],[139.832622,36.153443],[139.835555,36.15023],[139.845312,36.149679],[139.847243,36.147859],[139.847863,36.147992],[139.849023,36.145539],[139.852777,36.148052],[139.853761,36.147348],[139.861549,36.146886],[139.864959,36.146138],[139.870189,36.145616],[139.873678,36.143945],[139.880062,36.138968],[139.880152,36.138884],[139.880922,36.138172],[139.883592,36.132447],[139.893195,36.12304],[139.896421,36.120252],[139.896286,36.120076],[139.896648,36.119706],[139.895505,36.118035],[139.900725,36.115265],[139.898192,36.112266],[139.902887,36.112434],[139.906552,36.111248],[139.908955,36.10851],[139.911593,36.106235],[139.912072,36.105125],[139.912274,36.104966],[139.912846,36.104461],[139.91256,36.1042],[139.913251,36.103472],[139.914421,36.102673],[139.915657,36.102412],[139.916965,36.101089],[139.918093,36.101913],[139.931278,36.089946],[139.934399,36.091455],[139.938352,36.089137],[139.938748,36.088356],[139.93879,36.087002],[139.938204,36.082358],[139.938321,36.08094],[139.937939,36.080907],[139.93856,36.075185],[139.934852,36.074906],[139.935467,36.0692],[139.947544,36.056772],[139.945618,36.055404],[139.944039,36.053651],[139.946419,36.052052],[139.953599,36.056993],[139.958045,36.053241],[139.957328,36.052608],[139.959176,36.051279],[139.957541,36.049743],[139.956591,36.05015],[139.958316,36.047076],[139.957592,36.046205],[139.956841,36.045349],[139.954311,36.046216],[139.952644,36.046048],[139.951804,36.04661],[139.952411,36.047039],[139.950715,36.049303],[139.952839,36.050213],[139.946908,36.05138],[139.946494,36.050987],[139.946625,36.050651],[139.950403,36.048481],[139.950959,36.046256],[139.951476,36.045611],[139.954038,36.043789],[139.956509,36.043826],[139.957021,36.042738],[139.956729,36.041626],[139.955364,36.03958],[139.954962,36.036917],[139.953934,36.035688],[139.95286,36.035413],[139.949273,36.035961],[139.947325,36.035045],[139.946214,36.033815],[139.946123,36.032991],[139.946389,36.03238],[139.949192,36.030933],[139.949424,36.026805],[139.949322,36.026671],[139.949149,36.026443],[139.947938,36.026777],[139.946059,36.026454],[139.945824,36.026113],[139.942536,36.028115],[139.941783,36.029489],[139.941385,36.029249],[139.940882,36.028001],[139.938398,36.026733],[139.937904,36.027528],[139.936256,36.027004],[139.936717,36.026129],[139.933975,36.025403],[139.932446,36.025508],[139.932537,36.023912],[139.93014,36.024615],[139.928886,36.023554],[139.926943,36.023731],[139.922755,36.022855],[139.919647,36.02174],[139.919802,36.020725],[139.920439,36.019945],[139.920969,36.018454],[139.921043,36.017468],[139.919683,36.015475],[139.91893,36.015597],[139.918618,36.015245],[139.917061,36.015255],[139.917042,36.013034],[139.916429,36.012517],[139.9164,36.010451],[139.91699,36.008666],[139.917132,36.006785],[139.918652,36.006778],[139.919622,36.00229],[139.920461,36.000107],[139.919289,35.995418],[139.920931,35.993994],[139.921067,35.991911],[139.922337,35.990665],[139.922826,35.986491],[139.923661,35.970237],[139.916718,35.970331],[139.915346,35.970592],[139.914138,35.970978],[139.912894,35.97144],[139.907956,35.974143],[139.899375,35.97752],[139.896029,35.979439],[139.892306,35.982611],[139.886837,35.986528],[139.883333,35.989746]],[[139.837564,36.090132],[139.83587,36.094269],[139.837794,36.094867],[139.837516,36.095374],[139.837304,36.095761],[139.83774,36.095706],[139.837871,36.09611],[139.839325,36.096602],[139.839084,36.094953],[139.838003,36.094014],[139.837894,36.092545],[139.8375,36.091966],[139.838036,36.090362],[139.837795,36.090253],[139.837564,36.090132]],[[139.835992,36.115002],[139.836353,36.114965],[139.836253,36.114297],[139.837934,36.114186],[139.837671,36.113002],[139.835923,36.113109],[139.835716,36.112537],[139.835626,36.112532],[139.835271,36.112553],[139.835992,36.115002]],[[140.25,35.907211],[140.248467,35.906772],[140.24892,35.909902],[140.248364,35.910063],[140.247148,35.910788],[140.247228,35.911845],[140.248477,35.911827],[140.248642,35.916086],[140.24899,35.916072],[140.249292,35.916776],[140.250754,35.922453],[140.251993,35.92446],[140.253222,35.928056],[140.25434,35.928806],[140.255715,35.929218],[140.258564,35.929341],[140.259021,35.929197],[140.259309,35.929089],[140.26103,35.930593],[140.260104,35.931807],[140.259401,35.932581],[140.256473,35.935366],[140.25611,35.935974],[140.255865,35.936393],[140.255877,35.937819],[140.258745,35.939758],[140.259427,35.940553],[140.262163,35.940334],[140.26358,35.939734],[140.263774,35.940213],[140.264059,35.940805],[140.264546,35.940676],[140.265556,35.941758],[140.269413,35.942212],[140.272932,35.94343],[140.270473,35.951112],[140.27087,35.952127],[140.270757,35.952776],[140.270976,35.953173],[140.271124,35.953333],[140.269346,35.954501],[140.268694,35.956403],[140.267781,35.957916],[140.265045,35.960528],[140.267367,35.961613],[140.265954,35.965788],[140.265532,35.965739],[140.2635,35.972888],[140.262988,35.972786],[140.262494,35.972789],[140.261748,35.976082],[140.261681,35.976661],[140.261733,35.977531],[140.259217,35.978209],[140.257892,35.977637],[140.257546,35.979134],[140.26201,35.981997],[140.263643,35.982019],[140.26772,35.979896],[140.26997,35.97949],[140.272858,35.980127],[140.275202,35.981809],[140.277272,35.981959],[140.277994,35.9815],[140.279021,35.98147],[140.287116,35.982723],[140.287812,35.982596],[140.288363,35.982397],[140.293944,35.978889],[140.294554,35.978987],[140.298369,35.982797],[140.297917,35.983985],[140.297908,35.985998],[140.298465,35.985938],[140.298834,35.984975],[140.300143,35.985081],[140.300656,35.98398],[140.299663,35.983369],[140.299575,35.981255],[140.299892,35.980335],[140.299553,35.979658],[140.298157,35.978894],[140.296624,35.97975],[140.296446,35.979655],[140.296307,35.97958],[140.296579,35.979234],[140.296461,35.978115],[140.2968,35.978027],[140.297508,35.978579],[140.298782,35.977703],[140.29902,35.977227],[140.298239,35.976447],[140.299263,35.976903],[140.299676,35.976461],[140.301083,35.976005],[140.30123,35.975541],[140.300552,35.975379],[140.302171,35.975001],[140.302016,35.974324],[140.302193,35.974302],[140.302348,35.974309],[140.302642,35.974905],[140.303586,35.974986],[140.304897,35.97347],[140.304367,35.974692],[140.304492,35.97503],[140.305666,35.975473],[140.306196,35.975105],[140.30616,35.975554],[140.306557,35.975701],[140.30681,35.976647],[140.307893,35.977582],[140.308439,35.976795],[140.308711,35.977803],[140.309397,35.978628],[140.309546,35.98009],[140.310764,35.981257],[140.310963,35.982001],[140.312142,35.982737],[140.312864,35.982759],[140.31349,35.983554],[140.313987,35.983417],[140.314053,35.983734],[140.314709,35.983947],[140.315431,35.984897],[140.315787,35.986432],[140.316487,35.987279],[140.317475,35.98715],[140.317918,35.988358],[140.31903,35.988947],[140.321554,35.989465],[140.325939,35.996356],[140.324136,35.998372],[140.327502,36.000476],[140.328745,36.00161],[140.330306,36.005131],[140.35878,35.998364],[140.357588,35.995117],[140.357661,35.991232],[140.364239,35.989985],[140.372844,35.991843],[140.380092,35.99306],[140.387912,35.99619],[140.4095,36.023296],[140.431256,36.008082],[140.453434,35.991923],[140.462592,35.980537],[140.466109,35.975223],[140.476145,35.971782],[140.485284,35.969962],[140.498283,35.957925],[140.504682,35.958495],[140.504803,35.957948],[140.505946,35.958115],[140.50864,35.95881],[140.50984,35.959613],[140.509975,35.959577],[140.511245,35.958735],[140.509117,35.956995],[140.504667,35.952097],[140.499696,35.944398],[140.497943,35.937902],[140.497479,35.934438],[140.49553,35.931223],[140.494957,35.930601],[140.49379,35.930295],[140.490625,35.931899],[140.489815,35.931993],[140.488908,35.931552],[140.487999,35.930517],[140.487176,35.928592],[140.487094,35.925275],[140.49006,35.918628],[140.490778,35.914957],[140.49208,35.913882],[140.494854,35.912654],[140.496268,35.910815],[140.502651,35.905902],[140.502676,35.905489],[140.497593,35.906263],[140.483774,35.909971],[140.474232,35.916127],[140.470874,35.919888],[140.466556,35.922619],[140.458438,35.92654],[140.45806,35.926186],[140.457502,35.926186],[140.456447,35.925004],[140.448466,35.915019],[140.435903,35.912145],[140.426105,35.907695],[140.421131,35.906448],[140.417955,35.906378],[140.415734,35.906757],[140.40764,35.909222],[140.401815,35.909476],[140.398312,35.9093],[140.390257,35.907366],[140.378961,35.90313],[140.37793,35.904152],[140.377171,35.905881],[140.375078,35.907879],[140.374971,35.908885],[140.375442,35.909145],[140.374927,35.909926],[140.376077,35.910403],[140.373675,35.914214],[140.373614,35.914188],[140.373181,35.914004],[140.37212,35.915693],[140.370408,35.914697],[140.369604,35.915984],[140.365292,35.913351],[140.365416,35.913073],[140.364663,35.912703],[140.364839,35.912373],[140.364704,35.912315],[140.363787,35.91192],[140.364251,35.91122],[140.3584,35.90867],[140.35872,35.908052],[140.357328,35.907207],[140.357341,35.907101],[140.357375,35.906804],[140.355324,35.906217],[140.353541,35.90528],[140.351644,35.909121],[140.350861,35.908863],[140.352496,35.905593],[140.331902,35.896553],[140.331592,35.900818],[140.329623,35.899902],[140.329196,35.905901],[140.325826,35.90485],[140.325506,35.904037],[140.325649,35.901581],[140.32469,35.90153],[140.324916,35.898259],[140.324811,35.898254],[140.323525,35.898187],[140.323528,35.898096],[140.323556,35.897287],[140.323948,35.897287],[140.323999,35.896761],[140.323762,35.896772],[140.323945,35.894513],[140.321937,35.894231],[140.321988,35.888777],[140.320978,35.888499],[140.320993,35.887689],[140.31722,35.887658],[140.315671,35.881884],[140.315393,35.881698],[140.31496,35.881924],[140.314898,35.881956],[140.314568,35.881513],[140.31296,35.881482],[140.31437,35.886866],[140.314137,35.887353],[140.313869,35.887313],[140.313493,35.887257],[140.313586,35.886732],[140.305694,35.884802],[140.295747,35.884407],[140.295304,35.884633],[140.296623,35.88765],[140.29617,35.887795],[140.297726,35.891521],[140.281922,35.892192],[140.282932,35.897607],[140.28253,35.898019],[140.280297,35.896874],[140.270693,35.895525],[140.270095,35.897275],[140.268878,35.897018],[140.26884,35.897141],[140.268269,35.898951],[140.26931,35.899126],[140.269,35.900021],[140.268567,35.900176],[140.265077,35.898931],[140.264748,35.898982],[140.264562,35.899116],[140.264528,35.899164],[140.263974,35.899929],[140.258402,35.898568],[140.25,35.907211]],[[140.375,36.041564],[140.358631,36.044746],[140.338675,36.045043],[140.322775,36.046465],[140.31055,36.04896],[140.298361,36.044435],[140.26988,36.051138],[140.262286,36.052204],[140.264706,36.068228],[140.26503,36.068482],[140.26574,36.070392],[140.26577,36.074073],[140.266604,36.075232],[140.266534,36.076134],[140.266003,36.076535],[140.266179,36.076923],[140.265871,36.077886],[140.266193,36.078906],[140.265862,36.079208],[140.26622,36.079844],[140.265603,36.080375],[140.266013,36.08116],[140.265573,36.081722],[140.265304,36.083137],[140.265998,36.083602],[140.266504,36.086005],[140.261174,36.088077],[140.262075,36.090991],[140.260904,36.092495],[140.259689,36.09341],[140.261958,36.096099],[140.265344,36.09588],[140.270278,36.097963],[140.27126,36.097616],[140.271424,36.097649],[140.271927,36.097752],[140.272413,36.094856],[140.272496,36.09477],[140.272953,36.094295],[140.273169,36.094433],[140.273699,36.094623],[140.277381,36.094565],[140.277444,36.094951],[140.277444,36.095418],[140.277768,36.095433],[140.278498,36.096681],[140.279578,36.100048],[140.280334,36.102532],[140.279893,36.102787],[140.280244,36.103188],[140.281017,36.102765],[140.281559,36.103125],[140.282269,36.103526],[140.282008,36.103835],[140.284437,36.10521],[140.28037,36.109079],[140.281315,36.109306],[140.281255,36.109444],[140.281117,36.109768],[140.282169,36.110235],[140.281666,36.109539],[140.281891,36.109124],[140.281729,36.108788],[140.281738,36.108613],[140.282386,36.107429],[140.282956,36.108782],[140.282891,36.110244],[140.282603,36.110572],[140.281574,36.11034],[140.280414,36.111528],[140.280009,36.111528],[140.279748,36.111565],[140.279658,36.112671],[140.280414,36.113619],[140.279892,36.113255],[140.279422,36.113014],[140.279125,36.112941],[140.278828,36.112978],[140.277101,36.11413],[140.277641,36.11326],[140.278892,36.11256],[140.277604,36.110294],[140.275298,36.111609],[140.272851,36.112309],[140.272772,36.11238],[140.272689,36.112455],[140.273265,36.113904],[140.271505,36.114432],[140.271343,36.11448],[140.266995,36.113947],[140.265267,36.113265],[140.26426,36.113542],[140.264484,36.11418],[140.264528,36.114308],[140.254806,36.116869],[140.255839,36.119664],[140.250466,36.120999],[140.250214,36.121392],[140.248028,36.121422],[140.246714,36.122168],[140.23749,36.122085],[140.234533,36.12245],[140.22922,36.123736],[140.225919,36.123482],[140.224237,36.123743],[140.223612,36.123215],[140.220422,36.125655],[140.219578,36.125237],[140.21912,36.125319],[140.218527,36.125442],[140.217191,36.126272],[140.216332,36.125473],[140.210888,36.126885],[140.20517,36.127438],[140.193673,36.129333],[140.196814,36.13209],[140.196149,36.133068],[140.198629,36.135012],[140.201506,36.138624],[140.206051,36.14146],[140.207037,36.143025],[140.206561,36.143841],[140.206751,36.144856],[140.204911,36.145877],[140.204196,36.149967],[140.203428,36.151608],[140.20322,36.15312],[140.201778,36.155534],[140.201375,36.155512],[140.200373,36.158671],[140.199412,36.158776],[140.197285,36.16023],[140.19559,36.161963],[140.195097,36.162315],[140.194379,36.162594],[140.18679,36.16437],[140.185186,36.164084],[140.180742,36.164891],[140.179917,36.165215],[140.179084,36.166319],[140.177246,36.166576],[140.175999,36.16789],[140.176523,36.168949],[140.176308,36.169852],[140.176544,36.171799],[140.182106,36.173699],[140.183541,36.173935],[140.186246,36.176232],[140.18794,36.178861],[140.189625,36.179777],[140.191597,36.180062],[140.19337,36.181914],[140.196829,36.182459],[140.197643,36.183519],[140.199435,36.182933],[140.202921,36.184896],[140.207233,36.185656],[140.207996,36.186391],[140.208825,36.187888],[140.208908,36.191034],[140.20955,36.192182],[140.211848,36.191966],[140.21356,36.192078],[140.21434,36.192529],[140.215159,36.192264],[140.223142,36.192522],[140.224293,36.194752],[140.222135,36.19617],[140.220812,36.196515],[140.219699,36.197467],[140.219379,36.197559],[140.218813,36.197793],[140.218317,36.199506],[140.217547,36.199666],[140.21684,36.199315],[140.21141,36.202019],[140.211798,36.2024],[140.211715,36.202871],[140.212084,36.203037],[140.212011,36.203184],[140.211814,36.203301],[140.211094,36.203369],[140.210313,36.203055],[140.209876,36.205022],[140.210352,36.207897],[140.209761,36.20971],[140.210616,36.209138],[140.212597,36.208499],[140.215333,36.209305],[140.217431,36.209428],[140.218651,36.208558],[140.219695,36.206963],[140.220403,36.206595],[140.221209,36.206582],[140.22287,36.207209],[140.224923,36.206213],[140.230876,36.206273],[140.233687,36.20555],[140.23663,36.205471],[140.238894,36.203596],[140.23906,36.202972],[140.240301,36.202152],[140.239224,36.198461],[140.239492,36.198395],[140.239574,36.196866],[140.240717,36.196666],[140.242292,36.195852],[140.244009,36.194571],[140.245494,36.192039],[140.246163,36.190101],[140.249414,36.188529],[140.251305,36.188011],[140.254592,36.186212],[140.257065,36.18523],[140.256645,36.184009],[140.255438,36.184296],[140.255438,36.182336],[140.255141,36.181319],[140.254772,36.179411],[140.255773,36.179045],[140.255512,36.178776],[140.254422,36.178853],[140.253953,36.178442],[140.253639,36.178667],[140.253756,36.178205],[140.254692,36.17757],[140.255321,36.17763],[140.255458,36.177083],[140.255504,36.177067],[140.257142,36.17792],[140.257581,36.17763],[140.257668,36.177647],[140.258022,36.178644],[140.257181,36.178833],[140.25702,36.179355],[140.259528,36.181671],[140.259976,36.181419],[140.260395,36.181084],[140.260659,36.180628],[140.260965,36.1801],[140.262225,36.182789],[140.263631,36.181962],[140.263558,36.181293],[140.268169,36.178701],[140.265439,36.176265],[140.265753,36.174835],[140.266467,36.17488],[140.269518,36.173355],[140.269858,36.173742],[140.270943,36.174899],[140.274419,36.172898],[140.275215,36.17147],[140.276065,36.171599],[140.278266,36.166327],[140.279725,36.164693],[140.278246,36.164296],[140.275599,36.162639],[140.272997,36.161861],[140.272048,36.162713],[140.271314,36.162738],[140.269874,36.163824],[140.269986,36.161254],[140.271801,36.161254],[140.270496,36.159322],[140.271167,36.159028],[140.271243,36.158941],[140.271188,36.158708],[140.271454,36.158919],[140.271679,36.158396],[140.27021,36.155462],[140.269127,36.154433],[140.267587,36.1514],[140.267138,36.150871],[140.267005,36.150879],[140.26613,36.151581],[140.265714,36.151558],[140.264799,36.149767],[140.263277,36.14873],[140.262633,36.147437],[140.261338,36.146378],[140.259723,36.146369],[140.259223,36.146137],[140.258527,36.145722],[140.256588,36.142948],[140.255975,36.142598],[140.255638,36.142474],[140.254761,36.1424],[140.254689,36.140857],[140.252575,36.139281],[140.252759,36.138925],[140.250819,36.13764],[140.248696,36.135337],[140.246274,36.133539],[140.246118,36.132915],[140.255219,36.133364],[140.258722,36.133895],[140.263586,36.134097],[140.265067,36.134469],[140.269337,36.133434],[140.274509,36.133583],[140.285288,36.13312],[140.285409,36.133033],[140.287018,36.131874],[140.288694,36.132676],[140.290934,36.13285],[140.290988,36.13265],[140.293401,36.13253],[140.29659,36.131402],[140.296869,36.132081],[140.297729,36.131881],[140.29789,36.131889],[140.301463,36.133618],[140.301678,36.132642],[140.30169,36.132644],[140.30229,36.132721],[140.302376,36.132964],[140.302462,36.132999],[140.303199,36.132887],[140.305216,36.131899],[140.305646,36.132055],[140.306188,36.131991],[140.309292,36.130757],[140.310152,36.130609],[140.310741,36.130538],[140.311819,36.129753],[140.311973,36.129721],[140.314739,36.130008],[140.324638,36.12736],[140.325831,36.127421],[140.326497,36.127046],[140.327002,36.127264],[140.32727,36.127264],[140.327582,36.127142],[140.328123,36.126851],[140.328639,36.125457],[140.32898,36.125331],[140.329539,36.125172],[140.330164,36.125257],[140.330778,36.125836],[140.330988,36.12598],[140.331332,36.126691],[140.33125,36.126855],[140.331066,36.127469],[140.338431,36.128676],[140.345812,36.130679],[140.357673,36.130149],[140.366643,36.13051],[140.377193,36.120912],[140.385959,36.114135],[140.388168,36.10899],[140.389651,36.104243],[140.391062,36.098318],[140.397793,36.091835],[140.404704,36.082626],[140.401884,36.074762],[140.398265,36.063176],[140.396376,36.054899],[140.395995,36.037482],[140.375,36.041564]],[[140.060316,36.236054],[140.059834,36.236849],[140.060549,36.237908],[140.060467,36.238103],[140.060009,36.238539],[140.060509,36.23911],[140.06019,36.24048],[140.060967,36.241835],[140.06108,36.24275],[140.061724,36.242915],[140.062028,36.243684],[140.061951,36.244419],[140.061009,36.245445],[140.060978,36.245656],[140.061045,36.246062],[140.06158,36.24697],[140.061611,36.247731],[140.062368,36.248208],[140.062666,36.249256],[140.063527,36.250262],[140.062426,36.251625],[140.062245,36.252785],[140.062776,36.25348],[140.064332,36.254374],[140.064666,36.255674],[140.066133,36.256853],[140.066065,36.257198],[140.063156,36.259241],[140.063967,36.260967],[140.064901,36.261766],[140.06508,36.263395],[140.065527,36.264004],[140.065195,36.264559],[140.065727,36.265249],[140.065963,36.266309],[140.064805,36.268971],[140.063457,36.26849],[140.061855,36.271339],[140.061931,36.27156],[140.062052,36.271804],[140.063355,36.270921],[140.063706,36.271452],[140.065859,36.273011],[140.065121,36.27355],[140.065654,36.274026],[140.065943,36.274193],[140.065995,36.274239],[140.066686,36.27377],[140.066922,36.273988],[140.06724,36.274043],[140.067585,36.27435],[140.066516,36.275322],[140.067121,36.275406],[140.067448,36.2759],[140.066629,36.277062],[140.065061,36.276679],[140.064697,36.277138],[140.063374,36.276905],[140.06059,36.279147],[140.05932,36.277608],[140.059264,36.277576],[140.058694,36.277252],[140.0561,36.276831],[140.054911,36.276118],[140.054071,36.274482],[140.050652,36.275441],[140.051604,36.27661],[140.05121,36.27821],[140.051434,36.278171],[140.05135,36.279004],[140.050118,36.279043],[140.050365,36.28123],[140.05009,36.282057],[140.049143,36.283204],[140.049703,36.283573],[140.049429,36.283875],[140.049367,36.286818],[140.050667,36.293916],[140.04759,36.29652],[140.047625,36.299546],[140.050921,36.300975],[140.0516,36.301959],[140.051856,36.302329],[140.051654,36.305236],[140.05246,36.308487],[140.051395,36.311334],[140.052475,36.314172],[140.052814,36.314143],[140.05304,36.315399],[140.053902,36.315282],[140.0537,36.31616],[140.053839,36.316194],[140.053975,36.316227],[140.053055,36.320352],[140.050353,36.328654],[140.052939,36.329226],[140.052717,36.329851],[140.052007,36.331588],[140.052274,36.331859],[140.051574,36.334623],[140.05072,36.336716],[140.047196,36.340519],[140.044086,36.345411],[140.040766,36.349482],[140.038404,36.355307],[140.034719,36.3593],[140.038675,36.357202],[140.042662,36.356505],[140.044367,36.355616],[140.046576,36.355232],[140.047625,36.354306],[140.049991,36.356322],[140.050193,36.359907],[140.048648,36.359991],[140.048723,36.360674],[140.046644,36.361338],[140.045718,36.360515],[140.044622,36.36073],[140.044641,36.362021],[140.042891,36.362123],[140.042928,36.362806],[140.040616,36.362946],[140.040644,36.364956],[140.041599,36.364779],[140.042048,36.365331],[140.040691,36.366509],[140.040213,36.366416],[140.04012,36.367033],[140.041018,36.367352],[140.04086,36.369576],[140.042274,36.371363],[140.042706,36.372401],[140.041467,36.375229],[140.042283,36.375535],[140.04522,36.375091],[140.046188,36.37547],[140.048166,36.375583],[140.049699,36.376204],[140.050707,36.377152],[140.05174,36.377636],[140.053718,36.377975],[140.054242,36.37837],[140.055122,36.378362],[140.055445,36.379128],[140.056509,36.379706],[140.059351,36.380287],[140.060271,36.380231],[140.061046,36.380884],[140.06224,36.38117],[140.063733,36.38217],[140.064524,36.38363],[140.066507,36.385605],[140.066943,36.387452],[140.068252,36.388032],[140.069148,36.388927],[140.068405,36.390742],[140.068518,36.391797],[140.065882,36.394684],[140.065196,36.39687],[140.065382,36.399491],[140.065003,36.400685],[140.065955,36.401798],[140.06585,36.402902],[140.066399,36.403773],[140.068166,36.403262],[140.077073,36.404193],[140.079803,36.403247],[140.081121,36.403663],[140.08188,36.40306],[140.08326,36.402788],[140.084277,36.400616],[140.085079,36.39978],[140.086659,36.399417],[140.086966,36.3988],[140.087951,36.398285],[140.089311,36.398505],[140.090305,36.400605],[140.091263,36.400778],[140.092214,36.401662],[140.093892,36.400586],[140.095584,36.398728],[140.097756,36.398092],[140.099265,36.398354],[140.10157,36.396994],[140.101692,36.397008],[140.102121,36.397238],[140.106586,36.397429],[140.109618,36.398089],[140.111077,36.397954],[140.110417,36.401073],[140.109925,36.402175],[140.110417,36.404073],[140.10934,36.405506],[140.109212,36.40649],[140.109585,36.407301],[140.112656,36.408862],[140.113148,36.409786],[140.114461,36.411021],[140.117914,36.411224],[140.121717,36.413227],[140.125336,36.414131],[140.127188,36.413916],[140.132064,36.414921],[140.135773,36.412942],[140.140979,36.412003],[140.14126,36.412023],[140.141431,36.412094],[140.141994,36.413138],[140.144261,36.414045],[140.145096,36.412799],[140.145096,36.411745],[140.145246,36.411494],[140.146928,36.410012],[140.147199,36.409349],[140.14746,36.408957],[140.148389,36.408198],[140.14857,36.406662],[140.15018,36.405391],[140.152252,36.402221],[140.153609,36.401307],[140.156509,36.397993],[140.159585,36.398013],[140.16309,36.399402],[140.163823,36.399422],[140.164457,36.399493],[140.165603,36.400105],[140.167975,36.399734],[140.169108,36.39899],[140.172617,36.399071],[140.173682,36.398438],[140.174919,36.39883],[140.176273,36.398649],[140.178595,36.397283],[140.1795,36.397645],[140.180696,36.397444],[140.184041,36.398368],[140.184393,36.398388],[140.185157,36.398338],[140.186677,36.396262],[140.185126,36.395],[140.185971,36.392134],[140.187047,36.391087],[140.187921,36.389274],[140.188771,36.388695],[140.188722,36.387715],[140.189202,36.386944],[140.189407,36.385777],[140.191207,36.384784],[140.190059,36.383732],[140.189143,36.383545],[140.187629,36.382269],[140.185099,36.381032],[140.184897,36.38008],[140.183468,36.379716],[140.183087,36.378031],[140.18222,36.377391],[140.181746,36.376299],[140.181031,36.37602],[140.179856,36.376114],[140.178446,36.373122],[140.177705,36.372842],[140.178069,36.371784],[140.177771,36.370957],[140.178292,36.369893],[140.180307,36.368702],[140.179949,36.366575],[140.178425,36.364327],[140.179564,36.362452],[140.179442,36.361929],[140.176093,36.360409],[140.175287,36.360459],[140.173545,36.361419],[140.172519,36.361502],[140.169297,36.361088],[140.16801,36.360059],[140.168297,36.358141],[140.166933,36.357475],[140.16674,36.356946],[140.166917,36.355534],[140.167905,36.354288],[140.168172,36.352841],[140.166563,36.351508],[140.16648,36.350764],[140.164607,36.349939],[140.165303,36.347895],[140.163177,36.345576],[140.16316,36.344622],[140.162326,36.341736],[140.163259,36.340804],[140.163205,36.339801],[140.163949,36.339007],[140.164286,36.338092],[140.164259,36.337046],[140.164983,36.336339],[140.166231,36.33625],[140.167231,36.335629],[140.168274,36.335547],[140.17035,36.336499],[140.173196,36.337288],[140.174246,36.33603],[140.175856,36.335849],[140.176614,36.335418],[140.177203,36.334748],[140.177588,36.333016],[140.177378,36.331705],[140.178163,36.330688],[140.180204,36.329756],[140.180858,36.328418],[140.182048,36.327427],[140.182954,36.325342],[140.182844,36.324413],[140.181535,36.321861],[140.180544,36.321074],[140.177844,36.321215],[140.176586,36.320787],[140.175482,36.320866],[140.173851,36.32053],[140.170893,36.321445],[140.167099,36.319154],[140.165137,36.319574],[140.162682,36.318759],[140.16242,36.317731],[140.161562,36.317186],[140.16011,36.317016],[140.15877,36.317221],[140.156453,36.316069],[140.154642,36.316153],[140.151921,36.314259],[140.15097,36.312831],[140.150933,36.312114],[140.150415,36.311328],[140.15042,36.310476],[140.149693,36.309535],[140.147855,36.308474],[140.146048,36.306847],[140.143261,36.306047],[140.144823,36.304512],[140.143969,36.303087],[140.143619,36.30116],[140.14387,36.298246],[140.145519,36.296794],[140.147993,36.29547],[140.149877,36.293852],[140.151069,36.291621],[140.151342,36.288847],[140.151986,36.288395],[140.152356,36.287457],[140.151204,36.28614],[140.149778,36.283218],[140.146731,36.278402],[140.146499,36.277328],[140.145718,36.276533],[140.145771,36.275328],[140.144969,36.274061],[140.143635,36.273868],[140.142557,36.272807],[140.140869,36.272265],[140.141299,36.271169],[140.141165,36.270236],[140.139579,36.269678],[140.138191,36.26848],[140.135868,36.267986],[140.134155,36.266685],[140.134032,36.265767],[140.133645,36.26521],[140.133556,36.263424],[140.135312,36.259902],[140.134832,36.257455],[140.133705,36.256286],[140.132514,36.255743],[140.131523,36.253991],[140.131508,36.25321],[140.131508,36.253175],[140.131908,36.25265],[140.129482,36.250794],[140.129264,36.249646],[140.129296,36.249246],[140.130213,36.249195],[140.132466,36.247151],[140.132443,36.244891],[140.132834,36.244221],[140.132673,36.24321],[140.130879,36.242787],[140.130046,36.243283],[140.129287,36.243049],[140.127839,36.243964],[140.126758,36.243569],[140.126187,36.242635],[140.125499,36.242323],[140.125384,36.241611],[140.124183,36.240829],[140.124006,36.240136],[140.122183,36.239593],[140.120674,36.238609],[140.120561,36.238361],[140.120371,36.238131],[140.11862,36.238099],[140.117709,36.236333],[140.116364,36.234867],[140.110336,36.231352],[140.099072,36.230886],[140.096877,36.22852],[140.098136,36.226277],[140.08655,36.227285],[140.082586,36.228076],[140.079052,36.227753],[140.074854,36.226819],[140.072253,36.2271],[140.068422,36.226451],[140.06675,36.226541],[140.065087,36.226134],[140.060212,36.225666],[140.059481,36.226253],[140.059163,36.225493],[140.0589,36.225391],[140.0586,36.225421],[140.059205,36.226331],[140.059517,36.228256],[140.059655,36.232228],[140.060411,36.234652],[140.060316,36.236054]],[[140.844505,35.75],[140.846306,35.74862],[140.845873,35.748243],[140.846399,35.747226],[140.847621,35.746699],[140.848779,35.747871],[140.848845,35.748159],[140.848952,35.748627],[140.848599,35.748727],[140.848971,35.748712],[140.84936,35.750511],[140.846583,35.752686],[140.845172,35.756773],[140.845945,35.75849],[140.845965,35.758484],[140.846805,35.759169],[140.846501,35.759906],[140.846686,35.759953],[140.846994,35.759183],[140.846564,35.758834],[140.846083,35.758444],[140.845354,35.756811],[140.846705,35.752723],[140.849456,35.750556],[140.848873,35.747838],[140.847672,35.746675],[140.851974,35.744667],[140.851226,35.742633],[140.849902,35.741439],[140.849061,35.740986],[140.84801,35.740484],[140.84725,35.740189],[140.846003,35.739895],[140.837659,35.739136],[140.820788,35.739518],[140.815352,35.741515],[140.805573,35.746807],[140.78608,35.759674],[140.746678,35.781832],[140.741675,35.785143],[140.739116,35.787259],[140.738442,35.787838],[140.734546,35.79119],[140.728951,35.796647],[140.725867,35.800748],[140.722342,35.808815],[140.717637,35.821863],[140.716063,35.824858],[140.713054,35.829418],[140.706576,35.836255],[140.697178,35.842379],[140.686836,35.847764],[140.684532,35.848669],[140.683556,35.849052],[140.675843,35.851269],[140.666392,35.853197],[140.641068,35.856406],[140.630686,35.859124],[140.628289,35.86555],[140.624046,35.870631],[140.620834,35.875299],[140.61943,35.876382],[140.617674,35.879871],[140.616486,35.881384],[140.613295,35.888876],[140.611567,35.891812],[140.607993,35.895812],[140.602747,35.899164],[140.602243,35.900005],[140.598861,35.903166],[140.601274,35.906944],[140.602372,35.90941],[140.602518,35.913361],[140.601936,35.915976],[140.601115,35.917699],[140.603365,35.919175],[140.611922,35.923565],[140.616978,35.924917],[140.617214,35.926051],[140.616796,35.929354],[140.61684,35.929953],[140.617058,35.930864],[140.618485,35.933771],[140.62042,35.935745],[140.629373,35.9304],[140.637393,35.931041],[140.637751,35.930327],[140.638081,35.929635],[140.645929,35.927931],[140.646544,35.929024],[140.647039,35.929258],[140.650309,35.929017],[140.65351,35.928323],[140.652367,35.926615],[140.654318,35.925744],[140.654104,35.925424],[140.655698,35.925144],[140.659154,35.923484],[140.659371,35.922982],[140.660104,35.923135],[140.668909,35.919169],[140.666983,35.919884],[140.666973,35.919869],[140.666863,35.919717],[140.667574,35.919397],[140.667269,35.918668],[140.668234,35.918234],[140.6699,35.918458],[140.67098,35.916691],[140.669879,35.918196],[140.670099,35.917408],[140.669589,35.916306],[140.671518,35.915669],[140.67364,35.911963],[140.673229,35.912407],[140.671374,35.911606],[140.671916,35.910716],[140.671995,35.910697],[140.6735,35.911307],[140.673464,35.911697],[140.673536,35.911702],[140.674221,35.905559],[140.673644,35.905331],[140.674657,35.896998],[140.677237,35.896687],[140.678455,35.895141],[140.681617,35.890396],[140.681807,35.890482],[140.685239,35.885749],[140.685213,35.883402],[140.686877,35.881009],[140.691026,35.882917],[140.691035,35.883127],[140.683958,35.893333],[140.684178,35.893433],[140.684261,35.893474],[140.683468,35.89461],[140.683256,35.894517],[140.678624,35.901184],[140.677827,35.90491],[140.677207,35.911827],[140.677216,35.911841],[140.677501,35.912106],[140.677284,35.912238],[140.677512,35.912116],[140.680072,35.913726],[140.68019,35.914404],[140.680341,35.914488],[140.680353,35.914486],[140.680088,35.913734],[140.681251,35.914395],[140.681369,35.915077],[140.681522,35.915162],[140.681533,35.915161],[140.681271,35.914406],[140.682431,35.915067],[140.68255,35.915749],[140.6827,35.915832],[140.682714,35.915832],[140.682451,35.915078],[140.691856,35.920434],[140.69209,35.9208],[140.694991,35.922452],[140.692827,35.921325],[140.692665,35.921514],[140.693797,35.922159],[140.694764,35.922709],[140.695265,35.922608],[140.696126,35.9231],[140.696209,35.923533],[140.70003,35.925703],[140.701468,35.923672],[140.701858,35.923713],[140.701167,35.923501],[140.701053,35.923861],[140.700561,35.923645],[140.701071,35.923182],[140.700771,35.923051],[140.700937,35.922809],[140.701577,35.923091],[140.701352,35.923435],[140.701583,35.923494],[140.702334,35.922783],[140.701993,35.922388],[140.702524,35.921643],[140.704785,35.922103],[140.704715,35.922336],[140.705606,35.922741],[140.705198,35.923868],[140.704504,35.923866],[140.704694,35.924375],[140.71023,35.926879],[140.711312,35.940544],[140.71155,35.940643],[140.710401,35.926743],[140.706541,35.925125],[140.706983,35.923173],[140.709276,35.919362],[140.710208,35.919741],[140.70924,35.919299],[140.709598,35.918786],[140.710599,35.919196],[140.71033,35.919074],[140.70968,35.918778],[140.71103,35.916839],[140.711513,35.917056],[140.711004,35.916764],[140.711223,35.916449],[140.711761,35.916695],[140.711311,35.916427],[140.720257,35.903549],[140.721175,35.903916],[140.720318,35.903472],[140.720417,35.90324],[140.721413,35.903575],[140.720503,35.903115],[140.721355,35.901939],[140.722083,35.902299],[140.721441,35.901934],[140.722079,35.901051],[140.722781,35.901347],[140.722107,35.901017],[140.72244,35.900564],[140.722768,35.900119],[140.723444,35.900448],[140.723466,35.900417],[140.722797,35.900081],[140.723441,35.899193],[140.724125,35.899518],[140.724148,35.899487],[140.723471,35.899157],[140.72413,35.898259],[140.724813,35.898579],[140.72484,35.898545],[140.724159,35.898223],[140.724812,35.897332],[140.725496,35.897662],[140.724833,35.897301],[140.725494,35.896405],[140.726185,35.896718],[140.726204,35.896686],[140.725519,35.896373],[140.725907,35.895843],[140.726177,35.895477],[140.726855,35.895808],[140.726877,35.895773],[140.726226,35.895451],[140.726547,35.895006],[140.726883,35.894561],[140.727536,35.89488],[140.727557,35.894847],[140.726906,35.894529],[140.727567,35.893634],[140.728217,35.893949],[140.728237,35.893919],[140.727586,35.893601],[140.728248,35.892702],[140.728899,35.893018],[140.728923,35.892988],[140.72827,35.892669],[140.728923,35.891782],[140.729572,35.892099],[140.729594,35.892068],[140.728945,35.891755],[140.72961,35.890849],[140.730263,35.891163],[140.730284,35.891132],[140.729635,35.890816],[140.730291,35.88992],[140.730479,35.890009],[140.730942,35.890234],[140.730964,35.890203],[140.730313,35.889886],[140.731126,35.888726],[140.731993,35.889152],[140.731149,35.888691],[140.731235,35.888493],[140.732214,35.888851],[140.731349,35.888433],[140.732183,35.887287],[140.732862,35.887613],[140.732208,35.887252],[140.73287,35.886361],[140.733545,35.886686],[140.73289,35.886325],[140.742504,35.873233],[140.742435,35.872875],[140.742368,35.872883],[140.741669,35.874084],[140.74039,35.873519],[140.739939,35.871951],[140.740556,35.869684],[140.741903,35.867127],[140.743,35.865992],[140.743128,35.865227],[140.748957,35.857756],[140.751119,35.854019],[140.755582,35.848667],[140.759459,35.843013],[140.765273,35.83587],[140.766537,35.834017],[140.766539,35.833601],[140.769032,35.830899],[140.773591,35.824463],[140.776761,35.821057],[140.778318,35.818267],[140.784318,35.810214],[140.785671,35.809336],[140.786951,35.809768],[140.78639,35.810014],[140.787213,35.809695],[140.78714,35.809145],[140.786992,35.809384],[140.786513,35.809068],[140.786624,35.808136],[140.790154,35.803318],[140.790692,35.802453],[140.791174,35.80158],[140.791308,35.800788],[140.791311,35.800771],[140.792203,35.800283],[140.79474,35.796697],[140.796382,35.794999],[140.797324,35.794504],[140.798008,35.794681],[140.797885,35.795018],[140.798597,35.794824],[140.798633,35.794135],[140.798469,35.794459],[140.797963,35.794151],[140.79811,35.793445],[140.801748,35.788022],[140.804887,35.784142],[140.806784,35.782528],[140.807781,35.782729],[140.807513,35.78299],[140.808152,35.782885],[140.808377,35.782323],[140.808119,35.782106],[140.808038,35.782467],[140.807588,35.782132],[140.80757,35.781446],[140.809453,35.778512],[140.811236,35.77647],[140.810892,35.776372],[140.810954,35.776117],[140.811335,35.77637],[140.812999,35.774812],[140.813821,35.775056],[140.81352,35.775307],[140.813733,35.77541],[140.814347,35.775034],[140.814247,35.774526],[140.813915,35.774849],[140.81353,35.774331],[140.815182,35.772023],[140.814765,35.77176],[140.815215,35.771998],[140.816156,35.77115],[140.818685,35.767819],[140.819801,35.767215],[140.820461,35.767391],[140.819994,35.767629],[140.82065,35.767487],[140.820892,35.767112],[140.820752,35.766729],[140.820561,35.766809],[140.820726,35.76706],[140.820119,35.76672],[140.820342,35.76604],[140.824553,35.761701],[140.825342,35.760455],[140.827502,35.758879],[140.828841,35.757196],[140.830017,35.757696],[140.829067,35.757024],[140.835114,35.753288],[140.835897,35.753025],[140.836716,35.753159],[140.841672,35.756755],[140.840647,35.757884],[140.841846,35.756774],[140.84019,35.755579],[140.843634,35.752699],[140.84471,35.752832],[140.843684,35.752637],[140.842918,35.751986],[140.842864,35.752026],[140.843173,35.752301],[140.840016,35.754945],[140.836631,35.752468],[140.837918,35.751594],[140.839964,35.753104],[140.84042,35.752708],[140.838121,35.751011],[140.839598,35.749676],[140.84183,35.751052],[140.841629,35.750841],[140.84209,35.750488],[140.841533,35.750799],[140.840998,35.750333],[140.841321,35.750087],[140.839809,35.748773],[140.842787,35.746488],[140.845061,35.74846],[140.843448,35.749695],[140.843727,35.750596],[140.844505,35.75]],[[140.841117,35.750256],[140.84131,35.750428],[140.841522,35.750271],[140.841329,35.750098],[140.841117,35.750256]],[[140.694235,35.930268],[140.69421,35.930318],[140.693978,35.93079],[140.694113,35.931911],[140.697145,35.933013],[140.699076,35.934217],[140.697179,35.932968],[140.695092,35.93217],[140.695936,35.932295],[140.695185,35.931846],[140.69609,35.93217],[140.695213,35.931783],[140.695881,35.930551],[140.696154,35.930696],[140.696173,35.930674],[140.695894,35.930526],[140.696223,35.930138],[140.694802,35.929332],[140.694235,35.930268]],[[140.697591,35.934869],[140.697866,35.934982],[140.698096,35.934585],[140.697828,35.9345],[140.697591,35.934869]],[[140.675,35.930691],[140.69181,35.932589],[140.694055,35.933405],[140.694415,35.932853],[140.692697,35.932107],[140.692838,35.931263],[140.693714,35.92956],[140.693414,35.929396],[140.69391,35.928815],[140.67689,35.919128],[140.675946,35.919089],[140.665287,35.923894],[140.665176,35.9242],[140.66692,35.926764],[140.662848,35.928596],[140.661526,35.926671],[140.663179,35.925579],[140.661375,35.92559],[140.658962,35.926733],[140.658831,35.927114],[140.658596,35.926901],[140.657519,35.927277],[140.656949,35.92867],[140.655704,35.929101],[140.657197,35.928804],[140.659767,35.928887],[140.675,35.930691]],[[140.491667,35.971792],[140.485284,35.969962],[140.476145,35.971782],[140.466109,35.975223],[140.462592,35.980537],[140.453434,35.991923],[140.431256,36.008082],[140.4095,36.023296],[140.395995,36.037482],[140.396376,36.054899],[140.398265,36.063176],[140.401884,36.074762],[140.404704,36.082626],[140.397793,36.091835],[140.391062,36.098318],[140.389651,36.104243],[140.388168,36.10899],[140.385959,36.114135],[140.377193,36.120912],[140.366643,36.13051],[140.363215,36.141112],[140.363807,36.149592],[140.363311,36.151461],[140.362628,36.152511],[140.362542,36.152658],[140.361849,36.152626],[140.361743,36.153645],[140.362101,36.153696],[140.362575,36.156131],[140.363256,36.15714],[140.36685,36.156651],[140.366824,36.156571],[140.36679,36.156466],[140.367162,36.156418],[140.367425,36.156383],[140.369195,36.155356],[140.37007,36.15537],[140.370066,36.155503],[140.370061,36.155637],[140.370508,36.155704],[140.371486,36.154591],[140.373125,36.154266],[140.375968,36.155053],[140.378655,36.156909],[140.383209,36.156545],[140.385385,36.154731],[140.386273,36.155204],[140.390334,36.156114],[140.394726,36.155945],[140.397345,36.151912],[140.398778,36.150889],[140.402023,36.147492],[140.402479,36.144273],[140.404088,36.142378],[140.404621,36.139679],[140.405206,36.138737],[140.406764,36.137585],[140.40691,36.137277],[140.40712,36.136819],[140.408105,36.138493],[140.40813,36.138536],[140.41204,36.140347],[140.414134,36.142203],[140.418148,36.142446],[140.41932,36.142828],[140.420121,36.142658],[140.420789,36.144062],[140.421327,36.144403],[140.421902,36.144883],[140.422692,36.145077],[140.425584,36.147786],[140.426282,36.147559],[140.430874,36.151908],[140.432632,36.152837],[140.434102,36.154457],[140.435607,36.157537],[140.436266,36.160025],[140.436557,36.165983],[140.438952,36.166316],[140.439388,36.165227],[140.440994,36.16323],[140.443736,36.160509],[140.446386,36.160905],[140.447192,36.160508],[140.449951,36.158127],[140.450509,36.157957],[140.455781,36.158563],[140.455613,36.157115],[140.454307,36.152957],[140.454082,36.152738],[140.453906,36.152683],[140.453038,36.152674],[140.451853,36.15184],[140.452541,36.151537],[140.453457,36.152165],[140.455706,36.151557],[140.455845,36.151387],[140.455881,36.151302],[140.455673,36.150351],[140.454226,36.148202],[140.453417,36.145393],[140.4514,36.143695],[140.449271,36.140847],[140.447419,36.140279],[140.447106,36.140053],[140.446879,36.139756],[140.447081,36.139587],[140.447189,36.139497],[140.448274,36.139911],[140.448866,36.139911],[140.450989,36.139265],[140.450976,36.138752],[140.450871,36.138582],[140.450348,36.138102],[140.448519,36.137205],[140.447665,36.136286],[140.449409,36.134556],[140.450568,36.134842],[140.44921,36.133235],[140.449181,36.132916],[140.44922,36.132493],[140.449462,36.131922],[140.449772,36.13142],[140.455936,36.127128],[140.460607,36.124278],[140.462974,36.123345],[140.464641,36.123295],[140.476931,36.125158],[140.478841,36.126538],[140.478956,36.126534],[140.480103,36.126497],[140.483116,36.12529],[140.48409,36.125219],[140.485489,36.1245],[140.48839,36.124001],[140.489518,36.123505],[140.490062,36.123319],[140.492021,36.123077],[140.492031,36.123212],[140.492083,36.123857],[140.491929,36.123883],[140.491694,36.123922],[140.491569,36.126883],[140.492556,36.127807],[140.492756,36.128546],[140.493068,36.128891],[140.494826,36.129917],[140.494709,36.129999],[140.494299,36.130282],[140.494299,36.13041],[140.494536,36.130629],[140.495789,36.129446],[140.495702,36.1281],[140.496646,36.128016],[140.499517,36.129266],[140.501252,36.129652],[140.502824,36.129584],[140.502917,36.129798],[140.50207,36.130375],[140.50241,36.130499],[140.5031,36.130115],[140.502949,36.130508],[140.5034,36.131225],[140.503433,36.131278],[140.50291,36.131465],[140.50296,36.13234],[140.503633,36.132321],[140.504641,36.131448],[140.505404,36.131394],[140.506785,36.132559],[140.507277,36.132609],[140.508406,36.130917],[140.509637,36.130364],[140.510495,36.129978],[140.509955,36.128877],[140.510577,36.12893],[140.510765,36.12889],[140.511273,36.128324],[140.512394,36.128549],[140.513804,36.127798],[140.512896,36.127048],[140.513174,36.126701],[140.512789,36.12587],[140.513184,36.125578],[140.513253,36.125528],[140.512038,36.124762],[140.512715,36.124689],[140.513272,36.123579],[140.514686,36.123459],[140.516374,36.122151],[140.517003,36.122695],[140.518475,36.121461],[140.519059,36.121936],[140.519884,36.121248],[140.523949,36.123759],[140.525327,36.121773],[140.526619,36.121031],[140.528102,36.117937],[140.530708,36.115784],[140.53118,36.113942],[140.530849,36.112665],[140.529597,36.111492],[140.527785,36.109504],[140.527646,36.107687],[140.528774,36.107164],[140.530952,36.106154],[140.532808,36.103926],[140.533255,36.100017],[140.530158,36.098084],[140.528913,36.096495],[140.529949,36.094879],[140.53243,36.092906],[140.537271,36.090759],[140.540113,36.087081],[140.540546,36.086142],[140.53896,36.082467],[140.539319,36.080603],[140.539508,36.079818],[140.539894,36.078217],[140.543807,36.072687],[140.543752,36.069115],[140.543749,36.068923],[140.550396,36.066142],[140.553865,36.061699],[140.553866,36.061698],[140.553857,36.054937],[140.556205,36.053028],[140.56288,36.049801],[140.563224,36.045015],[140.562485,36.039737],[140.565402,36.036109],[140.567668,36.020181],[140.566582,36.012087],[140.557057,36.010726],[140.548104,36.008865],[140.544787,36.006462],[140.543112,36.004849],[140.542843,36.005059],[140.541873,36.004306],[140.542369,36.004143],[140.540341,36.002236],[140.538862,35.998957],[140.538944,35.998184],[140.5402,35.996099],[140.539435,35.995911],[140.538967,35.995183],[140.539234,35.99359],[140.53829,35.992215],[140.53835,35.991497],[140.539023,35.99016],[140.538183,35.989707],[140.535146,35.989297],[140.534923,35.990027],[140.533653,35.990383],[140.533719,35.99211],[140.533467,35.992961],[140.53435,35.993975],[140.532547,35.996241],[140.529562,35.997622],[140.528752,35.999099],[140.528959,36.000336],[140.528417,36.002525],[140.52863,36.003212],[140.526632,36.003671],[140.525717,36.004467],[140.522803,36.003069],[140.520541,36.002706],[140.511563,36.003073],[140.50975,36.002633],[140.510048,36.002184],[140.510177,36.001989],[140.509888,36.001607],[140.51124,36.000254],[140.509662,35.998765],[140.51148,35.996995],[140.511392,35.995285],[140.512637,35.99279],[140.512556,35.992049],[140.511713,35.990963],[140.513051,35.990483],[140.512203,35.989551],[140.512134,35.988907],[140.511399,35.988565],[140.512568,35.987281],[140.512449,35.986888],[140.51326,35.986287],[140.513587,35.985536],[140.513436,35.983349],[140.513732,35.982001],[140.513448,35.9807],[140.513656,35.980031],[140.514317,35.979753],[140.514488,35.979369],[140.512771,35.980003],[140.512627,35.979431],[140.512023,35.979385],[140.510009,35.978234],[140.508008,35.97766],[140.506783,35.976496],[140.505564,35.976664],[140.504588,35.977329],[140.503419,35.977048],[140.503318,35.977002],[140.502806,35.976632],[140.502612,35.97604],[140.501442,35.974689],[140.491667,35.971792]],[[140.563917,36.062326],[140.561948,36.061812],[140.561681,36.062497],[140.560764,36.062198],[140.560328,36.062139],[140.553865,36.061699],[140.550396,36.066142],[140.543749,36.068923],[140.543752,36.069115],[140.543807,36.072687],[140.539894,36.078217],[140.539508,36.079818],[140.539319,36.080603],[140.53896,36.082467],[140.540546,36.086142],[140.540113,36.087081],[140.537271,36.090759],[140.53243,36.092906],[140.529949,36.094879],[140.528913,36.096495],[140.530158,36.098084],[140.533255,36.100017],[140.532808,36.103926],[140.530952,36.106154],[140.528774,36.107164],[140.527646,36.107687],[140.527785,36.109504],[140.529597,36.111492],[140.530849,36.112665],[140.53118,36.113942],[140.530708,36.115784],[140.528102,36.117937],[140.526619,36.121031],[140.525327,36.121773],[140.523949,36.123759],[140.519884,36.121248],[140.519059,36.121936],[140.518475,36.121461],[140.517003,36.122695],[140.516374,36.122151],[140.514686,36.123459],[140.513272,36.123579],[140.512715,36.124689],[140.512038,36.124762],[140.513253,36.125528],[140.513184,36.125578],[140.512789,36.12587],[140.513174,36.126701],[140.512896,36.127048],[140.513804,36.127798],[140.512394,36.128549],[140.511273,36.128324],[140.510765,36.12889],[140.510577,36.12893],[140.509955,36.128877],[140.510495,36.129978],[140.509637,36.130364],[140.508406,36.130917],[140.50749,36.132403],[140.50704,36.132635],[140.505404,36.131394],[140.504641,36.131448],[140.503633,36.132321],[140.50296,36.13234],[140.50291,36.131465],[140.503433,36.131278],[140.5034,36.131225],[140.502949,36.130508],[140.5031,36.130115],[140.50241,36.130499],[140.50207,36.130375],[140.502917,36.129798],[140.502824,36.129584],[140.501252,36.129652],[140.499517,36.129266],[140.496646,36.128016],[140.495702,36.1281],[140.495789,36.129446],[140.494536,36.130629],[140.494299,36.13041],[140.494299,36.130282],[140.494709,36.129999],[140.494826,36.129917],[140.493068,36.128891],[140.492756,36.128546],[140.492556,36.127807],[140.491569,36.126883],[140.491694,36.123922],[140.491929,36.123883],[140.492083,36.123857],[140.492031,36.123212],[140.492021,36.123077],[140.490062,36.123319],[140.489518,36.123505],[140.48839,36.124001],[140.485489,36.1245],[140.48049,36.126416],[140.478841,36.126538],[140.476931,36.125158],[140.464641,36.123295],[140.462974,36.123345],[140.459741,36.124766],[140.449772,36.13142],[140.449462,36.131922],[140.44922,36.132493],[140.449181,36.132916],[140.44921,36.133235],[140.450568,36.134842],[140.449409,36.134556],[140.447665,36.136286],[140.448519,36.137205],[140.450348,36.138102],[140.450871,36.138582],[140.450976,36.138752],[140.450989,36.139265],[140.448866,36.139911],[140.448274,36.139911],[140.447189,36.139497],[140.447081,36.139587],[140.446879,36.139756],[140.447106,36.140053],[140.447419,36.140279],[140.449271,36.140847],[140.4514,36.143695],[140.453417,36.145393],[140.454226,36.148202],[140.455673,36.150351],[140.455881,36.151302],[140.455845,36.151387],[140.455706,36.151557],[140.453457,36.152165],[140.452541,36.151537],[140.451853,36.15184],[140.453038,36.152674],[140.453906,36.152683],[140.454082,36.152738],[140.454307,36.152957],[140.455613,36.157115],[140.455781,36.158563],[140.450509,36.157957],[140.449951,36.158127],[140.447192,36.160508],[140.446386,36.160905],[140.443736,36.160509],[140.440994,36.16323],[140.439388,36.165227],[140.438952,36.166316],[140.436557,36.165983],[140.440327,36.178112],[140.441764,36.181156],[140.443298,36.18315],[140.443788,36.184503],[140.445994,36.185627],[140.447532,36.185532],[140.447571,36.185975],[140.449845,36.18628],[140.447779,36.195112],[140.444065,36.199832],[140.444479,36.200084],[140.442197,36.20289],[140.441009,36.203338],[140.432947,36.208273],[140.428138,36.209864],[140.42788,36.209381],[140.427065,36.209657],[140.426925,36.209356],[140.424438,36.210169],[140.423412,36.210965],[140.420947,36.211044],[140.420307,36.211262],[140.419893,36.211524],[140.419183,36.212502],[140.41753,36.216397],[140.41583,36.217472],[140.415271,36.219099],[140.41471,36.219759],[140.414621,36.219864],[140.415172,36.220221],[140.41561,36.219719],[140.417032,36.221074],[140.417469,36.221752],[140.417714,36.222313],[140.418228,36.224109],[140.420167,36.224383],[140.420104,36.224672],[140.417831,36.22587],[140.421111,36.228301],[140.420692,36.231864],[140.42216,36.231638],[140.425174,36.230124],[140.432481,36.228144],[140.434321,36.229818],[140.435473,36.231571],[140.436067,36.231667],[140.436812,36.232341],[140.437257,36.23279],[140.438195,36.234515],[140.439229,36.237894],[140.440988,36.238811],[140.44301,36.236112],[140.443355,36.234746],[140.443836,36.234341],[140.444024,36.234118],[140.444099,36.23369],[140.444212,36.23196],[140.44279,36.231456],[140.441733,36.229976],[140.442442,36.230145],[140.442704,36.230353],[140.443223,36.231102],[140.444771,36.231179],[140.445905,36.230521],[140.445374,36.229492],[140.445656,36.229336],[140.446178,36.23],[140.44728,36.228821],[140.449403,36.229974],[140.450556,36.231788],[140.450981,36.232147],[140.451322,36.232365],[140.45149,36.237537],[140.453195,36.23643],[140.453706,36.236558],[140.454936,36.235633],[140.456013,36.235262],[140.45929,36.235907],[140.460834,36.235921],[140.466484,36.23731],[140.468607,36.237536],[140.472789,36.237576],[140.473449,36.23744],[140.473834,36.237336],[140.473658,36.236613],[140.473666,36.236521],[140.476403,36.236033],[140.477858,36.236137],[140.477328,36.237512],[140.476901,36.238584],[140.477972,36.240993],[140.477563,36.242325],[140.478559,36.24226],[140.47886,36.242161],[140.481586,36.240988],[140.481741,36.241056],[140.482816,36.241529],[140.482519,36.242226],[140.483446,36.242815],[140.485867,36.243049],[140.487197,36.245026],[140.488945,36.245306],[140.491961,36.244473],[140.492717,36.244518],[140.492869,36.244981],[140.493893,36.245406],[140.49633,36.245969],[140.496908,36.249009],[140.49576,36.249248],[140.493511,36.250347],[140.495307,36.252386],[140.495337,36.252679],[140.495314,36.252865],[140.494391,36.254162],[140.494443,36.257299],[140.493971,36.258368],[140.494228,36.258954],[140.494174,36.261685],[140.495146,36.262281],[140.49643,36.265116],[140.496499,36.265701],[140.496485,36.266057],[140.496052,36.267237],[140.496336,36.269974],[140.496228,36.275973],[140.522407,36.278233],[140.525167,36.270141],[140.525066,36.269729],[140.526576,36.266909],[140.526113,36.266418],[140.528568,36.265995],[140.528993,36.26568],[140.529075,36.26562],[140.529538,36.266157],[140.530564,36.266092],[140.530947,36.265408],[140.532258,36.264348],[140.534653,36.264745],[140.536796,36.263738],[140.5369,36.263927],[140.536952,36.264056],[140.536206,36.265588],[140.536287,36.267201],[140.53685,36.267217],[140.536991,36.264936],[140.537536,36.263876],[140.537093,36.263171],[140.538022,36.262061],[140.538806,36.262078],[140.539027,36.261769],[140.539329,36.261573],[140.539797,36.261478],[140.540416,36.261329],[140.54197,36.26146],[140.542125,36.261521],[140.542412,36.261783],[140.542554,36.262013],[140.542534,36.262078],[140.542071,36.262176],[140.540964,36.261655],[140.539757,36.26172],[140.540763,36.262942],[140.54197,36.26273],[140.543017,36.264509],[140.542856,36.264656],[140.542776,36.26464],[140.541065,36.263874],[140.540696,36.263383],[140.540602,36.26319],[140.539636,36.26389],[140.541045,36.265112],[140.541125,36.265226],[140.541065,36.265421],[140.54052,36.266172],[140.540379,36.266284],[140.53921,36.266256],[140.539071,36.266629],[140.541385,36.267231],[140.54056,36.26671],[140.54102,36.26582],[140.541707,36.265456],[140.543801,36.265456],[140.543924,36.265245],[140.544183,36.264805],[140.54354,36.263792],[140.54356,36.263678],[140.543741,36.263581],[140.545526,36.265191],[140.545703,36.265476],[140.545813,36.26594],[140.546949,36.266019],[140.546343,36.264637],[140.546254,36.264601],[140.54599,36.264548],[140.545886,36.263822],[140.545857,36.263619],[140.545526,36.263869],[140.545151,36.264244],[140.54493,36.264118],[140.543782,36.262722],[140.543675,36.261735],[140.545726,36.26095],[140.546234,36.261271],[140.546565,36.260932],[140.547233,36.261429],[140.547381,36.261539],[140.547028,36.26211],[140.54719,36.263127],[140.547381,36.263076],[140.548109,36.26304],[140.547867,36.262326],[140.548154,36.262183],[140.547769,36.261604],[140.54769,36.261486],[140.548087,36.260826],[140.547593,36.260218],[140.547648,36.260064],[140.547943,36.259926],[140.548328,36.259829],[140.54857,36.259907],[140.549155,36.260412],[140.549662,36.26085],[140.548474,36.260547],[140.548914,36.26142],[140.550366,36.261099],[140.550417,36.261335],[140.550454,36.261508],[140.551751,36.261348],[140.550634,36.259688],[140.551016,36.259437],[140.552368,36.260974],[140.552764,36.259995],[140.553006,36.259764],[140.553314,36.259657],[140.553424,36.259924],[140.553204,36.260048],[140.553138,36.260191],[140.553356,36.260518],[140.553487,36.260672],[140.553622,36.260832],[140.554151,36.260654],[140.554273,36.260808],[140.554459,36.261046],[140.556983,36.260346],[140.557654,36.255895],[140.559555,36.255785],[140.559645,36.254409],[140.559992,36.25388],[140.560725,36.253632],[140.561093,36.254002],[140.561471,36.253675],[140.561401,36.252981],[140.561015,36.252841],[140.56082,36.253126],[140.560438,36.253089],[140.559826,36.252083],[140.560518,36.245333],[140.561231,36.244673],[140.562091,36.244913],[140.562334,36.244398],[140.562118,36.243964],[140.5614,36.244208],[140.560612,36.243613],[140.560806,36.239438],[140.561432,36.236096],[140.562314,36.235581],[140.563241,36.235633],[140.562833,36.235919],[140.562997,36.236075],[140.563473,36.235731],[140.563283,36.235064],[140.562947,36.235086],[140.563245,36.23545],[140.562222,36.235355],[140.561677,36.234562],[140.562683,36.227816],[140.563381,36.227135],[140.564448,36.227143],[140.564011,36.227431],[140.564216,36.227576],[140.564716,36.227014],[140.564351,36.226515],[140.56415,36.226639],[140.564439,36.226793],[140.564198,36.226875],[140.563363,36.226626],[140.563067,36.226068],[140.563211,36.221151],[140.563782,36.220661],[140.564376,36.218336],[140.564946,36.217853],[140.565848,36.217923],[140.565592,36.218085],[140.565752,36.218229],[140.566247,36.217907],[140.566149,36.21724],[140.565794,36.217169],[140.56604,36.217437],[140.565555,36.21752],[140.564795,36.21702],[140.564615,36.215767],[140.566036,36.209452],[140.566623,36.208979],[140.567562,36.208938],[140.567742,36.209125],[140.567498,36.209343],[140.568102,36.208989],[140.567981,36.208366],[140.567405,36.208616],[140.566708,36.208208],[140.566631,36.206383],[140.567959,36.200846],[140.568637,36.200177],[140.569455,36.200161],[140.569598,36.200583],[140.57012,36.200207],[140.570084,36.199597],[140.569256,36.199669],[140.568715,36.198958],[140.568973,36.196825],[140.57024,36.191822],[140.571057,36.19131],[140.571501,36.191489],[140.571337,36.191717],[140.571715,36.191703],[140.57209,36.19124],[140.571861,36.190714],[140.571414,36.190921],[140.570926,36.190604],[140.571086,36.188183],[140.574432,36.175155],[140.582245,36.150161],[140.584597,36.143586],[140.586434,36.139352],[140.587397,36.138868],[140.587932,36.138996],[140.588054,36.139175],[140.5877,36.139315],[140.588068,36.139418],[140.588489,36.138997],[140.588429,36.138492],[140.587622,36.138564],[140.587175,36.137721],[140.588995,36.132097],[140.589999,36.130443],[140.591219,36.130353],[140.591383,36.130626],[140.591045,36.130736],[140.591258,36.13086],[140.591843,36.130385],[140.591632,36.129827],[140.59132,36.130159],[140.590774,36.129891],[140.590486,36.129077],[140.592096,36.123848],[140.593057,36.122364],[140.593944,36.122101],[140.594367,36.122327],[140.594111,36.122558],[140.594502,36.122648],[140.594949,36.122141],[140.5947,36.121618],[140.594396,36.121884],[140.59389,36.121666],[140.59363,36.120595],[140.595514,36.115324],[140.596749,36.113406],[140.597677,36.113163],[140.598148,36.113448],[140.597811,36.113656],[140.598195,36.113753],[140.598684,36.113235],[140.598601,36.112804],[140.598238,36.112669],[140.598042,36.112914],[140.597556,36.112508],[140.59763,36.111244],[140.600116,36.105214],[140.601181,36.104603],[140.601916,36.10492],[140.601684,36.105282],[140.602384,36.104946],[140.602227,36.104237],[140.601914,36.104504],[140.60134,36.104102],[140.601317,36.103052],[140.603768,36.097135],[140.605016,36.0962],[140.606244,36.096543],[140.60575,36.096759],[140.605909,36.096924],[140.6065,36.096528],[140.606513,36.09572],[140.606162,36.095927],[140.605815,36.095744],[140.605648,36.094843],[140.608935,36.08641],[140.610038,36.085716],[140.6111,36.086014],[140.611176,36.086209],[140.610765,36.086305],[140.611246,36.0864],[140.611636,36.085798],[140.61132,36.085413],[140.611184,36.085719],[140.610738,36.085663],[140.610306,36.085027],[140.611256,36.082152],[140.606761,36.081864],[140.60566,36.080688],[140.603242,36.07995],[140.596358,36.080076],[140.589545,36.077002],[140.589286,36.075268],[140.589582,36.073612],[140.58766,36.070705],[140.586207,36.07044],[140.585372,36.071095],[140.583885,36.070286],[140.583021,36.07022],[140.58158,36.070613],[140.580219,36.071725],[140.579313,36.071606],[140.577125,36.069197],[140.576168,36.06773],[140.575255,36.06788],[140.573471,36.067517],[140.571104,36.068123],[140.568981,36.067557],[140.568423,36.066314],[140.568549,36.065546],[140.568277,36.064605],[140.564926,36.063367],[140.565187,36.062646],[140.563917,36.062326]],[[139.973434,35.974552],[139.972863,35.975944],[139.971413,35.97752],[139.97211,35.97796],[139.973309,35.980519],[139.974712,35.980749],[139.974869,35.983563],[139.97442,35.986634],[139.973369,35.986602],[139.973184,35.986596],[139.97295,35.987598],[139.97349,35.988662],[139.973222,35.989217],[139.973418,35.989725],[139.972759,35.990266],[139.972735,35.990371],[139.972773,35.991058],[139.973752,35.992191],[139.975126,35.99293],[139.976487,35.994708],[139.973025,36.000052],[139.972361,36.001874],[139.972334,36.0034],[139.976299,36.003502],[139.977377,36.005844],[139.979666,36.00658],[139.980617,36.005885],[139.980765,36.004867],[139.980307,36.003515],[139.980894,36.0032],[139.980978,36.000845],[139.983308,36.001071],[139.983946,36.000844],[139.984315,36.00028],[139.983946,35.999371],[139.982417,35.998606],[139.982246,35.998185],[139.983044,35.99776],[139.984602,35.997697],[139.986638,35.996664],[139.987529,35.996713],[139.988795,35.99729],[139.990386,35.99943],[139.992252,36.000018],[139.992879,36.00136],[139.993898,36.001529],[139.993983,36.00196],[139.996532,36.002471],[139.997257,36.000066],[140.001889,36.000983],[140.001192,36.003201],[140.001124,36.003473],[140.002186,36.003693],[140.003172,36.003898],[140.002435,36.006172],[139.997846,36.005235],[139.997634,36.005864],[139.997405,36.00662],[139.995829,36.0066],[139.995207,36.008083],[139.991518,36.011849],[139.991367,36.012376],[139.993402,36.012627],[139.993385,36.011625],[139.993656,36.011494],[139.995132,36.012229],[139.995455,36.013243],[139.995087,36.013953],[139.99388,36.01488],[139.993983,36.015673],[139.994872,36.016019],[139.996394,36.015599],[139.997258,36.015975],[139.999125,36.017603],[139.99881,36.018851],[139.999686,36.019434],[140.001505,36.017586],[140.002041,36.017815],[140.001709,36.018664],[140.003619,36.020118],[140.004376,36.019872],[140.005124,36.018759],[140.005846,36.018674],[140.00605,36.018776],[140.006271,36.01892],[140.006475,36.019872],[140.007869,36.020398],[140.008553,36.021194],[140.008867,36.02212],[140.008476,36.022604],[140.010405,36.022893],[140.011155,36.024488],[140.013305,36.024585],[140.013556,36.025181],[140.013507,36.025273],[140.013365,36.025354],[140.010908,36.025846],[140.011809,36.026798],[140.013498,36.027113],[140.013829,36.026765],[140.015665,36.026586],[140.019894,36.027167],[140.021743,36.029318],[140.022168,36.029445],[140.022398,36.029445],[140.024072,36.028876],[140.0258,36.030061],[140.029337,36.033898],[140.028742,36.034909],[140.027269,36.036002],[140.026912,36.036732],[140.027285,36.039872],[140.026775,36.040442],[140.02675,36.04124],[140.025678,36.042344],[140.02562,36.042945],[140.025841,36.044482],[140.026776,36.04551],[140.02963,36.044844],[140.029782,36.044541],[140.029192,36.043959],[140.029555,36.043724],[140.030372,36.044111],[140.030684,36.04465],[140.030912,36.044591],[140.031106,36.044557],[140.031232,36.044019],[140.032244,36.044069],[140.032387,36.04385],[140.032311,36.043716],[140.031182,36.043716],[140.031131,36.043648],[140.031064,36.043412],[140.032874,36.042918],[140.03236,36.041899],[140.035666,36.04086],[140.036855,36.039335],[140.038001,36.039782],[140.037816,36.038695],[140.040117,36.040439],[140.042665,36.041043],[140.046712,36.036265],[140.048416,36.033312],[140.048703,36.033345],[140.048728,36.032539],[140.04942,36.03243],[140.049363,36.03163],[140.049762,36.031623],[140.049859,36.030959],[140.049866,36.030913],[140.049894,36.028471],[140.053022,36.024943],[140.053775,36.022637],[140.052941,36.022637],[140.052654,36.024018],[140.051271,36.024835],[140.049455,36.025374],[140.048342,36.02529],[140.045068,36.020014],[140.045143,36.019004],[140.046559,36.017657],[140.045538,36.015739],[140.046212,36.014038],[140.045181,36.012248],[140.047903,36.009572],[140.051211,36.007385],[140.051523,36.007688],[140.050688,36.008556],[140.053556,36.010843],[140.054374,36.01038],[140.056299,36.011571],[140.056654,36.010485],[140.057218,36.010645],[140.057319,36.01126],[140.057429,36.011335],[140.057656,36.011344],[140.058053,36.010982],[140.058963,36.01099],[140.059806,36.010527],[140.060756,36.011218],[140.061465,36.010991],[140.063378,36.012524],[140.064231,36.013673],[140.06515,36.013008],[140.068241,36.007572],[140.071832,36.006267],[140.076377,36.002687],[140.076834,36.001173],[140.077599,36.000439],[140.079181,35.999343],[140.079552,35.999757],[140.079654,35.999711],[140.080518,35.999317],[140.08021,35.998894],[140.082019,35.998081],[140.085718,35.991604],[140.086812,35.985365],[140.08883,35.983049],[140.08877,35.983009],[140.088631,35.982915],[140.089363,35.981721],[140.08971,35.980407],[140.089142,35.98031],[140.087516,35.980032],[140.088508,35.976096],[140.088585,35.973728],[140.087652,35.973563],[140.089019,35.96818],[140.089905,35.968195],[140.091755,35.965212],[140.091084,35.964921],[140.094249,35.960326],[140.094472,35.959152],[140.096466,35.957092],[140.098446,35.955711],[140.110409,35.95053],[140.114489,35.948041],[140.113673,35.94721],[140.113099,35.947501],[140.110627,35.942952],[140.102194,35.94599],[140.101698,35.945912],[140.100959,35.944522],[140.100444,35.943582],[140.099031,35.944006],[140.098647,35.94283],[140.097973,35.942406],[140.094936,35.9434],[140.094153,35.941888],[140.093936,35.941929],[140.090448,35.944089],[140.089473,35.942343],[140.089111,35.942343],[140.088627,35.942514],[140.08857,35.942223],[140.0885,35.942126],[140.087831,35.94199],[140.088009,35.941835],[140.08808,35.941773],[140.087506,35.941304],[140.088066,35.943903],[140.088014,35.9441],[140.08748,35.944813],[140.087022,35.944084],[140.086768,35.944203],[140.085763,35.943323],[140.084252,35.94421],[140.082454,35.944676],[140.081341,35.944707],[140.080033,35.944634],[140.076523,35.944031],[140.072826,35.942735],[140.066857,35.938041],[140.064064,35.936369],[140.062657,35.936086],[140.056804,35.937659],[140.055151,35.937632],[140.050305,35.934803],[140.048556,35.932791],[140.04507,35.931402],[140.044335,35.931781],[140.041639,35.934813],[140.039733,35.936285],[140.032377,35.938862],[140.029874,35.940579],[140.028863,35.942106],[140.028052,35.945603],[140.026943,35.947869],[140.019468,35.954636],[140.016429,35.955925],[140.012381,35.956693],[140.011369,35.956967],[140.010267,35.95742],[140.009523,35.95787],[140.009099,35.958222],[140.008066,35.959682],[140.007699,35.959788],[140.00714,35.959949],[140.006534,35.960308],[140.006016,35.960781],[140.00449,35.959306],[140.003988,35.959399],[140.003954,35.959405],[140.00321,35.958841],[139.997197,35.96357],[139.994008,35.964101],[139.993975,35.963986],[139.993627,35.962764],[139.991618,35.963128],[139.991678,35.964129],[139.991352,35.964883],[139.989296,35.966288],[139.988398,35.966171],[139.987674,35.966425],[139.986708,35.967284],[139.98471,35.967489],[139.981784,35.968645],[139.98074,35.968577],[139.978504,35.969062],[139.978151,35.971365],[139.976865,35.971888],[139.975971,35.971906],[139.974426,35.972873],[139.973434,35.974552]],[[140.307098,36.165282],[140.307536,36.166167],[140.307456,36.166943],[140.307624,36.167048],[140.307787,36.167149],[140.307704,36.168613],[140.308621,36.170237],[140.308603,36.173058],[140.309566,36.174309],[140.313085,36.175583],[140.313704,36.175598],[140.314037,36.175568],[140.315608,36.174302],[140.316302,36.177978],[140.30962,36.178573],[140.307706,36.180546],[140.308595,36.185677],[140.31374,36.184175],[140.314969,36.183935],[140.315774,36.183771],[140.31708,36.183845],[140.319039,36.184422],[140.321649,36.186464],[140.323325,36.186547],[140.324854,36.185978],[140.327109,36.185813],[140.327943,36.186435],[140.328886,36.187866],[140.330757,36.188227],[140.334189,36.188033],[140.335853,36.187231],[140.336084,36.186894],[140.33581,36.185393],[140.338712,36.18552],[140.341618,36.184793],[140.344886,36.185446],[140.344094,36.188856],[140.343092,36.189779],[140.337714,36.192055],[140.336283,36.193465],[140.335984,36.193622],[140.335637,36.193701],[140.332168,36.192541],[140.327581,36.191537],[140.326991,36.191713],[140.324153,36.194087],[140.318766,36.199623],[140.317804,36.200166],[140.314861,36.200795],[140.313819,36.201345],[140.313131,36.202677],[140.312969,36.207122],[140.312377,36.208782],[140.311867,36.209429],[140.311763,36.20956],[140.310236,36.210097],[140.307123,36.209646],[140.304608,36.210958],[140.3015,36.210257],[140.300628,36.210231],[140.300265,36.210329],[140.297279,36.213411],[140.291668,36.214794],[140.290375,36.21537],[140.288321,36.217815],[140.285133,36.220387],[140.283211,36.22023],[140.277926,36.22238],[140.276012,36.222733],[140.274895,36.223463],[140.272341,36.227184],[140.272026,36.228156],[140.272196,36.230247],[140.272026,36.230627],[140.271929,36.231301],[140.272374,36.233487],[140.273601,36.236095],[140.273765,36.236663],[140.273796,36.236772],[140.273585,36.236897],[140.275363,36.239325],[140.275937,36.242566],[140.27687,36.24508],[140.276724,36.245721],[140.278277,36.249778],[140.279367,36.251139],[140.281242,36.251242],[140.281305,36.251366],[140.281161,36.251753],[140.281937,36.252414],[140.280641,36.253495],[140.280607,36.254882],[140.281846,36.254943],[140.282388,36.25537],[140.284625,36.2557],[140.287397,36.255218],[140.287878,36.255508],[140.293075,36.25553],[140.293684,36.254593],[140.294399,36.254351],[140.296024,36.253814],[140.296322,36.254079],[140.296335,36.260898],[140.297141,36.262835],[140.297277,36.262966],[140.297582,36.26316],[140.299578,36.263358],[140.301602,36.264372],[140.303297,36.264614],[140.304605,36.265175],[140.305756,36.265011],[140.307656,36.265472],[140.315699,36.264667],[140.308532,36.271091],[140.304097,36.273025],[140.305721,36.275159],[140.307417,36.274496],[140.30802,36.27454],[140.310113,36.276832],[140.310303,36.277257],[140.310316,36.277284],[140.310115,36.277981],[140.311216,36.279273],[140.312022,36.279426],[140.312252,36.280845],[140.313538,36.280138],[140.31341,36.279733],[140.314238,36.279244],[140.314441,36.27814],[140.31505,36.277181],[140.314279,36.275693],[140.314476,36.274698],[140.315898,36.273794],[140.316556,36.274542],[140.315438,36.275123],[140.315377,36.2759],[140.315486,36.276136],[140.315709,36.276234],[140.319278,36.274535],[140.319997,36.275255],[140.32111,36.277183],[140.323229,36.276157],[140.320479,36.272271],[140.320479,36.272145],[140.320933,36.271609],[140.321149,36.271543],[140.321373,36.271543],[140.323983,36.272882],[140.32689,36.271311],[140.33293,36.269271],[140.335567,36.270684],[140.335702,36.270684],[140.336047,36.270608],[140.335817,36.270076],[140.336989,36.268792],[140.339207,36.267651],[140.340867,36.265582],[140.341639,36.266136],[140.342532,36.265582],[140.349533,36.269801],[140.351682,36.269676],[140.353668,36.269936],[140.353844,36.270385],[140.356152,36.271575],[140.356535,36.271432],[140.357255,36.270192],[140.356821,36.269381],[140.356658,36.268048],[140.356727,36.267738],[140.356941,36.267385],[140.359181,36.266011],[140.360768,36.264254],[140.361753,36.264503],[140.36291,36.26542],[140.377278,36.259817],[140.38174,36.257601],[140.382751,36.256493],[140.384421,36.256445],[140.384476,36.254964],[140.385064,36.254718],[140.38452,36.25329],[140.384178,36.253302],[140.384253,36.25268],[140.386336,36.252453],[140.386438,36.252928],[140.386503,36.252976],[140.38798,36.252973],[140.387447,36.252079],[140.388809,36.251887],[140.390412,36.25209],[140.390283,36.250724],[140.388062,36.250295],[140.386388,36.250404],[140.38525,36.246494],[140.383713,36.243788],[140.384964,36.242486],[140.384398,36.239901],[140.386779,36.23937],[140.386478,36.23886],[140.38964,36.237488],[140.390771,36.237405],[140.391166,36.237365],[140.391813,36.237968],[140.392524,36.237846],[140.394889,36.236811],[140.397718,36.235095],[140.39946,36.233289],[140.402489,36.2287],[140.403339,36.228268],[140.402963,36.227483],[140.404715,36.227185],[140.406387,36.226291],[140.413068,36.221504],[140.414621,36.219864],[140.41471,36.219759],[140.415271,36.219099],[140.41583,36.217472],[140.41753,36.216397],[140.419183,36.212502],[140.419893,36.211524],[140.420307,36.211262],[140.420947,36.211044],[140.423412,36.210965],[140.424438,36.210169],[140.426925,36.209356],[140.427065,36.209657],[140.42788,36.209381],[140.428138,36.209864],[140.432947,36.208273],[140.441009,36.203338],[140.442488,36.202703],[140.444479,36.200084],[140.444065,36.199832],[140.447779,36.195112],[140.449845,36.18628],[140.447571,36.185975],[140.447532,36.185532],[140.445994,36.185627],[140.443788,36.184503],[140.443298,36.18315],[140.443018,36.182924],[140.442787,36.182762],[140.441269,36.180224],[140.440327,36.178112],[140.436557,36.165983],[140.436266,36.160025],[140.435607,36.157537],[140.434401,36.154935],[140.433318,36.153482],[140.432251,36.152545],[140.431763,36.152347],[140.430874,36.151908],[140.426282,36.147559],[140.425584,36.147786],[140.422692,36.145077],[140.421902,36.144883],[140.42066,36.143957],[140.420121,36.142658],[140.41932,36.142828],[140.418148,36.142446],[140.414134,36.142203],[140.41204,36.140347],[140.40813,36.138536],[140.408105,36.138493],[140.40712,36.136819],[140.40691,36.137277],[140.406764,36.137585],[140.405206,36.138737],[140.404621,36.139679],[140.404088,36.142378],[140.402479,36.144273],[140.402023,36.147492],[140.398778,36.150889],[140.397345,36.151912],[140.394726,36.155945],[140.390334,36.156114],[140.386273,36.155204],[140.385385,36.154731],[140.383209,36.156545],[140.378655,36.156909],[140.375968,36.155053],[140.373125,36.154266],[140.371486,36.154591],[140.370508,36.155704],[140.370061,36.155637],[140.370066,36.155503],[140.37007,36.15537],[140.369195,36.155356],[140.367425,36.156383],[140.367162,36.156418],[140.36679,36.156466],[140.366824,36.156571],[140.36685,36.156651],[140.363256,36.15714],[140.362575,36.156131],[140.362101,36.153696],[140.361743,36.153645],[140.361849,36.152626],[140.362542,36.152658],[140.362628,36.152511],[140.363311,36.151461],[140.363807,36.149592],[140.363215,36.141112],[140.366643,36.13051],[140.357673,36.130149],[140.345812,36.130679],[140.338765,36.138537],[140.335904,36.142115],[140.33027,36.147235],[140.325498,36.149374],[140.320665,36.150054],[140.316426,36.15264],[140.310442,36.155624],[140.309754,36.155888],[140.308764,36.158866],[140.307442,36.15958],[140.307374,36.162443],[140.307429,36.162777],[140.307869,36.163637],[140.307797,36.164484],[140.307098,36.165282]],[[140.41551,36.219833],[140.415282,36.220094],[140.415172,36.220221],[140.414621,36.219864],[140.413068,36.221504],[140.405813,36.226644],[140.403738,36.227522],[140.403619,36.227278],[140.402963,36.227483],[140.403339,36.228268],[140.402489,36.2287],[140.39946,36.233289],[140.397718,36.235095],[140.394889,36.236811],[140.392524,36.237846],[140.391813,36.237968],[140.391166,36.237365],[140.390771,36.237405],[140.38964,36.237488],[140.386478,36.23886],[140.386779,36.23937],[140.384398,36.239901],[140.384964,36.242486],[140.383713,36.243788],[140.38525,36.246494],[140.386388,36.250404],[140.388062,36.250295],[140.390283,36.250724],[140.390412,36.25209],[140.388809,36.251887],[140.387447,36.252079],[140.38798,36.252973],[140.386503,36.252976],[140.386438,36.252928],[140.386336,36.252453],[140.384253,36.25268],[140.384178,36.253302],[140.38452,36.25329],[140.385064,36.254718],[140.384476,36.254964],[140.384421,36.256445],[140.382751,36.256493],[140.38174,36.257601],[140.377278,36.259817],[140.36291,36.26542],[140.361753,36.264503],[140.360768,36.264254],[140.359181,36.266011],[140.356941,36.267385],[140.356727,36.267738],[140.356658,36.268048],[140.356821,36.269381],[140.357255,36.270192],[140.356535,36.271432],[140.356152,36.271575],[140.353844,36.270385],[140.353668,36.269936],[140.351682,36.269676],[140.349533,36.269801],[140.343006,36.265837],[140.342416,36.26893],[140.342431,36.269376],[140.342462,36.269731],[140.346869,36.274941],[140.348572,36.277464],[140.349414,36.27796],[140.35097,36.280866],[140.35097,36.281602],[140.352527,36.284811],[140.353217,36.288205],[140.354551,36.289806],[140.355548,36.291843],[140.354751,36.293583],[140.355137,36.297446],[140.357974,36.298039],[140.358598,36.299054],[140.358682,36.299095],[140.358926,36.299088],[140.359212,36.300965],[140.358825,36.303289],[140.358665,36.303705],[140.358429,36.304107],[140.35735,36.305029],[140.357561,36.305302],[140.356955,36.306133],[140.356886,36.306437],[140.356794,36.307071],[140.358815,36.308171],[140.360977,36.310989],[140.362113,36.311357],[140.36395,36.312942],[140.364304,36.312963],[140.364489,36.312922],[140.36507,36.312452],[140.366325,36.312302],[140.366874,36.31158],[140.367594,36.31164],[140.368227,36.311347],[140.369855,36.311927],[140.370082,36.31237],[140.369393,36.313338],[140.370174,36.314234],[140.37099,36.313984],[140.372952,36.312527],[140.375086,36.312159],[140.379948,36.313067],[140.382147,36.313053],[140.384381,36.31345],[140.388294,36.312788],[140.389788,36.31288],[140.39006,36.312831],[140.390034,36.312484],[140.390865,36.312481],[140.393343,36.312912],[140.394571,36.313882],[140.395302,36.314098],[140.395821,36.315458],[140.39566,36.3158],[140.395143,36.316576],[140.393141,36.316967],[140.390914,36.31868],[140.38912,36.319043],[140.387964,36.32014],[140.387533,36.321386],[140.387783,36.321723],[140.387642,36.323468],[140.386493,36.324619],[140.385952,36.324754],[140.385678,36.325882],[140.386381,36.326365],[140.387753,36.328841],[140.388467,36.328955],[140.388859,36.328337],[140.389544,36.3281],[140.391548,36.328819],[140.394548,36.332717],[140.395332,36.333266],[140.395739,36.332344],[140.397299,36.330876],[140.399909,36.32944],[140.402304,36.331564],[140.402459,36.331771],[140.402409,36.331869],[140.401095,36.332168],[140.400843,36.332635],[140.401284,36.333386],[140.402129,36.333519],[140.403423,36.335146],[140.403326,36.336388],[140.404287,36.33808],[140.403753,36.339355],[140.404861,36.340521],[140.406303,36.34312],[140.406985,36.345597],[140.409076,36.345429],[140.41145,36.344798],[140.410407,36.343635],[140.410548,36.342265],[140.409722,36.338884],[140.410168,36.33731],[140.411221,36.336242],[140.411258,36.335341],[140.412059,36.334991],[140.414521,36.334666],[140.415487,36.333511],[140.416794,36.333025],[140.417517,36.332001],[140.418875,36.330893],[140.419093,36.329355],[140.418823,36.328998],[140.419177,36.328514],[140.419083,36.327876],[140.419221,36.327719],[140.419587,36.327401],[140.419807,36.326607],[140.421995,36.324562],[140.42384,36.321912],[140.4231,36.321088],[140.422749,36.319857],[140.423488,36.319172],[140.423897,36.317251],[140.424991,36.315477],[140.426386,36.315743],[140.427802,36.316509],[140.431995,36.316494],[140.434814,36.31707],[140.436204,36.316341],[140.437199,36.316576],[140.437208,36.316468],[140.437218,36.316354],[140.439413,36.31605],[140.442791,36.315937],[140.442318,36.318169],[140.442557,36.319367],[140.442148,36.319692],[140.442484,36.320584],[140.446638,36.319622],[140.450388,36.318382],[140.451265,36.317673],[140.452694,36.318306],[140.453775,36.319336],[140.454605,36.318764],[140.455425,36.317651],[140.45753,36.317418],[140.45981,36.318303],[140.460141,36.32133],[140.461188,36.321865],[140.463667,36.3206],[140.464951,36.319583],[140.465005,36.317641],[140.465625,36.316072],[140.467589,36.314967],[140.471471,36.315119],[140.471775,36.315485],[140.473036,36.315452],[140.475308,36.31654],[140.475645,36.317973],[140.475029,36.319129],[140.475046,36.319502],[140.47508,36.319652],[140.476044,36.321777],[140.476359,36.321981],[140.476597,36.322105],[140.477903,36.321726],[140.478197,36.321217],[140.479105,36.320722],[140.480564,36.320619],[140.48147,36.319888],[140.482161,36.321155],[140.48405,36.32242],[140.487602,36.322053],[140.490258,36.32039],[140.492652,36.320874],[140.492485,36.321678],[140.492897,36.32181],[140.493396,36.320271],[140.492592,36.316722],[140.493296,36.313421],[140.494304,36.312432],[140.495241,36.31196],[140.49522,36.310991],[140.496594,36.307946],[140.498374,36.306315],[140.498306,36.306264],[140.497478,36.305644],[140.50073,36.302797],[140.501161,36.302851],[140.50156,36.303603],[140.501725,36.303899],[140.50289,36.301797],[140.504948,36.301126],[140.506939,36.300723],[140.50747,36.300723],[140.508166,36.300938],[140.507816,36.301415],[140.508143,36.302849],[140.509343,36.304463],[140.509725,36.304088],[140.508962,36.302478],[140.508798,36.30175],[140.508907,36.301529],[140.511472,36.301328],[140.5118,36.301527],[140.512372,36.30285],[140.512977,36.301835],[140.514194,36.30182],[140.516005,36.302872],[140.516141,36.303424],[140.517068,36.303335],[140.51734,36.30424],[140.518214,36.303955],[140.518486,36.303978],[140.518677,36.304088],[140.518459,36.304771],[140.51944,36.305654],[140.520587,36.30643],[140.521677,36.306629],[140.522004,36.30568],[140.522799,36.305856],[140.522853,36.305592],[140.522908,36.305393],[140.523997,36.305553],[140.524107,36.30557],[140.524325,36.304908],[140.527443,36.30557],[140.527743,36.304533],[140.530877,36.305195],[140.531592,36.303596],[140.532634,36.302807],[140.532898,36.301886],[140.53251,36.299081],[140.532072,36.297564],[140.531237,36.295345],[140.522407,36.278233],[140.496228,36.275973],[140.496336,36.269974],[140.496052,36.267237],[140.496485,36.266057],[140.496499,36.265701],[140.49643,36.265116],[140.495146,36.262281],[140.494174,36.261685],[140.494228,36.258954],[140.493971,36.258368],[140.494443,36.257299],[140.494391,36.254162],[140.495314,36.252865],[140.495337,36.252679],[140.495307,36.252386],[140.493511,36.250347],[140.49576,36.249248],[140.496908,36.249009],[140.49633,36.245969],[140.493893,36.245406],[140.492869,36.244981],[140.492717,36.244518],[140.491961,36.244473],[140.488945,36.245306],[140.487197,36.245026],[140.485867,36.243049],[140.483446,36.242815],[140.482519,36.242226],[140.482816,36.241529],[140.481741,36.241056],[140.481586,36.240988],[140.47886,36.242161],[140.478559,36.24226],[140.477563,36.242325],[140.477972,36.240993],[140.476901,36.238584],[140.477328,36.237512],[140.477858,36.236137],[140.476403,36.236033],[140.473666,36.236521],[140.473658,36.236613],[140.473834,36.237336],[140.473449,36.23744],[140.472789,36.237576],[140.468607,36.237536],[140.466484,36.23731],[140.460834,36.235921],[140.45929,36.235907],[140.456013,36.235262],[140.454936,36.235633],[140.453706,36.236558],[140.453195,36.23643],[140.45149,36.237537],[140.451322,36.232365],[140.450981,36.232147],[140.450556,36.231788],[140.449403,36.229974],[140.44728,36.228821],[140.446178,36.23],[140.445656,36.229336],[140.445374,36.229492],[140.445905,36.230521],[140.444771,36.231179],[140.443223,36.231102],[140.442704,36.230353],[140.442442,36.230145],[140.441733,36.229976],[140.44279,36.231456],[140.444212,36.23196],[140.444099,36.23369],[140.444024,36.234118],[140.443836,36.234341],[140.443355,36.234746],[140.44301,36.236112],[140.440988,36.238811],[140.439229,36.237894],[140.438195,36.234515],[140.437257,36.23279],[140.436812,36.232341],[140.436067,36.231667],[140.435473,36.231571],[140.434321,36.229818],[140.432481,36.228144],[140.425174,36.230124],[140.42216,36.231638],[140.420692,36.231864],[140.421111,36.228301],[140.417831,36.22587],[140.420104,36.224672],[140.420167,36.224383],[140.418228,36.224109],[140.417714,36.222313],[140.417469,36.221752],[140.416513,36.220466],[140.41551,36.219833]],[[140.586365,36.291664],[140.586622,36.291337],[140.586493,36.291248],[140.584843,36.293371],[140.585002,36.301817],[140.585191,36.301813],[140.585024,36.293399],[140.586365,36.291664]],[[140.591646,36.316667],[140.591644,36.316653],[140.591635,36.316641],[140.59163,36.316639],[140.591621,36.316639],[140.59161,36.316643],[140.591596,36.316654],[140.591584,36.316667],[140.591575,36.316677],[140.59157,36.316686],[140.591569,36.316692],[140.591573,36.316698],[140.591582,36.316701],[140.59159,36.316704],[140.591599,36.316705],[140.591608,36.316705],[140.591618,36.316706],[140.591625,36.316708],[140.591633,36.316709],[140.591642,36.316709],[140.591651,36.316707],[140.591655,36.3167],[140.591654,36.31669],[140.591648,36.316682],[140.591646,36.316667]],[[140.586069,36.310843],[140.586083,36.31085],[140.586098,36.310856],[140.586111,36.31086],[140.586118,36.310862],[140.586128,36.310859],[140.586139,36.310854],[140.586151,36.310847],[140.586163,36.310841],[140.586187,36.310832],[140.586195,36.310825],[140.586202,36.310815],[140.586204,36.310806],[140.586203,36.310798],[140.586198,36.310794],[140.586175,36.310788],[140.586158,36.310785],[140.586142,36.310779],[140.586134,36.310773],[140.586129,36.310764],[140.586125,36.310755],[140.586119,36.310745],[140.586109,36.310736],[140.5861,36.310733],[140.586088,36.310733],[140.58608,36.310737],[140.586074,36.310743],[140.586072,36.310752],[140.586076,36.31076],[140.586088,36.310782],[140.586086,36.310794],[140.586079,36.310803],[140.586071,36.310809],[140.586063,36.310812],[140.586055,36.31082],[140.586053,36.310825],[140.586054,36.310831],[140.586069,36.310843]],[[140.586237,36.310865],[140.586229,36.310859],[140.586219,36.310858],[140.586204,36.310861],[140.586181,36.310865],[140.586171,36.310867],[140.586165,36.310872],[140.586164,36.31088],[140.586167,36.310887],[140.586169,36.310894],[140.586177,36.3109],[140.586191,36.310901],[140.586202,36.310896],[140.586224,36.310885],[140.586236,36.310875],[140.586237,36.310865]],[[140.586243,36.309663],[140.586236,36.309655],[140.58623,36.309654],[140.586221,36.309653],[140.586204,36.309657],[140.586193,36.309664],[140.586182,36.309672],[140.586166,36.309683],[140.58616,36.309689],[140.58615,36.309696],[140.586142,36.309704],[140.586138,36.309712],[140.586135,36.309719],[140.586139,36.309727],[140.586147,36.309731],[140.58616,36.309734],[140.586176,36.309731],[140.586189,36.30972],[140.586199,36.309712],[140.586226,36.309692],[140.586236,36.309681],[140.586242,36.309671],[140.586243,36.309663]],[[140.586354,36.311037],[140.586356,36.311047],[140.586378,36.311062],[140.586388,36.311066],[140.586399,36.311067],[140.586413,36.311063],[140.586424,36.311056],[140.586431,36.311042],[140.586429,36.311032],[140.586424,36.311021],[140.586407,36.310998],[140.586398,36.310992],[140.586389,36.310988],[140.586382,36.310987],[140.586376,36.310988],[140.58637,36.310993],[140.586364,36.311004],[140.586358,36.31102],[140.586356,36.311029],[140.586354,36.311037]],[[140.586504,36.310543],[140.586501,36.310535],[140.586493,36.310526],[140.586483,36.310519],[140.586468,36.310511],[140.586462,36.310509],[140.586451,36.310507],[140.586436,36.310508],[140.586425,36.310514],[140.586414,36.310521],[140.586411,36.310529],[140.586409,36.310534],[140.586408,36.310548],[140.586405,36.310568],[140.5864,36.310576],[140.586396,36.310585],[140.586398,36.310596],[140.586405,36.310604],[140.58642,36.310611],[140.586435,36.310614],[140.586447,36.310612],[140.586467,36.310595],[140.586474,36.310588],[140.586484,36.310575],[140.586492,36.310562],[140.586501,36.310551],[140.586504,36.310543]],[[140.587137,36.311486],[140.587152,36.311502],[140.587167,36.311508],[140.587184,36.311507],[140.5872,36.311493],[140.587191,36.311466],[140.587186,36.311459],[140.587174,36.311439],[140.58716,36.311415],[140.587149,36.311395],[140.587137,36.311388],[140.587127,36.311388],[140.58712,36.311391],[140.587114,36.311401],[140.587114,36.311422],[140.587119,36.311442],[140.587125,36.311462],[140.58713,36.311473],[140.587137,36.311486]],[[140.587303,36.311806],[140.587301,36.311782],[140.587291,36.311763],[140.587282,36.311742],[140.587273,36.311721],[140.587259,36.311706],[140.587238,36.311688],[140.587218,36.311678],[140.587206,36.311676],[140.587193,36.31168],[140.587174,36.311692],[140.587165,36.311704],[140.587158,36.311717],[140.58716,36.311738],[140.587165,36.311749],[140.587174,36.311767],[140.587201,36.311795],[140.587247,36.311834],[140.587261,36.31184],[140.587279,36.311841],[140.58729,36.311836],[140.587299,36.311824],[140.587303,36.311806]],[[140.587363,36.312502],[140.58737,36.312499],[140.587387,36.312492],[140.587399,36.312483],[140.587404,36.312473],[140.587403,36.312461],[140.587385,36.312431],[140.587373,36.312423],[140.587362,36.312419],[140.587349,36.312422],[140.587334,36.31243],[140.587319,36.312439],[140.587291,36.312448],[140.587272,36.312449],[140.587246,36.312452],[140.58724,36.312455],[140.587236,36.312462],[140.587238,36.312468],[140.587241,36.312475],[140.587245,36.312481],[140.58725,36.312485],[140.587255,36.312489],[140.587263,36.312496],[140.587273,36.312505],[140.587291,36.312516],[140.5873,36.312518],[140.587306,36.31252],[140.587319,36.312519],[140.587341,36.312511],[140.587352,36.312506],[140.587363,36.312502]],[[140.587401,36.311717],[140.587397,36.311706],[140.587391,36.311694],[140.587382,36.311677],[140.587373,36.31166],[140.58734,36.311609],[140.587321,36.311593],[140.587299,36.311585],[140.587253,36.311574],[140.587219,36.311561],[140.587172,36.311543],[140.587152,36.311539],[140.587138,36.311542],[140.587135,36.311553],[140.587137,36.311559],[140.587157,36.311572],[140.587195,36.31159],[140.587241,36.311611],[140.587271,36.31163],[140.587302,36.311657],[140.587324,36.311679],[140.587366,36.311715],[140.587383,36.311722],[140.587393,36.311725],[140.587399,36.311721],[140.587401,36.311717]],[[140.587479,36.311603],[140.587461,36.311567],[140.587458,36.311563],[140.587443,36.311541],[140.587437,36.311532],[140.587414,36.31151],[140.5874,36.311506],[140.58738,36.311503],[140.587367,36.311504],[140.587356,36.311511],[140.58735,36.311524],[140.58735,36.311541],[140.58736,36.311558],[140.587385,36.311591],[140.587398,36.311611],[140.587417,36.31165],[140.587429,36.311671],[140.58744,36.311682],[140.587464,36.311689],[140.58747,36.311682],[140.587476,36.311667],[140.587476,36.311642],[140.587479,36.311603]],[[140.587521,36.311452],[140.587498,36.311405],[140.587485,36.311386],[140.587472,36.311378],[140.587466,36.311375],[140.587448,36.311369],[140.587432,36.311368],[140.58742,36.311377],[140.587417,36.311388],[140.587418,36.311404],[140.587421,36.311419],[140.587423,36.311436],[140.587424,36.311453],[140.587436,36.311472],[140.587454,36.311483],[140.587475,36.311491],[140.587494,36.311492],[140.587519,36.311468],[140.587521,36.311452]],[[140.587531,36.312563],[140.587524,36.312553],[140.587502,36.312533],[140.587486,36.312521],[140.58747,36.312513],[140.587453,36.312508],[140.58744,36.312507],[140.587426,36.312509],[140.587405,36.312512],[140.587392,36.312514],[140.587385,36.312519],[140.587382,36.312524],[140.58738,36.312531],[140.587378,36.312543],[140.587381,36.312553],[140.587383,36.31256],[140.587393,36.312576],[140.587423,36.312595],[140.587435,36.312599],[140.587448,36.312599],[140.587462,36.312595],[140.587488,36.312594],[140.587502,36.312592],[140.587518,36.312587],[140.587526,36.312579],[140.58753,36.312571],[140.587531,36.312563]],[[140.587702,36.311195],[140.587682,36.311162],[140.587637,36.311114],[140.587617,36.311097],[140.587598,36.311089],[140.587581,36.311084],[140.587562,36.311087],[140.587533,36.31109],[140.587515,36.311097],[140.587497,36.311104],[140.587473,36.311134],[140.58747,36.31115],[140.587482,36.311171],[140.587506,36.311188],[140.587542,36.311205],[140.587568,36.311217],[140.587596,36.311224],[140.587625,36.311233],[140.58765,36.31124],[140.58767,36.31124],[140.58769,36.311234],[140.587699,36.311218],[140.587702,36.311195]],[[140.587716,36.311848],[140.587727,36.311854],[140.587738,36.311857],[140.587751,36.311855],[140.58776,36.311849],[140.587766,36.311838],[140.587771,36.311825],[140.587756,36.311812],[140.587746,36.311807],[140.587736,36.311801],[140.587728,36.3118],[140.587718,36.3118],[140.587709,36.311802],[140.587699,36.311809],[140.587694,36.311816],[140.58769,36.311824],[140.587698,36.311838],[140.587713,36.311847],[140.587716,36.311848]],[[140.587829,36.310931],[140.587826,36.3109],[140.587821,36.310887],[140.587817,36.310879],[140.587807,36.31087],[140.587798,36.310866],[140.587782,36.310867],[140.587771,36.310874],[140.587767,36.310885],[140.587769,36.310908],[140.587775,36.310925],[140.587781,36.310941],[140.587793,36.310952],[140.587803,36.310956],[140.587817,36.310953],[140.587823,36.310944],[140.587829,36.310931]],[[140.587866,36.31283],[140.587857,36.312828],[140.587849,36.312831],[140.587844,36.31284],[140.587845,36.312852],[140.587847,36.312871],[140.587848,36.312877],[140.58785,36.312889],[140.587854,36.312899],[140.587863,36.312903],[140.587871,36.312904],[140.587884,36.312897],[140.587892,36.312887],[140.587898,36.312866],[140.587895,36.312859],[140.587891,36.312853],[140.587884,36.312845],[140.587875,36.312837],[140.58787,36.312834],[140.587866,36.31283]],[[140.58799,36.311055],[140.587987,36.31103],[140.58798,36.31102],[140.58797,36.311014],[140.587955,36.311012],[140.58794,36.311014],[140.587926,36.311024],[140.587922,36.311033],[140.58792,36.311049],[140.587925,36.311075],[140.587929,36.311096],[140.587931,36.31111],[140.587934,36.311131],[140.587941,36.311143],[140.587951,36.311149],[140.587968,36.31115],[140.587983,36.311134],[140.587991,36.311098],[140.587991,36.311067],[140.58799,36.311061],[140.58799,36.311055]],[[140.587995,36.312752],[140.587992,36.31274],[140.587979,36.312728],[140.587969,36.312724],[140.587954,36.312724],[140.587938,36.312723],[140.587925,36.312716],[140.587904,36.312702],[140.587894,36.312697],[140.587887,36.312695],[140.587873,36.312697],[140.587867,36.312706],[140.587867,36.312711],[140.587876,36.312742],[140.58789,36.312764],[140.587895,36.312775],[140.5879,36.312785],[140.587909,36.312801],[140.587919,36.31281],[140.587931,36.312814],[140.587941,36.312814],[140.587961,36.312799],[140.587973,36.312791],[140.587982,36.312778],[140.58799,36.312764],[140.587995,36.312752]],[[140.58809,36.312508],[140.588084,36.312509],[140.588078,36.312511],[140.588071,36.312517],[140.588068,36.312525],[140.58807,36.312532],[140.588075,36.312541],[140.58808,36.312549],[140.588085,36.312556],[140.588092,36.31256],[140.588098,36.312561],[140.588109,36.31256],[140.588116,36.312555],[140.588119,36.312544],[140.588122,36.312533],[140.588123,36.312525],[140.588119,36.312518],[140.588114,36.312513],[140.588106,36.312509],[140.588098,36.312509],[140.58809,36.312508]],[[140.588231,36.31301],[140.588231,36.313023],[140.588231,36.313034],[140.588231,36.313045],[140.588239,36.313066],[140.588244,36.313074],[140.588255,36.313081],[140.588267,36.313083],[140.58828,36.313072],[140.58829,36.313038],[140.588294,36.313025],[140.588303,36.312998],[140.588302,36.312993],[140.588294,36.312989],[140.588284,36.312985],[140.588275,36.312984],[140.588262,36.312987],[140.588248,36.312994],[140.588237,36.313002],[140.588231,36.31301]],[[140.588284,36.312887],[140.588274,36.312887],[140.588269,36.312892],[140.588266,36.3129],[140.588269,36.312909],[140.588275,36.312915],[140.588285,36.312926],[140.588293,36.312934],[140.588302,36.312938],[140.588309,36.312938],[140.588319,36.312934],[140.588325,36.312925],[140.588327,36.312919],[140.588324,36.312913],[140.588316,36.312904],[140.58831,36.3129],[140.588304,36.312897],[140.588299,36.312894],[140.588294,36.31289],[140.588284,36.312887]],[[140.588545,36.312588],[140.588553,36.312599],[140.58856,36.312606],[140.58857,36.312611],[140.58858,36.312613],[140.58859,36.31261],[140.588597,36.312603],[140.588597,36.31258],[140.588594,36.312561],[140.588591,36.312554],[140.588586,36.312548],[140.588581,36.312544],[140.588572,36.31254],[140.588565,36.312537],[140.588556,36.312537],[140.588547,36.312537],[140.588537,36.312539],[140.58853,36.312544],[140.588526,36.312548],[140.588524,36.312556],[140.588528,36.312567],[140.588534,36.312574],[140.588539,36.31258],[140.588545,36.312588]],[[140.588578,36.313285],[140.588587,36.313294],[140.588595,36.313304],[140.588604,36.313311],[140.588614,36.313314],[140.588624,36.313315],[140.58864,36.313309],[140.588653,36.313296],[140.588675,36.313267],[140.588679,36.313256],[140.588677,36.313251],[140.58867,36.313248],[140.588663,36.313248],[140.588654,36.31325],[140.588637,36.313267],[140.588631,36.313273],[140.588623,36.313278],[140.588618,36.313278],[140.588613,36.313277],[140.588611,36.313272],[140.588612,36.313259],[140.588619,36.313243],[140.588631,36.313222],[140.588632,36.313215],[140.588629,36.31321],[140.588622,36.313208],[140.588613,36.313207],[140.588602,36.31321],[140.58859,36.313214],[140.58858,36.31322],[140.588575,36.313225],[140.58857,36.313231],[140.588565,36.313241],[140.588564,36.313253],[140.588565,36.313269],[140.588571,36.313276],[140.588578,36.313285]],[[140.588662,36.313132],[140.588658,36.31313],[140.588654,36.313129],[140.588647,36.31313],[140.588643,36.313131],[140.588636,36.313139],[140.588632,36.313145],[140.588627,36.31315],[140.588624,36.313165],[140.588622,36.313173],[140.588624,36.31318],[140.588629,36.313184],[140.588634,36.313185],[140.588646,36.313183],[140.588668,36.31317],[140.588675,36.313161],[140.588677,36.313155],[140.588674,36.313147],[140.588669,36.31314],[140.588667,36.313137],[140.588662,36.313132]],[[140.588668,36.313348],[140.588668,36.313359],[140.588674,36.313376],[140.588682,36.313386],[140.588693,36.313396],[140.588704,36.313402],[140.588717,36.313406],[140.588743,36.313401],[140.588753,36.313391],[140.588758,36.313378],[140.588757,36.313364],[140.588746,36.313339],[140.58874,36.313329],[140.588729,36.313308],[140.588723,36.313301],[140.588715,36.313298],[140.588709,36.313298],[140.588702,36.313301],[140.588697,36.313305],[140.58869,36.313315],[140.58868,36.313326],[140.588676,36.313332],[140.588672,36.313338],[140.588668,36.313348]],[[140.588713,36.313122],[140.588707,36.31313],[140.588706,36.313141],[140.588709,36.31315],[140.58872,36.313158],[140.58873,36.313161],[140.588741,36.313161],[140.588758,36.313155],[140.588762,36.313147],[140.58876,36.313139],[140.588754,36.313129],[140.588742,36.313109],[140.588735,36.313107],[140.588728,36.313108],[140.588721,36.313113],[140.588717,36.313117],[140.588713,36.313122]],[[140.588899,36.312869],[140.588902,36.312876],[140.588909,36.312882],[140.58892,36.312886],[140.588931,36.312887],[140.588949,36.312879],[140.588962,36.312874],[140.588972,36.312865],[140.588973,36.312851],[140.588968,36.312835],[140.588962,36.312818],[140.588953,36.31281],[140.58894,36.312805],[140.588928,36.312804],[140.588919,36.312806],[140.588908,36.312812],[140.588892,36.312825],[140.588889,36.312832],[140.588886,36.312839],[140.588889,36.312851],[140.588895,36.312862],[140.588899,36.312869]],[[140.588938,36.314014],[140.588937,36.31402],[140.588938,36.314031],[140.588943,36.314042],[140.588947,36.314046],[140.588952,36.314053],[140.58896,36.314057],[140.588969,36.314061],[140.588981,36.314061],[140.588993,36.314055],[140.589011,36.314039],[140.589015,36.314029],[140.589014,36.314018],[140.589004,36.313996],[140.588996,36.313988],[140.588987,36.313984],[140.588978,36.313981],[140.588967,36.313982],[140.588956,36.313988],[140.588948,36.313994],[140.588941,36.314005],[140.588939,36.314009],[140.588939,36.314012],[140.588938,36.314014]],[[140.589051,36.310026],[140.589046,36.31],[140.589041,36.30996],[140.589035,36.309946],[140.589026,36.309934],[140.589014,36.309929],[140.588997,36.309929],[140.588985,36.309932],[140.588974,36.309943],[140.588963,36.309967],[140.588966,36.309983],[140.588969,36.309999],[140.58897,36.310018],[140.58897,36.310024],[140.588971,36.310028],[140.588976,36.310056],[140.588985,36.310072],[140.588998,36.310084],[140.589011,36.310087],[140.589033,36.310081],[140.589052,36.310064],[140.589055,36.310044],[140.589053,36.310036],[140.589051,36.310026]],[[140.589078,36.313145],[140.589075,36.313132],[140.58907,36.313125],[140.589059,36.313115],[140.589048,36.31311],[140.589038,36.313107],[140.589027,36.313107],[140.589018,36.313109],[140.589009,36.313115],[140.589002,36.313122],[140.588995,36.313131],[140.588988,36.313139],[140.588985,36.313149],[140.588981,36.31316],[140.588978,36.313184],[140.588984,36.313195],[140.588989,36.313205],[140.588999,36.313213],[140.589014,36.313219],[140.589022,36.313226],[140.589029,36.313233],[140.589037,36.31324],[140.589045,36.313243],[140.589056,36.31324],[140.589064,36.313229],[140.589068,36.313215],[140.589071,36.313187],[140.589075,36.313171],[140.589077,36.313159],[140.589078,36.313145]],[[140.58911,36.313795],[140.589113,36.313802],[140.58912,36.313812],[140.589128,36.313818],[140.589137,36.313821],[140.58915,36.313818],[140.589157,36.313809],[140.58916,36.313799],[140.58916,36.313786],[140.589159,36.31377],[140.589159,36.313747],[140.589156,36.313734],[140.589147,36.313725],[140.589137,36.313721],[140.589127,36.31372],[140.589114,36.313722],[140.589103,36.313733],[140.589101,36.31374],[140.589105,36.313756],[140.589105,36.313765],[140.589105,36.313774],[140.589107,36.313784],[140.58911,36.313795]],[[140.58913,36.314268],[140.589127,36.31424],[140.589125,36.314229],[140.58912,36.31422],[140.589114,36.314215],[140.589107,36.314213],[140.589102,36.314214],[140.589095,36.314219],[140.589089,36.314226],[140.589087,36.314232],[140.589085,36.314243],[140.589086,36.314252],[140.589088,36.314259],[140.58909,36.314269],[140.589093,36.314277],[140.589098,36.314285],[140.589106,36.314291],[140.589113,36.314292],[140.589123,36.314289],[140.589129,36.31428],[140.58913,36.314268]],[[140.58919,36.313378],[140.589184,36.313368],[140.589179,36.313363],[140.589173,36.31336],[140.589166,36.313358],[140.589159,36.313358],[140.589147,36.313362],[140.589136,36.313367],[140.589119,36.313374],[140.589103,36.313386],[140.589098,36.313392],[140.589097,36.313414],[140.589098,36.313419],[140.589098,36.313428],[140.589099,36.313439],[140.589104,36.313453],[140.58911,36.313462],[140.589119,36.313468],[140.589127,36.313469],[140.589146,36.313451],[140.589162,36.313426],[140.589171,36.313414],[140.589183,36.313399],[140.58919,36.313385],[140.58919,36.313378]],[[140.58919,36.313288],[140.589181,36.313299],[140.589177,36.313307],[140.589178,36.313316],[140.589183,36.313328],[140.589191,36.313343],[140.589197,36.313349],[140.589205,36.313351],[140.589214,36.31335],[140.589229,36.313341],[140.589242,36.313322],[140.589261,36.313291],[140.589275,36.313271],[140.589278,36.313264],[140.589278,36.313258],[140.589273,36.313252],[140.589268,36.31325],[140.58926,36.313249],[140.589255,36.31325],[140.589246,36.313253],[140.589236,36.313259],[140.589224,36.313265],[140.589218,36.313268],[140.589211,36.313272],[140.589207,36.313275],[140.58919,36.313288]],[[140.589248,36.314572],[140.589255,36.31458],[140.589264,36.314587],[140.589275,36.314594],[140.589285,36.314598],[140.589291,36.314598],[140.589299,36.314596],[140.589304,36.314587],[140.589304,36.314577],[140.589296,36.314562],[140.589292,36.314556],[140.589289,36.314552],[140.589286,36.314547],[140.589278,36.314542],[140.58927,36.314539],[140.589261,36.314538],[140.589255,36.314541],[140.589249,36.314546],[140.589245,36.314553],[140.589244,36.31456],[140.589246,36.314566],[140.589248,36.314572]],[[140.589275,36.314297],[140.58926,36.314304],[140.589246,36.314307],[140.589231,36.31431],[140.589226,36.314317],[140.589225,36.314324],[140.589229,36.314334],[140.589247,36.314346],[140.589277,36.31436],[140.58929,36.314364],[140.589304,36.314367],[140.589317,36.314364],[140.589326,36.314353],[140.58933,36.314338],[140.589325,36.314304],[140.589315,36.314287],[140.589308,36.314284],[140.589299,36.314283],[140.589294,36.314283],[140.58929,36.314285],[140.589284,36.314287],[140.589279,36.314292],[140.589275,36.314297]],[[140.589283,36.314761],[140.589305,36.314741],[140.589321,36.314722],[140.589323,36.314716],[140.589322,36.314711],[140.589317,36.314707],[140.589312,36.314705],[140.589303,36.314706],[140.589289,36.314706],[140.58927,36.314709],[140.589264,36.31471],[140.589252,36.314711],[140.589229,36.314709],[140.589216,36.314709],[140.589206,36.31471],[140.589197,36.314716],[140.589193,36.314723],[140.589197,36.314736],[140.589208,36.314746],[140.589225,36.31476],[140.589234,36.314768],[140.589245,36.314773],[140.589269,36.314771],[140.589277,36.314765],[140.589283,36.314761]],[[140.589299,36.313153],[140.589308,36.313156],[140.589318,36.313156],[140.589331,36.313152],[140.58934,36.313142],[140.58934,36.31313],[140.589335,36.31312],[140.589322,36.313097],[140.589315,36.313086],[140.58931,36.31308],[140.589301,36.313076],[140.589295,36.313075],[140.589287,36.313075],[140.589278,36.313078],[140.589267,36.313085],[140.589263,36.313093],[140.589259,36.313101],[140.589259,36.31312],[140.589263,36.313129],[140.58927,36.313136],[140.589279,36.313141],[140.589288,36.313147],[140.589299,36.313153]],[[140.589377,36.314769],[140.589352,36.314778],[140.589347,36.31478],[140.589338,36.314791],[140.589335,36.3148],[140.589339,36.31481],[140.589347,36.314819],[140.589355,36.314824],[140.589366,36.314828],[140.589382,36.314826],[140.589399,36.314819],[140.589411,36.31481],[140.58942,36.314804],[140.589457,36.314775],[140.589468,36.314766],[140.58947,36.314761],[140.589467,36.314757],[140.589463,36.314755],[140.589456,36.314753],[140.589442,36.314753],[140.589432,36.314756],[140.589422,36.314759],[140.589407,36.314764],[140.589386,36.314767],[140.589377,36.314769]],[[140.589448,36.314499],[140.589442,36.314508],[140.589437,36.314515],[140.589435,36.31452],[140.589435,36.314528],[140.589439,36.314537],[140.589455,36.314558],[140.58946,36.314566],[140.589468,36.314572],[140.589477,36.314576],[140.589489,36.314575],[140.589499,36.314568],[140.589505,36.314558],[140.589507,36.314525],[140.589507,36.31452],[140.589497,36.314495],[140.589493,36.314488],[140.589489,36.314486],[140.589484,36.314485],[140.589464,36.314489],[140.589456,36.314494],[140.589452,36.314497],[140.589448,36.314499]],[[140.589483,36.313996],[140.58948,36.31399],[140.589472,36.313984],[140.58946,36.31398],[140.589448,36.31398],[140.589435,36.313986],[140.589425,36.313995],[140.589418,36.314008],[140.589416,36.314021],[140.589414,36.314032],[140.589417,36.314041],[140.589422,36.314048],[140.589427,36.314056],[140.589439,36.31407],[140.589446,36.314078],[140.589453,36.314082],[140.589463,36.314084],[140.589472,36.314081],[140.589478,36.314072],[140.589479,36.314059],[140.589479,36.31403],[140.58948,36.314019],[140.589483,36.313996]],[[140.589547,36.313795],[140.589543,36.313781],[140.589533,36.313765],[140.589525,36.313752],[140.58952,36.313734],[140.589521,36.313714],[140.589524,36.313689],[140.589522,36.313677],[140.589517,36.31367],[140.589509,36.313668],[140.589485,36.313684],[140.589476,36.313703],[140.589468,36.31372],[140.589462,36.313735],[140.589459,36.313747],[140.589456,36.313761],[140.589453,36.313773],[140.589455,36.31379],[140.589457,36.313808],[140.589485,36.313861],[140.589506,36.313881],[140.589511,36.313884],[140.589518,36.313886],[140.589525,36.313885],[140.589537,36.313875],[140.589545,36.313857],[140.589545,36.313826],[140.589547,36.313795]],[[140.589565,36.313258],[140.589563,36.313245],[140.589558,36.313231],[140.589551,36.313221],[140.589538,36.313214],[140.589531,36.313211],[140.589524,36.313208],[140.589517,36.313207],[140.589507,36.313209],[140.589496,36.313213],[140.589489,36.313222],[140.589487,36.313233],[140.589494,36.313241],[140.589498,36.313246],[140.589504,36.313254],[140.58951,36.31326],[140.589517,36.313268],[140.589526,36.313272],[140.589538,36.313275],[140.589549,36.313274],[140.589561,36.313268],[140.589565,36.313258]],[[140.589619,36.314903],[140.589616,36.314888],[140.589609,36.314875],[140.589595,36.314865],[140.589578,36.314858],[140.58956,36.314856],[140.589539,36.314861],[140.589519,36.314873],[140.589482,36.314903],[140.589465,36.31492],[140.589454,36.314931],[140.589448,36.314938],[140.58944,36.314947],[140.589431,36.314962],[140.589428,36.314968],[140.589419,36.314978],[140.58941,36.314989],[140.589402,36.315003],[140.589396,36.315014],[140.589388,36.315034],[140.589389,36.315043],[140.589396,36.315049],[140.589409,36.315053],[140.58943,36.315054],[140.589453,36.315046],[140.589472,36.315034],[140.589509,36.31501],[140.589543,36.314989],[140.589574,36.31497],[140.589593,36.314953],[140.589607,36.314934],[140.589615,36.314919],[140.589619,36.314903]],[[140.589648,36.314985],[140.589642,36.314979],[140.589631,36.314977],[140.589615,36.314981],[140.589595,36.314993],[140.58956,36.31501],[140.589546,36.315019],[140.589536,36.315029],[140.589532,36.315033],[140.589528,36.315038],[140.589515,36.315052],[140.58951,36.315064],[140.589504,36.315077],[140.589502,36.3151],[140.589506,36.31511],[140.58951,36.315116],[140.589518,36.31512],[140.589531,36.315119],[140.58955,36.315108],[140.589578,36.315067],[140.589582,36.315061],[140.589595,36.315041],[140.589613,36.315023],[140.589639,36.315003],[140.589645,36.314997],[140.589646,36.314992],[140.589648,36.314985]],[[140.589745,36.314931],[140.589752,36.314945],[140.589762,36.314952],[140.589769,36.314956],[140.589778,36.314959],[140.589786,36.314962],[140.589794,36.314962],[140.589803,36.314961],[140.589808,36.314955],[140.589813,36.314944],[140.589811,36.314931],[140.589809,36.314922],[140.589807,36.314908],[140.589802,36.314899],[140.589794,36.314892],[140.589784,36.314887],[140.589772,36.314884],[140.589758,36.314886],[140.58975,36.31489],[140.589747,36.314895],[140.589743,36.314901],[140.589745,36.314913],[140.589745,36.314922],[140.589745,36.314931]],[[140.589782,36.313945],[140.589785,36.313954],[140.589789,36.313962],[140.589799,36.313971],[140.589809,36.313976],[140.589819,36.313976],[140.589827,36.313972],[140.589835,36.313963],[140.589834,36.313948],[140.589832,36.313938],[140.589831,36.313926],[140.589827,36.313916],[140.589822,36.313912],[140.589812,36.31391],[140.589804,36.313909],[140.589797,36.313911],[140.589787,36.313916],[140.589782,36.313925],[140.589782,36.313935],[140.589782,36.313945]],[[140.589881,36.315166],[140.58988,36.315159],[140.589873,36.315146],[140.589867,36.31514],[140.589852,36.315134],[140.589842,36.315136],[140.589833,36.31514],[140.589818,36.315148],[140.58981,36.315152],[140.589803,36.315156],[140.589794,36.315168],[140.589793,36.315173],[140.589797,36.315181],[140.589805,36.315189],[140.589817,36.315195],[140.589829,36.315195],[140.589839,36.315191],[140.589853,36.315186],[140.589862,36.315183],[140.589873,36.315179],[140.589877,36.315174],[140.589881,36.315166]],[[140.589952,36.315492],[140.589945,36.315502],[140.589941,36.31551],[140.589937,36.315523],[140.589938,36.31554],[140.589941,36.315548],[140.589947,36.315552],[140.589955,36.315552],[140.589968,36.31554],[140.589978,36.315521],[140.590006,36.315489],[140.590018,36.315472],[140.590018,36.315466],[140.590015,36.315461],[140.59001,36.315459],[140.589999,36.315457],[140.589989,36.315458],[140.58997,36.31547],[140.589964,36.315478],[140.589958,36.315486],[140.589955,36.315489],[140.589952,36.315492]],[[140.590072,36.31483],[140.59007,36.314819],[140.590067,36.314811],[140.590059,36.314805],[140.59005,36.314802],[140.590042,36.314802],[140.590034,36.314804],[140.590023,36.314814],[140.590021,36.314819],[140.59002,36.314825],[140.59002,36.314837],[140.590034,36.314853],[140.590042,36.314856],[140.590055,36.314855],[140.590062,36.314848],[140.590072,36.31483]],[[140.590251,36.31579],[140.590249,36.315776],[140.590245,36.315766],[140.590239,36.315746],[140.590238,36.315726],[140.590234,36.315715],[140.590225,36.315706],[140.590214,36.315697],[140.590207,36.315687],[140.590201,36.315673],[140.590191,36.315656],[140.590183,36.315646],[140.590174,36.315638],[140.590165,36.315635],[140.590156,36.315633],[140.590146,36.315636],[140.590135,36.315643],[140.590127,36.315656],[140.590124,36.315666],[140.590126,36.315678],[140.590135,36.315701],[140.590144,36.315716],[140.590149,36.315727],[140.59015,36.315739],[140.590145,36.315751],[140.590136,36.315764],[140.590128,36.315775],[140.590119,36.315788],[140.590114,36.315799],[140.590115,36.315812],[140.590118,36.315836],[140.59012,36.315854],[140.590125,36.315863],[140.590131,36.315869],[140.59014,36.315872],[140.59015,36.315873],[140.590167,36.315869],[140.59018,36.315862],[140.590192,36.315855],[140.590205,36.315847],[140.590215,36.315841],[140.590227,36.315829],[140.590238,36.315818],[140.590246,36.315804],[140.590251,36.31579]],[[140.590254,36.315671],[140.590263,36.31568],[140.590271,36.315684],[140.590279,36.315687],[140.590291,36.315689],[140.590304,36.315684],[140.590309,36.315677],[140.590314,36.315665],[140.590313,36.315654],[140.590305,36.315642],[140.590293,36.315619],[140.59028,36.315609],[140.590268,36.315604],[140.590246,36.315596],[140.590234,36.315595],[140.590225,36.315598],[140.590221,36.315603],[140.590218,36.315609],[140.590216,36.315616],[140.590219,36.315626],[140.590224,36.315636],[140.590232,36.315644],[140.590245,36.315657],[140.59025,36.315664],[140.590254,36.315671]],[[140.590904,36.316287],[140.590904,36.316302],[140.5909,36.316314],[140.590897,36.316335],[140.590902,36.316349],[140.590913,36.316361],[140.590925,36.31637],[140.590948,36.316386],[140.590962,36.316391],[140.590972,36.316392],[140.590983,36.316388],[140.590989,36.316379],[140.59099,36.316351],[140.590983,36.316338],[140.590963,36.316314],[140.590959,36.316301],[140.59096,36.316285],[140.590958,36.316266],[140.590954,36.316256],[140.590948,36.316245],[140.590938,36.31624],[140.590929,36.316238],[140.590919,36.316241],[140.590913,36.316248],[140.590907,36.316259],[140.590903,36.316273],[140.590903,36.31628],[140.590904,36.316287]],[[140.591005,36.316633],[140.590999,36.316618],[140.590986,36.316604],[140.590979,36.316596],[140.590975,36.316589],[140.590977,36.31658],[140.590983,36.316571],[140.59099,36.316559],[140.590989,36.316553],[140.590984,36.31655],[140.590977,36.316547],[140.59097,36.316547],[140.590964,36.316546],[140.590955,36.316543],[140.590949,36.31654],[140.590943,36.316536],[140.59093,36.316531],[140.590921,36.316531],[140.59091,36.316535],[140.590906,36.316543],[140.590908,36.31655],[140.59091,36.316557],[140.590933,36.316581],[140.590938,36.316594],[140.590939,36.316608],[140.590924,36.31664],[140.590924,36.316646],[140.590928,36.316653],[140.590939,36.316657],[140.590952,36.316657],[140.590983,36.316654],[140.590996,36.31665],[140.591002,36.316643],[140.591005,36.316633]],[[140.591101,36.316486],[140.591095,36.316477],[140.591076,36.316468],[140.591053,36.316456],[140.591042,36.316451],[140.59101,36.316437],[140.590997,36.316433],[140.590988,36.316433],[140.590979,36.316436],[140.590974,36.31644],[140.590971,36.316448],[140.590975,36.316458],[140.590984,36.316469],[140.591,36.316485],[140.591009,36.316495],[140.591019,36.316504],[140.591028,36.31651],[140.591037,36.316514],[140.591051,36.316513],[140.591072,36.316506],[140.591098,36.316493],[140.591101,36.316486]],[[140.591175,36.3156],[140.591165,36.315594],[140.591158,36.315585],[140.591152,36.315576],[140.59113,36.315568],[140.591103,36.315557],[140.591089,36.315553],[140.591069,36.315553],[140.591055,36.315564],[140.591049,36.315583],[140.591049,36.315603],[140.591055,36.315621],[140.591065,36.315632],[140.591085,36.31564],[140.591106,36.315638],[140.591127,36.315631],[140.591142,36.315627],[140.591171,36.315616],[140.591175,36.315609],[140.591175,36.3156]],[[140.591231,36.315881],[140.591226,36.315861],[140.591213,36.315843],[140.591185,36.315818],[140.591167,36.315811],[140.591154,36.315801],[140.591142,36.315786],[140.591123,36.315743],[140.591109,36.315732],[140.591095,36.315727],[140.591074,36.315725],[140.591056,36.315726],[140.591035,36.315724],[140.591015,36.315719],[140.590995,36.31571],[140.590988,36.315701],[140.590982,36.315686],[140.590978,36.315664],[140.590966,36.315654],[140.59095,36.315649],[140.590927,36.315648],[140.59091,36.315644],[140.590889,36.315636],[140.590858,36.315625],[140.590837,36.315623],[140.590817,36.315624],[140.590802,36.315627],[140.59079,36.315633],[140.590784,36.315643],[140.590781,36.315654],[140.590792,36.315674],[140.59081,36.315693],[140.590846,36.31573],[140.590861,36.315746],[140.590866,36.315759],[140.590868,36.315771],[140.590858,36.315788],[140.590855,36.3158],[140.590858,36.315811],[140.590865,36.315819],[140.590879,36.315825],[140.590903,36.31583],[140.590924,36.315836],[140.590946,36.315845],[140.590963,36.315859],[140.59098,36.315878],[140.590993,36.315894],[140.591003,36.315906],[140.591017,36.315918],[140.591038,36.315932],[140.591053,36.315943],[140.591068,36.315953],[140.591078,36.315957],[140.591089,36.315961],[140.591098,36.315963],[140.591112,36.31596],[140.591135,36.315951],[140.591174,36.315938],[140.591193,36.315929],[140.59121,36.31592],[140.591221,36.315911],[140.591228,36.315898],[140.591231,36.315881]],[[140.591347,36.316271],[140.591023,36.316223],[140.591244,36.316449],[140.591347,36.316271]],[[140.591458,36.316444],[140.591468,36.316449],[140.591479,36.316452],[140.59149,36.316449],[140.591498,36.316441],[140.591503,36.316427],[140.591507,36.316404],[140.591503,36.316396],[140.591497,36.31639],[140.591477,36.316385],[140.59147,36.316384],[140.591463,36.316387],[140.591456,36.316391],[140.591451,36.316398],[140.591447,36.316405],[140.591445,36.316416],[140.591446,36.316421],[140.591448,36.316433],[140.591453,36.316438],[140.591458,36.316444]],[[140.591487,36.316499],[140.591484,36.316493],[140.591477,36.31649],[140.591468,36.316491],[140.591455,36.316492],[140.591446,36.316494],[140.591437,36.3165],[140.591428,36.316507],[140.59142,36.316513],[140.591406,36.316521],[140.591397,36.316526],[140.591391,36.316534],[140.591387,36.316544],[140.591389,36.31656],[140.591407,36.316589],[140.591415,36.316599],[140.591422,36.316602],[140.591432,36.316602],[140.591443,36.316593],[140.591454,36.316573],[140.59147,36.316537],[140.591485,36.316511],[140.591487,36.316499]],[[140.591595,36.316238],[140.591593,36.316229],[140.591588,36.316226],[140.591578,36.316225],[140.591568,36.31623],[140.591558,36.316238],[140.591552,36.316245],[140.591545,36.316256],[140.591542,36.316267],[140.591541,36.316272],[140.591536,36.316296],[140.59154,36.316319],[140.591544,36.316326],[140.59155,36.316329],[140.591557,36.31633],[140.591566,36.316321],[140.591575,36.316298],[140.59158,36.316284],[140.591583,36.316275],[140.591587,36.316265],[140.591595,36.316238]],[[140.591667,36.317485],[140.591652,36.317471],[140.591623,36.317465],[140.59161,36.317469],[140.591576,36.31749],[140.591555,36.317499],[140.591545,36.317506],[140.591539,36.31752],[140.591544,36.317535],[140.591555,36.317559],[140.591555,36.317565],[140.591552,36.317572],[140.591544,36.317579],[140.591532,36.317584],[140.591525,36.317592],[140.591517,36.317599],[140.591511,36.317613],[140.59151,36.317624],[140.591513,36.317636],[140.591522,36.317647],[140.591536,36.317653],[140.591552,36.317653],[140.591566,36.317647],[140.591584,36.317621],[140.591589,36.317609],[140.591598,36.317595],[140.591615,36.317581],[140.591633,36.317574],[140.591667,36.317557],[140.591673,36.317554],[140.591689,36.317536],[140.591691,36.317521],[140.591687,36.317499],[140.591667,36.317485],[140.591667,36.317485]],[[140.591219,36.31701],[140.591205,36.317012],[140.591198,36.317016],[140.591195,36.317024],[140.591199,36.317033],[140.591207,36.317044],[140.591212,36.317055],[140.591213,36.317062],[140.591214,36.317069],[140.591211,36.317084],[140.591208,36.317099],[140.591209,36.317112],[140.591216,36.317124],[140.591225,36.317132],[140.591245,36.317132],[140.591252,36.317127],[140.591263,36.317112],[140.591269,36.3171],[140.591279,36.317088],[140.591284,36.317079],[140.591284,36.317072],[140.591285,36.317067],[140.59128,36.317057],[140.591269,36.317039],[140.591264,36.317031],[140.591258,36.317025],[140.591251,36.317021],[140.591237,36.317014],[140.591228,36.317012],[140.591219,36.31701]],[[140.591302,36.316929],[140.591277,36.316902],[140.591266,36.316894],[140.591257,36.31689],[140.591247,36.316892],[140.591237,36.316898],[140.591228,36.316903],[140.591227,36.31691],[140.591231,36.31692],[140.591242,36.316936],[140.591261,36.316961],[140.591266,36.316967],[140.591272,36.316974],[140.591282,36.316983],[140.591297,36.31699],[140.591307,36.316991],[140.591317,36.316988],[140.591319,36.316985],[140.591324,36.316974],[140.591323,36.316963],[140.591308,36.316939],[140.591302,36.316929]],[[140.591383,36.316867],[140.591383,36.316858],[140.591373,36.316831],[140.591367,36.31682],[140.591358,36.316815],[140.591348,36.316812],[140.591334,36.316812],[140.591322,36.31681],[140.591312,36.31681],[140.591305,36.316812],[140.591303,36.316815],[140.591301,36.316819],[140.591301,36.316828],[140.591306,36.316839],[140.591317,36.316858],[140.591328,36.316878],[140.591331,36.316882],[140.591337,36.31689],[140.591343,36.316893],[140.591348,36.316894],[140.591353,36.316894],[140.591368,36.316887],[140.591378,36.316878],[140.591383,36.316867]],[[140.591398,36.317326],[140.591416,36.317321],[140.591426,36.317316],[140.591438,36.317304],[140.591444,36.317297],[140.591449,36.317291],[140.591453,36.31727],[140.59145,36.317257],[140.591439,36.317238],[140.591429,36.317235],[140.591418,36.317237],[140.591388,36.317246],[140.591369,36.317248],[140.591352,36.317252],[140.591339,36.317259],[140.59133,36.317267],[140.591326,36.317277],[140.591327,36.31729],[140.591338,36.317314],[140.591347,36.317321],[140.591361,36.317326],[140.591379,36.317325],[140.591387,36.317325],[140.591398,36.317326]],[[140.591443,36.317139],[140.59144,36.317147],[140.59144,36.317156],[140.591446,36.317162],[140.591457,36.317163],[140.591478,36.317144],[140.591483,36.317134],[140.591479,36.317127],[140.591472,36.317123],[140.591465,36.317122],[140.59146,36.317123],[140.591454,36.317127],[140.591449,36.317133],[140.591443,36.317139]],[[140.591454,36.317493],[140.591465,36.317488],[140.591488,36.317481],[140.591496,36.317474],[140.591498,36.317466],[140.591493,36.317458],[140.591478,36.317453],[140.591462,36.317453],[140.591433,36.317454],[140.591416,36.317453],[140.591409,36.317454],[140.591399,36.317455],[140.591384,36.317459],[140.591374,36.31747],[140.591365,36.317486],[140.591364,36.317495],[140.591365,36.317501],[140.591373,36.317506],[140.591385,36.317505],[140.591397,36.3175],[140.591412,36.317497],[140.591426,36.317498],[140.591438,36.317498],[140.591446,36.317495],[140.591454,36.317493]],[[140.591577,36.316882],[140.591572,36.316873],[140.591558,36.316866],[140.591531,36.316856],[140.591521,36.31685],[140.591509,36.316846],[140.591472,36.316853],[140.591467,36.316859],[140.591465,36.316867],[140.59147,36.316875],[140.591478,36.316879],[140.591487,36.316885],[140.591502,36.316896],[140.591503,36.316904],[140.591504,36.316913],[140.591512,36.316919],[140.591524,36.316923],[140.591539,36.316918],[140.591551,36.316909],[140.591573,36.316889],[140.591577,36.316882]],[[140.591593,36.316965],[140.591593,36.316956],[140.591587,36.31695],[140.591574,36.316945],[140.591558,36.316945],[140.591536,36.316952],[140.591494,36.316969],[140.591478,36.316974],[140.591462,36.316978],[140.591446,36.316984],[140.591437,36.316991],[140.591432,36.317004],[140.591432,36.317017],[140.59145,36.317056],[140.591455,36.317065],[140.591459,36.317072],[140.591465,36.317081],[140.591473,36.317087],[140.59148,36.31709],[140.591488,36.317089],[140.591497,36.317085],[140.591502,36.317076],[140.591522,36.317062],[140.591541,36.317048],[140.591554,36.31703],[140.591563,36.317012],[140.59158,36.316986],[140.591589,36.316973],[140.591593,36.316965]],[[140.594864,36.32166],[140.594861,36.321646],[140.594855,36.321637],[140.594841,36.321628],[140.594828,36.321623],[140.59481,36.32162],[140.594794,36.32162],[140.594778,36.321621],[140.594755,36.321629],[140.594744,36.321644],[140.594726,36.321658],[140.594718,36.321673],[140.594717,36.321687],[140.594725,36.321703],[140.594742,36.321721],[140.594761,36.321733],[140.594783,36.321736],[140.594808,36.321729],[140.594822,36.321712],[140.594856,36.321672],[140.594864,36.32166]],[[140.591702,36.317124],[140.591698,36.317132],[140.591699,36.317141],[140.591705,36.317148],[140.591716,36.317148],[140.591737,36.31713],[140.591742,36.317119],[140.591738,36.317112],[140.591731,36.317108],[140.591724,36.317107],[140.591718,36.317108],[140.591713,36.317112],[140.591708,36.317118],[140.591702,36.317124]],[[140.592237,36.318213],[140.592237,36.318197],[140.592233,36.318189],[140.592224,36.318183],[140.592212,36.318181],[140.592201,36.318185],[140.592192,36.318191],[140.592187,36.318202],[140.592187,36.318211],[140.592191,36.318226],[140.592196,36.318238],[140.592198,36.318245],[140.592205,36.31826],[140.592211,36.318272],[140.592221,36.318282],[140.592233,36.318288],[140.592242,36.31829],[140.592247,36.318285],[140.59225,36.318273],[140.59224,36.31824],[140.592239,36.318234],[140.592237,36.318213]],[[140.592775,36.318515],[140.592771,36.318504],[140.592759,36.318499],[140.592744,36.3185],[140.592728,36.318509],[140.592694,36.318525],[140.592675,36.318531],[140.59265,36.318536],[140.592631,36.318546],[140.592619,36.318556],[140.592608,36.318568],[140.592595,36.318587],[140.592582,36.318601],[140.592568,36.318615],[140.59256,36.318624],[140.592553,36.318633],[140.592545,36.318642],[140.592533,36.318655],[140.592521,36.318664],[140.592511,36.318673],[140.592506,36.318682],[140.592508,36.31869],[140.592512,36.318695],[140.59252,36.318702],[140.592522,36.318708],[140.592518,36.318718],[140.59251,36.318728],[140.592483,36.318749],[140.592474,36.31876],[140.592471,36.318768],[140.592474,36.318776],[140.592483,36.318781],[140.592494,36.318784],[140.592512,36.318778],[140.59253,36.318761],[140.592556,36.318727],[140.592569,36.318716],[140.592584,36.318705],[140.592613,36.318688],[140.59266,36.318656],[140.592669,36.318641],[140.592677,36.318627],[140.59269,36.318614],[140.592703,36.318607],[140.592711,36.318599],[140.592719,36.318586],[140.592728,36.318571],[140.592737,36.318563],[140.59276,36.318552],[140.592768,36.318542],[140.592773,36.31853],[140.592775,36.318515]],[[140.593269,36.319186],[140.593281,36.3192],[140.593302,36.319217],[140.593328,36.31924],[140.593347,36.319247],[140.593368,36.319249],[140.593387,36.319243],[140.593405,36.319231],[140.593415,36.319215],[140.593414,36.319197],[140.5934,36.319177],[140.593396,36.31916],[140.593391,36.319137],[140.593386,36.31913],[140.593377,36.319122],[140.59337,36.319117],[140.593352,36.319114],[140.593332,36.319114],[140.593313,36.319113],[140.593293,36.319105],[140.593268,36.319095],[140.593256,36.319084],[140.593219,36.319055],[140.593206,36.31905],[140.593198,36.319047],[140.593176,36.319044],[140.593165,36.319047],[140.593158,36.319053],[140.593147,36.319073],[140.593147,36.319099],[140.593151,36.319125],[140.593144,36.319162],[140.593145,36.319179],[140.593152,36.31919],[140.593163,36.319194],[140.593178,36.319189],[140.593193,36.319175],[140.59322,36.319149],[140.593234,36.319144],[140.593248,36.319146],[140.59326,36.319153],[140.593265,36.31917],[140.593269,36.319186]],[[140.593665,36.319474],[140.593663,36.319461],[140.593655,36.319452],[140.593638,36.319445],[140.593604,36.319432],[140.593588,36.319426],[140.593572,36.31942],[140.593545,36.319409],[140.593512,36.319398],[140.593492,36.319399],[140.593463,36.31942],[140.59346,36.319432],[140.593464,36.319451],[140.593478,36.31948],[140.593486,36.319497],[140.59349,36.319526],[140.59349,36.319555],[140.593488,36.319576],[140.593491,36.319596],[140.593505,36.319611],[140.59354,36.319612],[140.593555,36.3196],[140.593607,36.319583],[140.593627,36.319577],[140.593645,36.319564],[140.593657,36.319549],[140.593661,36.319531],[140.593663,36.319494],[140.593665,36.319474]],[[140.593727,36.318537],[140.593403,36.31843],[140.593418,36.318953],[140.593727,36.318537]],[[140.593736,36.320172],[140.593728,36.320152],[140.593712,36.320115],[140.5937,36.320093],[140.593688,36.320082],[140.593671,36.320075],[140.593657,36.320071],[140.59364,36.320075],[140.593629,36.320084],[140.593618,36.320108],[140.593619,36.320134],[140.593629,36.320166],[140.593628,36.320182],[140.593623,36.320196],[140.593614,36.320209],[140.593605,36.320219],[140.593596,36.320233],[140.593592,36.320245],[140.593595,36.320261],[140.593597,36.320281],[140.593599,36.320301],[140.593619,36.320326],[140.59363,36.320331],[140.593641,36.320329],[140.593655,36.320319],[140.593671,36.320281],[140.593679,36.320259],[140.593691,36.320241],[140.593723,36.320208],[140.593734,36.320191],[140.593736,36.320172]],[[140.594101,36.323399],[140.594114,36.323409],[140.594119,36.323419],[140.594121,36.32343],[140.59412,36.323441],[140.594117,36.323451],[140.594126,36.323462],[140.594138,36.32347],[140.594152,36.323474],[140.594168,36.323475],[140.594183,36.323462],[140.594192,36.323445],[140.594193,36.323427],[140.594186,36.32341],[140.594173,36.323395],[140.594154,36.323385],[140.594132,36.323379],[140.594109,36.32338],[140.594101,36.323382],[140.594096,36.323387],[140.594096,36.323394],[140.594101,36.323399]],[[140.59412,36.320107],[140.59412,36.320076],[140.594103,36.320056],[140.59409,36.320051],[140.594059,36.320051],[140.594049,36.320056],[140.594039,36.320068],[140.59402,36.320094],[140.59401,36.320122],[140.594007,36.32013],[140.594,36.320147],[140.593993,36.320166],[140.593989,36.320186],[140.59399,36.320201],[140.593996,36.320215],[140.594016,36.320226],[140.594029,36.320223],[140.594042,36.320214],[140.594066,36.320181],[140.5941,36.320147],[140.594112,36.320128],[140.59412,36.320107]],[[140.594144,36.324043],[140.59406,36.324038],[140.594051,36.324039],[140.594044,36.324044],[140.594043,36.324051],[140.594046,36.324058],[140.594057,36.324073],[140.594071,36.324085],[140.594089,36.324095],[140.594109,36.324102],[140.594125,36.324104],[140.594142,36.324102],[140.594157,36.324096],[140.59417,36.324086],[140.594169,36.324073],[140.594165,36.324061],[140.594156,36.324051],[140.594144,36.324043]],[[140.594158,36.323819],[140.594117,36.323752],[140.594112,36.323734],[140.594104,36.323718],[140.594093,36.323703],[140.594078,36.323689],[140.594067,36.323684],[140.594054,36.323686],[140.594045,36.323693],[140.594042,36.323703],[140.594051,36.323722],[140.594057,36.323742],[140.594061,36.323762],[140.594063,36.323782],[140.594064,36.323795],[140.594067,36.323807],[140.594074,36.323819],[140.594084,36.323829],[140.594094,36.323848],[140.594108,36.323861],[140.594127,36.323868],[140.594148,36.323868],[140.594157,36.323857],[140.594162,36.323845],[140.594163,36.323832],[140.594158,36.323819]],[[140.594177,36.321927],[140.594171,36.32191],[140.594161,36.321898],[140.594141,36.32188],[140.594128,36.32187],[140.594116,36.32186],[140.594095,36.321851],[140.594079,36.321848],[140.594062,36.321854],[140.594058,36.321868],[140.59407,36.321885],[140.59409,36.321908],[140.594102,36.321921],[140.594118,36.321939],[140.594135,36.321947],[140.594157,36.321947],[140.59417,36.32194],[140.594177,36.321927]],[[140.594222,36.320915],[140.594212,36.320895],[140.594192,36.320877],[140.594173,36.32087],[140.594146,36.320875],[140.59412,36.320889],[140.594104,36.320917],[140.594092,36.320949],[140.594066,36.320992],[140.594045,36.32102],[140.594028,36.321037],[140.594013,36.321057],[140.594002,36.321077],[140.593996,36.321087],[140.593983,36.321107],[140.593969,36.321128],[140.593948,36.321152],[140.593938,36.32117],[140.593931,36.321187],[140.593932,36.321237],[140.593934,36.32127],[140.59394,36.321285],[140.593951,36.321295],[140.593969,36.321303],[140.59399,36.321302],[140.59401,36.321295],[140.594026,36.321275],[140.594033,36.321247],[140.59403,36.321195],[140.59403,36.321166],[140.594035,36.321146],[140.594048,36.321122],[140.594067,36.321109],[140.594094,36.3211],[140.594139,36.321077],[140.594147,36.321061],[140.594149,36.321041],[140.594154,36.321016],[140.594167,36.320994],[140.594213,36.32095],[140.594222,36.320934],[140.594222,36.320915]],[[140.594286,36.323383],[140.59425,36.323319],[140.594234,36.323313],[140.594217,36.323316],[140.594205,36.323325],[140.594201,36.323339],[140.594202,36.323365],[140.594214,36.32339],[140.594237,36.323409],[140.594266,36.32342],[140.594278,36.323415],[140.594287,36.323405],[140.594289,36.323394],[140.594286,36.323383]],[[140.594287,36.321232],[140.594527,36.321427],[140.594209,36.32151],[140.594379,36.321728],[140.594691,36.321368],[140.594287,36.321232]],[[140.594295,36.324313],[140.594233,36.324299],[140.594221,36.324269],[140.594207,36.32424],[140.594191,36.324212],[140.594176,36.324178],[140.594161,36.324166],[140.594141,36.324159],[140.59412,36.324158],[140.5941,36.324164],[140.594087,36.324173],[140.59408,36.324186],[140.59408,36.324199],[140.594087,36.324212],[140.594107,36.324241],[140.594131,36.324269],[140.594158,36.324295],[140.594188,36.324319],[140.594211,36.324328],[140.594236,36.324334],[140.594262,36.324337],[140.594289,36.324335],[140.594296,36.324332],[140.594301,36.324326],[140.5943,36.324319],[140.594295,36.324313]],[[140.594416,36.320253],[140.594006,36.32038],[140.593953,36.320815],[140.594416,36.320253]],[[140.594437,36.321826],[140.594434,36.321812],[140.594418,36.321805],[140.594365,36.321798],[140.594345,36.321791],[140.594314,36.321779],[140.594289,36.321771],[140.594264,36.321766],[140.594227,36.321771],[140.594222,36.32178],[140.594225,36.321797],[140.594243,36.321823],[140.594271,36.321839],[140.594308,36.321854],[140.594338,36.321864],[140.59437,36.321875],[140.594382,36.321876],[140.594393,36.321878],[140.594412,36.321876],[140.594423,36.321863],[140.594437,36.321826]],[[140.594448,36.322514],[140.594497,36.322517],[140.594505,36.322516],[140.594513,36.322512],[140.594518,36.322506],[140.59452,36.322451],[140.594518,36.32244],[140.594511,36.322432],[140.594499,36.322426],[140.594486,36.322425],[140.594476,36.322419],[140.594465,36.322415],[140.594453,36.322415],[140.594441,36.322417],[140.594435,36.322422],[140.59443,36.322427],[140.594428,36.322434],[140.594428,36.322441],[140.594428,36.322445],[140.594426,36.322449],[140.594423,36.322452],[140.594419,36.322455],[140.594414,36.32246],[140.59441,36.322467],[140.59441,36.322474],[140.594413,36.322481],[140.594423,36.322502],[140.594429,36.322509],[140.594438,36.322513],[140.594448,36.322514]],[[140.59445,36.322366],[140.594506,36.322375],[140.594511,36.322373],[140.594514,36.322369],[140.594515,36.322365],[140.594514,36.322356],[140.594509,36.322336],[140.5945,36.322317],[140.594487,36.3223],[140.594471,36.322284],[140.594465,36.322278],[140.594456,36.322277],[140.594447,36.32228],[140.594442,36.322286],[140.594441,36.3223],[140.594438,36.322313],[140.594435,36.322327],[140.594431,36.32234],[140.594431,36.322348],[140.594435,36.322356],[140.594441,36.322362],[140.59445,36.322366]],[[140.59458,36.322044],[140.594564,36.322001],[140.594553,36.321982],[140.594539,36.321973],[140.594521,36.321967],[140.594503,36.321969],[140.594485,36.321978],[140.594474,36.32199],[140.594467,36.322],[140.594454,36.322017],[140.594459,36.322045],[140.594459,36.322045],[140.594475,36.322084],[140.594502,36.322118],[140.594539,36.322145],[140.594549,36.322144],[140.594556,36.322139],[140.59456,36.322131],[140.594558,36.322124],[140.59456,36.322116],[140.594563,36.322108],[140.594567,36.322101],[140.594573,36.322095],[140.594579,36.322073],[140.594581,36.322051],[140.59458,36.322044]],[[140.594512,36.322243],[140.594504,36.322246],[140.594501,36.322251],[140.594503,36.322258],[140.59451,36.322261],[140.59452,36.322267],[140.594532,36.322269],[140.594544,36.322265],[140.594552,36.322258],[140.594553,36.322251],[140.594549,36.322245],[140.594543,36.322241],[140.594535,36.322239],[140.594512,36.322243]],[[140.594566,36.321036],[140.594561,36.320996],[140.594555,36.320976],[140.594549,36.320957],[140.594541,36.32093],[140.594544,36.320903],[140.594546,36.320877],[140.59456,36.320818],[140.594557,36.320786],[140.594547,36.320749],[140.594542,36.320727],[140.594534,36.320709],[140.59452,36.320702],[140.594506,36.320698],[140.59449,36.320699],[140.594474,36.320706],[140.594455,36.320721],[140.594447,36.320743],[140.594447,36.320771],[140.594449,36.320809],[140.594451,36.320858],[140.59445,36.320891],[140.594446,36.320933],[140.594444,36.320952],[140.594461,36.321011],[140.594478,36.321041],[140.594488,36.321054],[140.594501,36.321062],[140.594516,36.321067],[140.594533,36.321068],[140.59455,36.321062],[140.59456,36.321053],[140.594566,36.321036]],[[140.594757,36.321892],[140.594747,36.321878],[140.59473,36.321866],[140.594714,36.321859],[140.594694,36.321856],[140.594675,36.321859],[140.594664,36.321862],[140.594653,36.321866],[140.594642,36.321869],[140.594579,36.321889],[140.594573,36.321899],[140.594577,36.321909],[140.594589,36.32192],[140.594613,36.321927],[140.594641,36.321929],[140.594693,36.321931],[140.594723,36.321932],[140.594745,36.321924],[140.594755,36.32191],[140.594757,36.321892]],[[140.594837,36.323403],[140.594776,36.323379],[140.594765,36.323377],[140.594755,36.323379],[140.594748,36.323386],[140.594747,36.323395],[140.594752,36.32343],[140.594762,36.323463],[140.594779,36.323495],[140.594802,36.323525],[140.59482,36.323497],[140.594832,36.323466],[140.594838,36.323435],[140.594837,36.323403]],[[140.59465,36.333333],[140.593311,36.324914],[140.593793,36.323853],[140.593425,36.322936],[140.593853,36.321547],[140.593416,36.321226],[140.593157,36.320313],[140.59267,36.319977],[140.592789,36.319079],[140.591232,36.318014],[140.590849,36.316503],[140.590216,36.316212],[140.589448,36.315122],[140.589196,36.315175],[140.588629,36.31336],[140.587635,36.312822],[140.587728,36.312632],[140.587033,36.312605],[140.586661,36.312266],[140.586946,36.311461],[140.585259,36.310628],[140.585381,36.309139],[140.581007,36.308577],[140.579195,36.307694],[140.57857,36.306844],[140.578581,36.302352],[140.579803,36.300869],[140.578326,36.302277],[140.578238,36.306857],[140.57891,36.307704],[140.578755,36.308326],[140.578794,36.308333],[140.578885,36.30792],[140.580978,36.308884],[140.584712,36.309284],[140.584845,36.310807],[140.583222,36.310632],[140.583207,36.309733],[140.583144,36.310634],[140.581246,36.310655],[140.581229,36.309752],[140.581007,36.309754],[140.581015,36.310196],[140.581023,36.31066],[140.579064,36.310681],[140.579056,36.310097],[140.579045,36.309456],[140.580171,36.309411],[140.578706,36.309422],[140.578706,36.309412],[140.578697,36.308785],[140.57868,36.310686],[140.578195,36.310688],[140.577396,36.3107],[140.577383,36.309908],[140.577374,36.309434],[140.575811,36.309781],[140.574458,36.307701],[140.573346,36.307648],[140.57149,36.309075],[140.56996,36.307767],[140.571183,36.306834],[140.571907,36.306279],[140.570968,36.305484],[140.571411,36.305147],[140.571469,36.304556],[140.57139,36.30455],[140.57133,36.305137],[140.569555,36.306373],[140.569016,36.306311],[140.569265,36.30612],[140.568992,36.305892],[140.571549,36.303931],[140.571808,36.304152],[140.571885,36.304093],[140.571638,36.303883],[140.572166,36.303308],[140.575462,36.300792],[140.572907,36.302667],[140.565536,36.297678],[140.564089,36.296355],[140.564089,36.295932],[140.563712,36.295992],[140.562941,36.295149],[140.560786,36.292273],[140.560423,36.289757],[140.562245,36.289477],[140.56421,36.288739],[140.560583,36.289539],[140.558392,36.285478],[140.55818,36.273103],[140.558422,36.272633],[140.558205,36.272617],[140.558325,36.27202],[140.558767,36.271623],[140.55965,36.271532],[140.55979,36.271936],[140.560261,36.271529],[140.559922,36.270886],[140.559642,36.270954],[140.559858,36.271319],[140.558848,36.271135],[140.558453,36.27043],[140.558896,36.263924],[140.559351,36.262662],[140.560229,36.26251],[140.560381,36.262945],[140.560852,36.262368],[140.560537,36.261885],[140.560272,36.262143],[140.559773,36.262031],[140.559235,36.261205],[140.559555,36.255785],[140.557654,36.255895],[140.556983,36.260346],[140.554459,36.261046],[140.554273,36.260808],[140.554151,36.260654],[140.553622,36.260832],[140.553487,36.260672],[140.553356,36.260518],[140.553138,36.260191],[140.553204,36.260048],[140.553424,36.259924],[140.553314,36.259657],[140.553006,36.259764],[140.552764,36.259995],[140.552368,36.260974],[140.551016,36.259437],[140.550634,36.259688],[140.551751,36.261348],[140.550454,36.261508],[140.550417,36.261335],[140.550366,36.261099],[140.548914,36.26142],[140.548474,36.260547],[140.549662,36.26085],[140.549155,36.260412],[140.54857,36.259907],[140.548328,36.259829],[140.547943,36.259926],[140.547648,36.260064],[140.547593,36.260218],[140.548087,36.260826],[140.54769,36.261486],[140.547769,36.261604],[140.548154,36.262183],[140.547867,36.262326],[140.548109,36.26304],[140.547381,36.263076],[140.54719,36.263127],[140.547028,36.26211],[140.547381,36.261539],[140.547233,36.261429],[140.546565,36.260932],[140.546234,36.261271],[140.545726,36.26095],[140.543675,36.261735],[140.543782,36.262722],[140.54493,36.264118],[140.545151,36.264244],[140.545526,36.263869],[140.545857,36.263619],[140.545886,36.263822],[140.54599,36.264548],[140.546254,36.264601],[140.546343,36.264637],[140.546949,36.266019],[140.545813,36.26594],[140.545703,36.265476],[140.545526,36.265191],[140.543741,36.263581],[140.54356,36.263678],[140.54354,36.263792],[140.544183,36.264805],[140.543924,36.265245],[140.543801,36.265456],[140.541707,36.265456],[140.54102,36.26582],[140.54056,36.26671],[140.541385,36.267231],[140.539071,36.266629],[140.53921,36.266256],[140.540379,36.266284],[140.54052,36.266172],[140.541065,36.265421],[140.541125,36.265226],[140.541045,36.265112],[140.539636,36.26389],[140.540602,36.26319],[140.540696,36.263383],[140.541065,36.263874],[140.542776,36.26464],[140.542856,36.264656],[140.543017,36.264509],[140.54197,36.26273],[140.540763,36.262942],[140.539757,36.26172],[140.540964,36.261655],[140.542071,36.262176],[140.542534,36.262078],[140.542554,36.262013],[140.542412,36.261783],[140.542125,36.261521],[140.54197,36.26146],[140.540416,36.261329],[140.539797,36.261478],[140.539329,36.261573],[140.539027,36.261769],[140.538806,36.262078],[140.538022,36.262061],[140.537093,36.263171],[140.537536,36.263876],[140.536991,36.264936],[140.53685,36.267217],[140.536287,36.267201],[140.536206,36.265588],[140.536952,36.264056],[140.5369,36.263927],[140.536796,36.263738],[140.534653,36.264745],[140.532258,36.264348],[140.530947,36.265408],[140.530564,36.266092],[140.529538,36.266157],[140.529075,36.26562],[140.528993,36.26568],[140.528568,36.265995],[140.526113,36.266418],[140.526576,36.266909],[140.525066,36.269729],[140.525167,36.270141],[140.522407,36.278233],[140.530101,36.29306],[140.532072,36.297564],[140.532894,36.302319],[140.531182,36.304228],[140.530714,36.306453],[140.53344,36.309193],[140.537478,36.311514],[140.537914,36.312132],[140.538187,36.312595],[140.538569,36.314476],[140.540725,36.314811],[140.541956,36.315714],[140.541928,36.317368],[140.543673,36.318788],[140.544409,36.319052],[140.545281,36.319207],[140.546377,36.319318],[140.548612,36.319318],[140.550411,36.318789],[140.551478,36.31578],[140.552023,36.314853],[140.552513,36.314302],[140.553195,36.313882],[140.554885,36.313419],[140.559116,36.313287],[140.560725,36.31686],[140.560775,36.317571],[140.560726,36.319339],[140.561134,36.320111],[140.567084,36.322521],[140.568311,36.323668],[140.570114,36.325991],[140.570498,36.326846],[140.57055,36.326962],[140.571289,36.327585],[140.571752,36.327695],[140.572433,36.327629],[140.574069,36.3271],[140.575132,36.327298],[140.576774,36.329506],[140.579476,36.331607],[140.58043,36.334122],[140.580784,36.334674],[140.581577,36.335277],[140.586814,36.336681],[140.588509,36.336007],[140.594322,36.336308],[140.594988,36.334741],[140.597905,36.335441],[140.594995,36.334714],[140.59465,36.333333]],[[140.25,36.430524],[140.249007,36.430848],[140.246286,36.430976],[140.245731,36.431266],[140.243776,36.430687],[140.242488,36.430701],[140.240765,36.431209],[140.237774,36.431397],[140.237487,36.432311],[140.233902,36.437435],[140.233884,36.438044],[140.233615,36.438507],[140.232595,36.439158],[140.230355,36.43823],[140.230229,36.437072],[140.228526,36.435466],[140.228454,36.434567],[140.222756,36.430281],[140.221697,36.430281],[140.22082,36.431178],[140.21962,36.431669],[140.219583,36.435205],[140.218473,36.435841],[140.215426,36.435247],[140.211699,36.435391],[140.210836,36.434839],[140.209941,36.433017],[140.207056,36.433596],[140.20349,36.432627],[140.202045,36.432811],[140.201729,36.433904],[140.201257,36.436363],[140.201459,36.438489],[140.202675,36.439965],[140.203532,36.442534],[140.204612,36.443315],[140.204793,36.444318],[140.205175,36.444572],[140.20531,36.445226],[140.205422,36.445444],[140.206187,36.44648],[140.204205,36.448411],[140.204047,36.449433],[140.202944,36.450398],[140.202967,36.453311],[140.202607,36.454074],[140.205172,36.455582],[140.205535,36.455986],[140.20594,36.456476],[140.207312,36.456876],[140.207179,36.458243],[140.207741,36.45897],[140.207696,36.460535],[140.207291,36.461099],[140.207111,36.461662],[140.207224,36.461812],[140.207382,36.462412],[140.208305,36.464431],[140.209363,36.465194],[140.21033,36.46514],[140.210694,36.465381],[140.210762,36.465726],[140.210852,36.465981],[140.211662,36.466144],[140.212089,36.466762],[140.2129,36.467038],[140.213058,36.467257],[140.213125,36.467456],[140.212833,36.467947],[140.213103,36.469074],[140.212832,36.469478],[140.21246,36.469712],[140.212067,36.471005],[140.214545,36.474616],[140.214632,36.476228],[140.215078,36.476815],[140.215637,36.477211],[140.216619,36.478978],[140.219267,36.480503],[140.221588,36.48045],[140.223398,36.481673],[140.224165,36.48408],[140.225823,36.484562],[140.226254,36.485272],[140.227165,36.485945],[140.227542,36.487372],[140.226651,36.488171],[140.226642,36.488901],[140.227452,36.489792],[140.229821,36.491136],[140.230333,36.492704],[140.230111,36.495201],[140.230741,36.495982],[140.23083,36.496888],[140.231236,36.497421],[140.230891,36.498351],[140.231176,36.499259],[140.229995,36.50047],[140.229458,36.502081],[140.229861,36.502177],[140.230036,36.502267],[140.230644,36.502974],[140.232851,36.503032],[140.233625,36.502626],[140.235399,36.502986],[140.235775,36.504662],[140.238052,36.503972],[140.238386,36.503752],[140.238698,36.503498],[140.239837,36.503355],[140.240215,36.502737],[140.241155,36.502658],[140.241284,36.502764],[140.24151,36.503147],[140.241531,36.503441],[140.241531,36.503843],[140.241068,36.504976],[140.242582,36.506273],[140.242499,36.50758],[140.243385,36.507522],[140.244563,36.507005],[140.245029,36.507476],[140.245299,36.507171],[140.247231,36.50724],[140.249078,36.507727],[140.249211,36.508463],[140.248853,36.510744],[140.248651,36.511286],[140.248359,36.511748],[140.247552,36.512344],[140.2477,36.513695],[140.24728,36.514325],[140.247293,36.51483],[140.247387,36.51497],[140.25031,36.515143],[140.251315,36.514766],[140.253835,36.516284],[140.258105,36.516612],[140.260154,36.517406],[140.259623,36.51808],[140.259655,36.518874],[140.259258,36.519674],[140.255527,36.52163],[140.25497,36.521979],[140.254551,36.522405],[140.255009,36.522574],[140.255217,36.522615],[140.258014,36.522556],[140.258859,36.523158],[140.259397,36.522857],[140.26031,36.524124],[140.260698,36.524269],[140.261068,36.524408],[140.263782,36.524365],[140.263725,36.525664],[140.264374,36.525847],[140.264662,36.526249],[140.265243,36.528874],[140.266861,36.529716],[140.268046,36.529008],[140.269421,36.527427],[140.271378,36.526458],[140.272224,36.525263],[140.274356,36.523542],[140.276709,36.522306],[140.277477,36.522315],[140.278157,36.521456],[140.279233,36.521014],[140.280169,36.519778],[140.280616,36.5212],[140.281637,36.522138],[140.28629,36.523504],[140.287481,36.523559],[140.287441,36.523813],[140.287388,36.524146],[140.287707,36.524488],[140.289809,36.525455],[140.291035,36.525486],[140.289827,36.52749],[140.289765,36.5279],[140.289762,36.528146],[140.290359,36.528799],[140.29037,36.529808],[140.290806,36.5298],[140.292654,36.527958],[140.294061,36.527674],[140.294491,36.526769],[140.295666,36.526349],[140.296235,36.525159],[140.296553,36.525066],[140.297349,36.525855],[140.29857,36.526138],[140.299257,36.526927],[140.298668,36.529295],[140.298596,36.532448],[140.298927,36.533109],[140.298214,36.533809],[140.299639,36.53659],[140.300882,36.536846],[140.3034,36.536029],[140.304411,36.53606],[140.305413,36.535415],[140.306921,36.535009],[140.310218,36.53525],[140.311965,36.535063],[140.313682,36.53606],[140.31525,36.53644],[140.316429,36.538153],[140.316776,36.539614],[140.317373,36.540492],[140.31694,36.542213],[140.317508,36.543425],[140.31744,36.544031],[140.31746,36.544373],[140.318675,36.54566],[140.318571,36.546618],[140.317388,36.546971],[140.317372,36.547286],[140.318501,36.547396],[140.319773,36.547085],[140.32259,36.548666],[140.323737,36.548075],[140.324972,36.549717],[140.33214,36.546618],[140.342925,36.543792],[140.343073,36.543488],[140.34571,36.54227],[140.354225,36.536613],[140.356894,36.534405],[140.360445,36.532875],[140.363639,36.530264],[140.368093,36.528235],[140.366137,36.526087],[140.373289,36.521349],[140.383096,36.503522],[140.382871,36.501627],[140.384738,36.501591],[140.388921,36.499448],[140.391324,36.496565],[140.392372,36.493989],[140.394561,36.490664],[140.394454,36.48801],[140.386852,36.485081],[140.386937,36.484849],[140.390008,36.483457],[140.393816,36.482506],[140.394123,36.482622],[140.394461,36.482827],[140.395944,36.48439],[140.3976,36.484996],[140.400425,36.487061],[140.404178,36.485653],[140.406896,36.483977],[140.408468,36.4824],[140.409648,36.479598],[140.409394,36.472439],[140.407963,36.465451],[140.409619,36.465492],[140.409886,36.465705],[140.410317,36.466169],[140.410799,36.466087],[140.412164,36.462862],[140.414453,36.46087],[140.408961,36.458074],[140.409913,36.456943],[140.409801,36.455375],[140.408007,36.454334],[140.408061,36.452737],[140.408397,36.452254],[140.409455,36.4531],[140.410053,36.452552],[140.410364,36.45285],[140.410876,36.45233],[140.41108,36.452618],[140.411085,36.452753],[140.411705,36.452176],[140.411658,36.449174],[140.411073,36.449025],[140.411067,36.44898],[140.410961,36.448075],[140.410294,36.44791],[140.409935,36.447821],[140.408609,36.449313],[140.408167,36.450229],[140.408274,36.451121],[140.406297,36.452349],[140.405317,36.454261],[140.40471,36.454843],[140.399758,36.456064],[140.396962,36.457385],[140.396121,36.459677],[140.394557,36.461969],[140.387971,36.464436],[140.385506,36.463768],[140.381432,36.464383],[140.383343,36.459522],[140.385921,36.454352],[140.386471,36.452541],[140.386034,36.451047],[140.388536,36.449666],[140.390524,36.449375],[140.391576,36.448551],[140.395238,36.447406],[140.395723,36.447021],[140.396103,36.446569],[140.395755,36.445624],[140.396176,36.444787],[140.397328,36.443666],[140.398306,36.443169],[140.398614,36.441793],[140.398226,36.441192],[140.395669,36.441047],[140.39467,36.440419],[140.394217,36.439745],[140.394225,36.4384],[140.394031,36.438289],[140.393036,36.437982],[140.391887,36.438054],[140.391414,36.437372],[140.386968,36.437549],[140.384366,36.437268],[140.38312,36.436829],[140.382194,36.435441],[140.38221,36.434395],[140.383206,36.434232],[140.383254,36.434166],[140.381717,36.433924],[140.383012,36.432992],[140.380545,36.433391],[140.380351,36.433149],[140.380496,36.432273],[140.379908,36.432646],[140.379325,36.433626],[140.379115,36.433652],[140.378921,36.433619],[140.378525,36.433103],[140.378533,36.432247],[140.378484,36.432084],[140.378185,36.431698],[140.37799,36.431358],[140.377619,36.431271],[140.37747,36.43121],[140.376102,36.428927],[140.375155,36.428156],[140.37406,36.426523],[140.372507,36.426589],[140.371002,36.42763],[140.371295,36.428279],[140.370693,36.429041],[140.370502,36.430002],[140.370952,36.430983],[140.370003,36.432233],[140.369971,36.432516],[140.369901,36.433134],[140.370309,36.435145],[140.370202,36.435501],[140.370247,36.435924],[140.369949,36.436097],[140.367286,36.434518],[140.366878,36.433777],[140.367373,36.433641],[140.367548,36.433216],[140.366235,36.432499],[140.365812,36.431727],[140.363805,36.43087],[140.363372,36.43024],[140.362485,36.430164],[140.361203,36.429122],[140.360278,36.428815],[140.359704,36.431021],[140.358496,36.432014],[140.357681,36.431496],[140.356415,36.431217],[140.354589,36.43206],[140.353163,36.431165],[140.349328,36.432413],[140.347889,36.432203],[140.346506,36.432498],[140.344182,36.431957],[140.342105,36.429893],[140.34182,36.429885],[140.341687,36.429907],[140.341287,36.430646],[140.340327,36.430603],[140.339553,36.42962],[140.338531,36.430115],[140.337141,36.429135],[140.334871,36.429015],[140.334521,36.429762],[140.333979,36.429698],[140.333022,36.430699],[140.332195,36.430758],[140.332026,36.43137],[140.332227,36.431901],[140.332632,36.432524],[140.332507,36.432763],[140.330277,36.433838],[140.328164,36.43339],[140.327002,36.43629],[140.326377,36.436702],[140.325988,36.437464],[140.324942,36.438044],[140.324903,36.438895],[140.324527,36.439343],[140.322622,36.439292],[140.320368,36.440096],[140.319641,36.439823],[140.318736,36.440601],[140.318421,36.440683],[140.317904,36.44076],[140.316724,36.440389],[140.316023,36.439729],[140.315397,36.439729],[140.312384,36.438472],[140.311542,36.439657],[140.311848,36.440368],[140.31141,36.440807],[140.310576,36.44138],[140.309443,36.441169],[140.308684,36.441729],[140.308534,36.441972],[140.308383,36.442252],[140.308641,36.443712],[140.308111,36.444462],[140.307511,36.444632],[140.305848,36.444016],[140.305231,36.444075],[140.304556,36.443295],[140.303685,36.444139],[140.3012,36.444712],[140.29928,36.443939],[140.298377,36.444718],[140.298443,36.445328],[140.297809,36.446276],[140.297154,36.44831],[140.295894,36.449184],[140.294127,36.44862],[140.293106,36.447209],[140.292037,36.446886],[140.291339,36.446182],[140.291591,36.445491],[140.292859,36.445178],[140.293381,36.444418],[140.295741,36.443867],[140.294947,36.442543],[140.293074,36.442569],[140.291547,36.441831],[140.29032,36.440839],[140.289661,36.439853],[140.288825,36.439588],[140.287979,36.438161],[140.28656,36.437007],[140.285465,36.437179],[140.282572,36.436468],[140.281537,36.436662],[140.280503,36.437283],[140.279625,36.436672],[140.278657,36.436893],[140.278501,36.436317],[140.276859,36.435726],[140.275323,36.436191],[140.273779,36.435943],[140.272977,36.43546],[140.271665,36.43557],[140.270431,36.434885],[140.268974,36.435037],[140.268646,36.434768],[140.267078,36.434927],[140.266332,36.435501],[140.264989,36.435924],[140.264073,36.435855],[140.260247,36.434747],[140.259793,36.4342],[140.257762,36.43465],[140.255544,36.43243],[140.254747,36.432001],[140.253931,36.430856],[140.252432,36.431036],[140.25,36.430524]],[[140.636374,36.416667],[140.636224,36.404888],[140.63712,36.402804],[140.63686,36.402711],[140.635963,36.404853],[140.636187,36.445345],[140.636378,36.445341],[140.636374,36.416667]],[[140.541667,36.462493],[140.541304,36.462676],[140.541069,36.462837],[140.540873,36.463339],[140.54042,36.463426],[140.540824,36.464003],[140.53951,36.46531],[140.539446,36.466609],[140.541331,36.468912],[140.544161,36.470552],[140.54168,36.475181],[140.543202,36.475647],[140.543423,36.476204],[140.544099,36.476539],[140.547406,36.476556],[140.547896,36.476855],[140.549233,36.479489],[140.549754,36.481483],[140.550266,36.48183],[140.54984,36.482386],[140.54992,36.485299],[140.553352,36.485907],[140.556083,36.48715],[140.560888,36.491588],[140.561964,36.491324],[140.5626,36.491273],[140.564765,36.491697],[140.565567,36.493229],[140.566265,36.493815],[140.566268,36.493856],[140.56629,36.494278],[140.569795,36.493808],[140.570491,36.493787],[140.571401,36.493896],[140.575549,36.495583],[140.577096,36.495842],[140.578754,36.495353],[140.582089,36.493645],[140.584292,36.494649],[140.590602,36.494046],[140.59178,36.491962],[140.59118,36.489391],[140.593738,36.488712],[140.596432,36.487562],[140.600944,36.483439],[140.602346,36.48254],[140.604147,36.481972],[140.605966,36.481855],[140.607425,36.481914],[140.608159,36.481958],[140.609703,36.482456],[140.613909,36.481646],[140.613666,36.480772],[140.615898,36.480861],[140.615799,36.480594],[140.614191,36.480574],[140.611559,36.476417],[140.610681,36.473374],[140.610399,36.469336],[140.61029,36.469089],[140.609748,36.469059],[140.610759,36.468276],[140.614465,36.468063],[140.616498,36.465299],[140.616213,36.465168],[140.614209,36.467798],[140.613323,36.467886],[140.613187,36.467635],[140.612866,36.467899],[140.612636,36.467059],[140.611134,36.467171],[140.611104,36.467658],[140.610471,36.467675],[140.61021,36.465388],[140.610522,36.465114],[140.613163,36.464934],[140.614549,36.465746],[140.614809,36.465506],[140.613384,36.464714],[140.610693,36.464965],[140.610033,36.464332],[140.609938,36.463136],[140.609572,36.462738],[140.609149,36.46025],[140.60938,36.459903],[140.609163,36.459895],[140.60895,36.459113],[140.609128,36.45907],[140.608367,36.452014],[140.60892,36.448347],[140.610242,36.44364],[140.610613,36.443532],[140.610508,36.44324],[140.611743,36.442848],[140.611515,36.44264],[140.610699,36.442974],[140.609149,36.442148],[140.609179,36.441476],[140.608891,36.441057],[140.609275,36.440506],[140.615184,36.441765],[140.632885,36.441429],[140.627307,36.441501],[140.627203,36.431198],[140.619398,36.431251],[140.619405,36.431966],[140.616745,36.431991],[140.616604,36.431259],[140.614056,36.431271],[140.610029,36.431301],[140.610016,36.430091],[140.609994,36.427972],[140.609944,36.427972],[140.609948,36.428336],[140.608333,36.428348],[140.608271,36.428348],[140.608254,36.4265],[140.609826,36.426486],[140.609882,36.427495],[140.610122,36.426366],[140.6081,36.426388],[140.608107,36.424458],[140.596858,36.429079],[140.596584,36.428872],[140.595681,36.429331],[140.593767,36.427717],[140.591605,36.426721],[140.591254,36.427111],[140.590751,36.429718],[140.589916,36.430179],[140.589063,36.429958],[140.587983,36.430554],[140.587936,36.430684],[140.588068,36.430952],[140.587234,36.431373],[140.587376,36.431526],[140.586704,36.432662],[140.586835,36.433017],[140.58803,36.433251],[140.58785,36.433649],[140.5875,36.433657],[140.587363,36.433702],[140.587155,36.434031],[140.587088,36.434054],[140.586577,36.43348],[140.584815,36.43319],[140.583649,36.433781],[140.584463,36.435605],[140.58303,36.436958],[140.581173,36.435283],[140.572315,36.434387],[140.569385,36.436049],[140.563599,36.435927],[140.559817,36.4367],[140.554381,36.438839],[140.554426,36.438927],[140.554722,36.439514],[140.552565,36.441063],[140.55302,36.443544],[140.552366,36.443667],[140.55175,36.446549],[140.55211,36.447485],[140.547614,36.448458],[140.546601,36.448313],[140.544893,36.447494],[140.544182,36.447631],[140.544428,36.448649],[140.543422,36.452239],[140.542711,36.453532],[140.542778,36.45498],[140.542702,36.455319],[140.542437,36.455794],[140.542967,36.456941],[140.542986,36.458749],[140.542135,36.459789],[140.542014,36.462108],[140.541667,36.462493]],[[140.627478,36.437562],[140.627479,36.43759],[140.627797,36.437588],[140.62776,36.434119],[140.627481,36.434121],[140.627478,36.437562]],[[140.37463,36.689144],[140.371438,36.691344],[140.371445,36.692462],[140.37098,36.693425],[140.368324,36.693877],[140.366868,36.69372],[140.366116,36.694519],[140.364263,36.695318],[140.363823,36.696498],[140.362415,36.697216],[140.361809,36.698409],[140.360325,36.69914],[140.359266,36.700294],[140.357427,36.700123],[140.355426,36.699372],[140.354469,36.699645],[140.352336,36.69931],[140.351659,36.700506],[140.351641,36.701869],[140.349085,36.702908],[140.347873,36.704661],[140.346793,36.704996],[140.346732,36.705877],[140.342037,36.705023],[140.34093,36.706061],[140.337877,36.706028],[140.33709,36.707073],[140.335382,36.707305],[140.334306,36.707959],[140.333301,36.707761],[140.334682,36.709619],[140.33658,36.710298],[140.337687,36.711111],[140.340336,36.711713],[140.340554,36.712096],[140.339396,36.7138],[140.337982,36.714053],[140.337136,36.713613],[140.334395,36.713189],[140.333629,36.712363],[140.330845,36.712591],[140.330544,36.713766],[140.332007,36.714237],[140.331622,36.715238],[140.330931,36.716686],[140.330022,36.716379],[140.329441,36.717301],[140.328682,36.717349],[140.328537,36.718029],[140.327642,36.71932],[140.327779,36.720691],[140.327151,36.720951],[140.326829,36.721606],[140.329449,36.72396],[140.329395,36.724028],[140.329066,36.724322],[140.328077,36.72363],[140.327825,36.724504],[140.326321,36.724115],[140.326252,36.723172],[140.324967,36.723083],[140.323839,36.722543],[140.323138,36.721434],[140.322748,36.721311],[140.319727,36.721283],[140.31889,36.722066],[140.318124,36.723596],[140.317789,36.723617],[140.316017,36.722027],[140.314403,36.718047],[140.314294,36.71666],[140.314741,36.715815],[140.314816,36.714954],[140.315855,36.714291],[140.314551,36.713396],[140.313471,36.713177],[140.311995,36.713792],[140.309703,36.714055],[140.309108,36.713434],[140.309046,36.712539],[140.305065,36.710795],[140.303439,36.70971],[140.302421,36.710414],[140.301963,36.71126],[140.298655,36.710905],[140.297889,36.711759],[140.297134,36.712104],[140.295542,36.714263],[140.293901,36.713088],[140.292162,36.712661],[140.290483,36.713885],[140.290033,36.715027],[140.289486,36.715488],[140.28924,36.716972],[140.287104,36.71819],[140.287093,36.719137],[140.287831,36.720011],[140.287173,36.721321],[140.287593,36.721905],[140.287716,36.722811],[140.286852,36.722823],[140.286627,36.723583],[140.287671,36.72537],[140.287439,36.726311],[140.286512,36.727626],[140.286506,36.728205],[140.284966,36.730172],[140.284655,36.732003],[140.283501,36.733222],[140.283336,36.734139],[140.281994,36.734664],[140.281365,36.735705],[140.279732,36.735855],[140.279263,36.736643],[140.277643,36.737689],[140.277465,36.738749],[140.274184,36.739803],[140.273442,36.739747],[140.27301,36.740563],[140.271349,36.741276],[140.271124,36.742166],[140.270617,36.74257],[140.269124,36.742101],[140.268182,36.743177],[140.26714,36.745484],[140.26551,36.74668],[140.264562,36.747805],[140.262206,36.748284],[140.260543,36.75207],[140.259641,36.752396],[140.259142,36.753118],[140.259628,36.754595],[140.259503,36.754979],[140.25842,36.755715],[140.257921,36.756677],[140.256625,36.757103],[140.255968,36.758149],[140.255713,36.759268],[140.254917,36.759861],[140.254945,36.760222],[140.255547,36.760754],[140.255227,36.761874],[140.255875,36.763206],[140.255264,36.764312],[140.256717,36.766043],[140.25917,36.766066],[140.260271,36.766557],[140.261076,36.76751],[140.259355,36.76925],[140.259424,36.770175],[140.258841,36.770439],[140.258605,36.770976],[140.255962,36.7721],[140.253672,36.774516],[140.254398,36.775233],[140.256152,36.775428],[140.257425,36.777232],[140.257124,36.777751],[140.255911,36.7782],[140.255254,36.778829],[140.255194,36.779532],[140.255606,36.780402],[140.25431,36.781952],[140.253736,36.78223],[140.253681,36.783378],[140.253732,36.783516],[140.253815,36.783655],[140.256253,36.784222],[140.256994,36.785206],[140.259995,36.78615],[140.26161,36.786558],[140.263491,36.785938],[140.264129,36.7867],[140.264432,36.787762],[140.265261,36.788773],[140.265545,36.789626],[140.266391,36.790489],[140.265973,36.793025],[140.26569,36.793413],[140.265764,36.79411],[140.264523,36.794579],[140.26638,36.795874],[140.266607,36.798109],[140.267072,36.79934],[140.26634,36.800911],[140.265878,36.80352],[140.264604,36.804134],[140.26492,36.805317],[140.264833,36.808571],[140.263295,36.81027],[140.263713,36.811291],[140.264745,36.812472],[140.266117,36.812782],[140.26669,36.81323],[140.26665,36.814855],[140.266926,36.815567],[140.26668,36.816851],[140.267401,36.817677],[140.267179,36.81848],[140.266468,36.819171],[140.266754,36.820256],[140.266195,36.822384],[140.267158,36.823652],[140.267,36.824612],[140.265459,36.826119],[140.265719,36.826736],[140.264886,36.828024],[140.265739,36.828871],[140.264707,36.830405],[140.263847,36.830695],[140.263517,36.831723],[140.26266,36.831885],[140.262276,36.832812],[140.262684,36.833459],[140.262448,36.834562],[140.262994,36.835502],[140.262937,36.836045],[140.261259,36.837992],[140.259592,36.837867],[140.258686,36.838342],[140.257205,36.838336],[140.256345,36.839922],[140.255425,36.840531],[140.254989,36.842316],[140.255505,36.843839],[140.256192,36.844863],[140.256285,36.846002],[140.256986,36.846749],[140.256807,36.847841],[140.256311,36.848321],[140.25516,36.848349],[140.25272,36.849413],[140.252012,36.850982],[140.25233,36.851443],[140.251536,36.852457],[140.251834,36.854532],[140.252812,36.855354],[140.253381,36.859223],[140.254307,36.860081],[140.25436,36.86042],[140.254294,36.860756],[140.253818,36.861306],[140.254029,36.862073],[140.253679,36.863303],[140.254056,36.864031],[140.254023,36.865467],[140.254539,36.866095],[140.254744,36.867325],[140.254201,36.869466],[140.256728,36.87325],[140.256688,36.873502],[140.256629,36.87378],[140.255491,36.875174],[140.255352,36.876471],[140.254274,36.877007],[140.253891,36.877582],[140.253851,36.878549],[140.254486,36.880307],[140.253732,36.881743],[140.255147,36.883648],[140.254724,36.884601],[140.252846,36.885784],[140.253619,36.886953],[140.253309,36.88804],[140.253725,36.889184],[140.253686,36.890414],[140.254281,36.891142],[140.254281,36.891345],[140.254248,36.891611],[140.253368,36.892747],[140.253064,36.894183],[140.2535,36.895103],[140.253064,36.896122],[140.251344,36.897041],[140.25192,36.898066],[140.250451,36.90173],[140.250808,36.902827],[140.250365,36.90443],[140.250623,36.905565],[140.25,36.906874],[140.25,36.923577],[140.250936,36.924363],[140.251009,36.925114],[140.252436,36.927902],[140.25242,36.928693],[140.25375,36.929886],[140.254651,36.930052],[140.256541,36.931973],[140.257548,36.932577],[140.260852,36.933409],[140.262702,36.932954],[140.264257,36.933315],[140.265722,36.933135],[140.272975,36.930155],[140.273575,36.930433],[140.273956,36.93061],[140.277509,36.9312],[140.279289,36.932645],[140.279649,36.93386],[140.281144,36.934614],[140.285582,36.935545],[140.288753,36.933246],[140.290608,36.932888],[140.292704,36.933197],[140.29324,36.932346],[140.294471,36.93138],[140.294713,36.930697],[140.295516,36.930363],[140.297046,36.928925],[140.298581,36.929537],[140.300339,36.928013],[140.303,36.926885],[140.302886,36.925471],[140.305928,36.923697],[140.307325,36.921568],[140.30759,36.919317],[140.309991,36.918068],[140.311393,36.915937],[140.313206,36.915673],[140.314158,36.914582],[140.31562,36.913591],[140.317419,36.91316],[140.318252,36.91058],[140.321857,36.907783],[140.32224,36.906619],[140.32224,36.904484],[140.323351,36.902228],[140.323034,36.899873],[140.323384,36.897829],[140.324198,36.896143],[140.323841,36.894874],[140.323914,36.893477],[140.325554,36.892724],[140.326526,36.891302],[140.329912,36.891005],[140.332075,36.889972],[140.333332,36.888894],[140.335131,36.888378],[140.336612,36.888616],[140.33769,36.887419],[140.338577,36.887361],[140.340779,36.886261],[140.343643,36.886136],[140.3441,36.885561],[140.346381,36.885045],[140.348094,36.885361],[140.349741,36.886447],[140.35123,36.886466],[140.352433,36.886108],[140.352929,36.885203],[140.353803,36.885117],[140.355337,36.884356],[140.358757,36.885408],[140.359901,36.885117],[140.360615,36.885653],[140.362381,36.885019],[140.36297,36.885083],[140.363757,36.884369],[140.365212,36.884325],[140.366482,36.881459],[140.367243,36.881176],[140.367778,36.880514],[140.368393,36.878576],[140.368506,36.877109],[140.369452,36.876115],[140.3692,36.874893],[140.370828,36.873357],[140.371443,36.871613],[140.372433,36.871254],[140.371912,36.870182],[140.370483,36.869116],[140.368591,36.867085],[140.36829,36.865569],[140.369076,36.864627],[140.369602,36.86328],[140.368701,36.862402],[140.368407,36.86123],[140.369043,36.858836],[140.369885,36.857528],[140.370619,36.855126],[140.37176,36.855356],[140.37223,36.853695],[140.375211,36.85024],[140.375438,36.849621],[140.375203,36.848557],[140.376324,36.847285],[140.37689,36.847049],[140.376357,36.845977],[140.376294,36.844866],[140.377625,36.84371],[140.377709,36.843435],[140.377728,36.843121],[140.377221,36.842571],[140.376346,36.84228],[140.375858,36.841388],[140.376453,36.839297],[140.377206,36.837925],[140.380341,36.836603],[140.381403,36.836769],[140.384405,36.835761],[140.384541,36.836231],[140.385519,36.836137],[140.38713,36.834168],[140.391272,36.8333],[140.392869,36.832447],[140.395072,36.832296],[140.397026,36.833161],[140.399934,36.831985],[140.401442,36.832593],[140.402982,36.831368],[140.407417,36.83235],[140.410269,36.83029],[140.412434,36.831324],[140.413359,36.832075],[140.415099,36.832026],[140.414753,36.830719],[140.41555,36.829603],[140.415843,36.828565],[140.417376,36.827795],[140.418714,36.826401],[140.4198,36.826506],[140.419939,36.826093],[140.422142,36.824059],[140.422198,36.823319],[140.421484,36.822473],[140.422251,36.82194],[140.422503,36.821297],[140.423029,36.820951],[140.423066,36.820519],[140.426543,36.820951],[140.427681,36.82055],[140.428677,36.819358],[140.429737,36.818877],[140.43097,36.817039],[140.432999,36.818182],[140.433803,36.819148],[140.435092,36.819896],[140.436224,36.821392],[140.43693,36.821177],[140.438501,36.821542],[140.438662,36.820993],[140.439455,36.820542],[140.439504,36.819839],[140.440219,36.818968],[140.440083,36.818081],[140.443353,36.815815],[140.443334,36.815367],[140.443977,36.814886],[140.443928,36.814067],[140.444627,36.813759],[140.444116,36.812703],[140.445022,36.812267],[140.44527,36.811579],[140.445939,36.81132],[140.446683,36.809858],[140.44713,36.809787],[140.447329,36.80908],[140.449231,36.809463],[140.449644,36.808877],[140.450246,36.808813],[140.450561,36.808453],[140.450509,36.807476],[140.451189,36.806292],[140.451775,36.806172],[140.452106,36.805409],[140.452922,36.805067],[140.453391,36.804056],[140.453339,36.802985],[140.454425,36.802737],[140.455489,36.802004],[140.456695,36.80203],[140.456605,36.800632],[140.457699,36.799501],[140.457116,36.798475],[140.457747,36.798272],[140.459078,36.798464],[140.459702,36.797833],[140.461491,36.797389],[140.46193,36.797025],[140.461532,36.795739],[140.462013,36.794646],[140.462005,36.793578],[140.463725,36.791602],[140.462315,36.790581],[140.463437,36.78703],[140.463162,36.78608],[140.464082,36.785041],[140.464057,36.78429],[140.464595,36.783691],[140.464986,36.782545],[140.465581,36.782014],[140.464469,36.779085],[140.465231,36.777554],[140.465248,36.776373],[140.465663,36.776013],[140.465323,36.774417],[140.465789,36.77372],[140.465806,36.772437],[140.466939,36.77109],[140.466997,36.769651],[140.467715,36.769518],[140.468062,36.769059],[140.467987,36.765933],[140.468539,36.76482],[140.468977,36.764518],[140.46861,36.763388],[140.469076,36.76314],[140.469586,36.76184],[140.469529,36.760558],[140.469934,36.76016],[140.46973,36.759408],[140.468961,36.75917],[140.467834,36.758272],[140.466358,36.755846],[140.465702,36.755604],[140.466011,36.754665],[140.465372,36.754145],[140.466396,36.753005],[140.46636,36.752565],[140.466257,36.752343],[140.465751,36.751891],[140.465926,36.751452],[140.46645,36.750946],[140.467746,36.750735],[140.46908,36.750123],[140.469141,36.749118],[140.469842,36.748463],[140.468812,36.747428],[140.468376,36.746196],[140.467803,36.745841],[140.466348,36.74616],[140.464502,36.748344],[140.464346,36.748861],[140.463358,36.749192],[140.463121,36.750155],[140.461897,36.751907],[140.460991,36.7522],[140.460792,36.75297],[140.459635,36.753122],[140.458301,36.754264],[140.456751,36.751958],[140.455788,36.751636],[140.455171,36.751075],[140.451163,36.749866],[140.451019,36.749411],[140.451588,36.748681],[140.451378,36.748287],[140.449429,36.747834],[140.447532,36.748917],[140.447547,36.746723],[140.448049,36.745976],[140.448624,36.744079],[140.44806,36.743594],[140.449335,36.742351],[140.448541,36.741921],[140.448856,36.741323],[140.449798,36.740945],[140.450999,36.739601],[140.450615,36.738782],[140.449357,36.738206],[140.44905,36.737511],[140.449676,36.735424],[140.449983,36.732357],[140.448221,36.731819],[140.447118,36.730588],[140.445369,36.730511],[140.445077,36.729682],[140.444027,36.729155],[140.441509,36.72898],[140.440874,36.72964],[140.439641,36.73003],[140.439247,36.730869],[140.438282,36.731286],[140.437274,36.732504],[140.436144,36.733045],[140.435606,36.733771],[140.433511,36.734477],[140.432598,36.735231],[140.430762,36.73568],[140.429578,36.73656],[140.428447,36.736938],[140.428053,36.736764],[140.42767,36.735547],[140.427107,36.734973],[140.424912,36.734725],[140.421499,36.733407],[140.419755,36.733699],[140.417662,36.733504],[140.416265,36.732961],[140.415157,36.732088],[140.414975,36.730455],[140.415318,36.729898],[140.417041,36.729386],[140.418412,36.729798],[140.418562,36.728941],[140.417673,36.72726],[140.418628,36.726829],[140.418788,36.724905],[140.419145,36.724264],[140.420457,36.723979],[140.422326,36.724409],[140.42417,36.723815],[140.42536,36.724565],[140.425668,36.725205],[140.42597,36.725262],[140.426149,36.725272],[140.427117,36.724627],[140.426806,36.722362],[140.427185,36.721411],[140.426499,36.720378],[140.427743,36.719785],[140.426827,36.718879],[140.427122,36.71733],[140.428736,36.716362],[140.428901,36.715479],[140.428538,36.714118],[140.43003,36.713475],[140.430363,36.712262],[140.431352,36.712201],[140.432171,36.712892],[140.436905,36.714819],[140.43818,36.714481],[140.437842,36.713565],[140.436765,36.713398],[140.437324,36.712359],[140.437278,36.711612],[140.438089,36.710733],[140.437803,36.710227],[140.438673,36.710278],[140.439795,36.709914],[140.439766,36.708728],[140.440878,36.708738],[140.440888,36.708278],[140.440125,36.707919],[140.44171,36.705693],[140.440818,36.705109],[140.442657,36.705258],[140.4428,36.704777],[140.44235,36.704347],[140.442945,36.704006],[140.442986,36.703704],[140.441149,36.704069],[140.438362,36.702664],[140.434787,36.702243],[140.434503,36.701938],[140.435149,36.700874],[140.434508,36.699443],[140.431491,36.698578],[140.430635,36.697553],[140.429777,36.69739],[140.429074,36.696879],[140.42913,36.696149],[140.428659,36.695272],[140.429476,36.694938],[140.429987,36.693995],[140.430878,36.693515],[140.431083,36.69289],[140.430743,36.692443],[140.429671,36.691997],[140.430209,36.690977],[140.430216,36.690112],[140.429513,36.688849],[140.428205,36.688036],[140.429412,36.687483],[140.42834,36.687277],[140.429064,36.686823],[140.428169,36.686362],[140.428887,36.686293],[140.427907,36.686037],[140.427019,36.684938],[140.425681,36.684724],[140.426533,36.685824],[140.426299,36.686072],[140.426541,36.686877],[140.42615,36.686828],[140.425113,36.688077],[140.424219,36.68797],[140.424139,36.689215],[140.423819,36.689534],[140.423173,36.689172],[140.423528,36.687817],[140.424096,36.687697],[140.42438,36.687214],[140.424223,36.686415],[140.423733,36.686132],[140.422107,36.686387],[140.421554,36.687812],[140.420847,36.688654],[140.419051,36.688789],[140.417151,36.689883],[140.414588,36.689614],[140.414546,36.689188],[140.416578,36.687814],[140.417317,36.686834],[140.416813,36.685636],[140.415982,36.685033],[140.41006,36.683358],[140.409052,36.682606],[140.408682,36.681216],[140.40782,36.679579],[140.406783,36.678699],[140.406506,36.678685],[140.406407,36.678756],[140.405931,36.680565],[140.404433,36.68087],[140.403597,36.681421],[140.403746,36.683414],[140.403349,36.684095],[140.404541,36.683975],[140.403434,36.685229],[140.404144,36.685421],[140.403945,36.685783],[140.404492,36.686286],[140.403206,36.686137],[140.40178,36.686655],[140.401297,36.686577],[140.401829,36.689823],[140.401338,36.690594],[140.401232,36.690623],[140.401126,36.690623],[140.400955,36.689786],[140.399903,36.687907],[140.399286,36.687404],[140.397929,36.687432],[140.397432,36.686936],[140.395177,36.686288],[140.392745,36.684752],[140.391091,36.684227],[140.390934,36.684206],[140.390309,36.684206],[140.389784,36.684837],[140.387352,36.685121],[140.38623,36.684454],[140.385669,36.683659],[140.385624,36.682753],[140.385269,36.682632],[140.38446,36.682597],[140.384353,36.682689],[140.384246,36.684603],[140.383678,36.685255],[140.383365,36.686934],[140.378802,36.688438],[140.377532,36.688445],[140.375724,36.689066],[140.37463,36.689144]],[[140.358333,35.998469],[140.330306,36.005131],[140.328745,36.00161],[140.327502,36.000476],[140.324136,35.998372],[140.325939,35.996356],[140.321554,35.989465],[140.31903,35.988947],[140.317918,35.988358],[140.317475,35.98715],[140.316487,35.987279],[140.315787,35.986432],[140.315431,35.984897],[140.314709,35.983947],[140.314053,35.983734],[140.313987,35.983417],[140.31349,35.983554],[140.312864,35.982759],[140.312142,35.982737],[140.310963,35.982001],[140.310764,35.981257],[140.309546,35.98009],[140.309397,35.978628],[140.308711,35.977803],[140.308439,35.976795],[140.307893,35.977582],[140.30681,35.976647],[140.306557,35.975701],[140.30616,35.975554],[140.306196,35.975105],[140.305666,35.975473],[140.304492,35.97503],[140.304367,35.974692],[140.304986,35.973514],[140.303586,35.974986],[140.302642,35.974905],[140.302348,35.974309],[140.301861,35.974375],[140.302171,35.975001],[140.300552,35.975379],[140.30123,35.975541],[140.301083,35.976005],[140.299676,35.976461],[140.299263,35.976903],[140.298239,35.976447],[140.29902,35.977227],[140.298782,35.977703],[140.297508,35.978579],[140.2968,35.978027],[140.296461,35.978115],[140.296579,35.979234],[140.296307,35.97958],[140.296446,35.979655],[140.296624,35.97975],[140.298157,35.978894],[140.299553,35.979658],[140.299892,35.980335],[140.299575,35.981255],[140.299663,35.983369],[140.300656,35.98398],[140.300143,35.985081],[140.298834,35.984975],[140.298465,35.985938],[140.297908,35.985998],[140.297917,35.983985],[140.298369,35.982797],[140.29659,35.981205],[140.296334,35.980537],[140.294554,35.978987],[140.293944,35.978889],[140.28716,35.983062],[140.283742,35.987609],[140.282199,35.986865],[140.280964,35.987627],[140.279926,35.991119],[140.279412,35.991264],[140.276714,35.996079],[140.27685,35.996331],[140.276828,35.996574],[140.278449,35.998605],[140.278736,35.999137],[140.27886,35.999714],[140.280123,36.00019],[140.280863,36.001301],[140.280593,36.0027],[140.279383,36.00394],[140.279367,36.005686],[140.278623,36.006604],[140.277983,36.008322],[140.277963,36.00957],[140.276572,36.012508],[140.275673,36.013405],[140.276573,36.015324],[140.276188,36.016193],[140.275284,36.016731],[140.276895,36.020123],[140.274755,36.021081],[140.274827,36.021247],[140.274912,36.021439],[140.271928,36.022454],[140.272842,36.023842],[140.272391,36.026017],[140.272603,36.027692],[140.271259,36.027504],[140.270662,36.028154],[140.270849,36.02932],[140.268281,36.030757],[140.268355,36.030957],[140.268573,36.030898],[140.268579,36.031088],[140.268637,36.032894],[140.269671,36.032894],[140.26988,36.051138],[140.298361,36.044435],[140.31055,36.04896],[140.322775,36.046465],[140.338675,36.045043],[140.358631,36.044746],[140.395995,36.037482],[140.4095,36.023296],[140.387912,35.99619],[140.380092,35.99306],[140.372844,35.991843],[140.364239,35.989985],[140.357661,35.991232],[140.357588,35.995117],[140.35878,35.998364],[140.358342,35.998467],[140.358333,35.998469]],[[140.183333,35.983292],[140.182333,35.984731],[140.180691,35.984978],[140.180252,35.986098],[140.179271,35.986337],[140.17903,35.988915],[140.179743,35.993209],[140.179547,35.995327],[140.179177,35.995494],[140.177603,35.998792],[140.175739,36.001491],[140.170341,36.006407],[140.158614,36.014759],[140.158779,36.014813],[140.159432,36.015023],[140.160197,36.017082],[140.160873,36.0179],[140.160963,36.018222],[140.161116,36.018769],[140.162143,36.019901],[140.162582,36.021038],[140.163749,36.021316],[140.164757,36.021316],[140.165248,36.02076],[140.164991,36.019375],[140.165111,36.017805],[140.166198,36.017749],[140.166193,36.01808],[140.166754,36.018128],[140.16739,36.016476],[140.167657,36.016459],[140.166777,36.019834],[140.167367,36.021414],[140.166389,36.022218],[140.166647,36.022572],[140.168149,36.022999],[140.168438,36.023442],[140.167765,36.024711],[140.167925,36.025855],[140.168606,36.026708],[140.170216,36.026351],[140.172904,36.027141],[140.17318,36.027662],[140.173085,36.028836],[140.172572,36.029929],[140.170783,36.031174],[140.171751,36.035644],[140.169496,36.035866],[140.17305,36.040382],[140.188744,36.030927],[140.189137,36.03524],[140.189724,36.036518],[140.190288,36.036573],[140.190065,36.037537],[140.190535,36.03811],[140.191217,36.041243],[140.193798,36.041183],[140.193806,36.041635],[140.194591,36.041661],[140.194875,36.041635],[140.19718,36.040433],[140.199519,36.0406],[140.20042,36.040932],[140.201409,36.041765],[140.20206,36.044193],[140.205293,36.045251],[140.206906,36.046445],[140.208269,36.046471],[140.209321,36.04735],[140.209589,36.048668],[140.209931,36.048668],[140.21039,36.048712],[140.210387,36.049183],[140.209967,36.049174],[140.209494,36.049235],[140.208633,36.050136],[140.208707,36.051235],[140.20815,36.051269],[140.208122,36.052241],[140.208231,36.052518],[140.208844,36.052323],[140.209984,36.053097],[140.210366,36.053213],[140.210967,36.053314],[140.211382,36.05393],[140.211355,36.055146],[140.214,36.05546],[140.221071,36.055116],[140.242133,36.055338],[140.253014,36.053435],[140.26988,36.051138],[140.269671,36.032894],[140.268637,36.032894],[140.268579,36.031088],[140.268573,36.030898],[140.268355,36.030957],[140.268281,36.030757],[140.270849,36.02932],[140.270662,36.028154],[140.271259,36.027504],[140.272603,36.027692],[140.272391,36.026017],[140.272842,36.023842],[140.271928,36.022454],[140.274912,36.021439],[140.274827,36.021247],[140.274755,36.021081],[140.276895,36.020123],[140.275284,36.016731],[140.276188,36.016193],[140.276573,36.015324],[140.275673,36.013405],[140.276572,36.012508],[140.277963,36.00957],[140.277983,36.008322],[140.278623,36.006604],[140.279367,36.005686],[140.279383,36.00394],[140.280593,36.0027],[140.280863,36.001301],[140.280123,36.00019],[140.27886,35.999714],[140.278736,35.999137],[140.278449,35.998605],[140.276828,35.996574],[140.27685,35.996331],[140.276714,35.996079],[140.279412,35.991264],[140.279926,35.991119],[140.280964,35.987627],[140.282199,35.986865],[140.283742,35.987609],[140.28716,35.983062],[140.287812,35.982596],[140.285378,35.98254],[140.278589,35.98144],[140.277272,35.981959],[140.275202,35.981809],[140.272858,35.980127],[140.26997,35.97949],[140.26772,35.979896],[140.263643,35.982019],[140.26201,35.981997],[140.259826,35.980767],[140.258855,35.979767],[140.25624,35.97875],[140.254569,35.983218],[140.254343,35.984895],[140.254185,35.985105],[140.253754,35.985787],[140.250273,35.986479],[140.246566,35.985634],[140.244255,35.984788],[140.243648,35.984294],[140.243539,35.983298],[140.242274,35.983295],[140.235666,35.981156],[140.232359,35.97861],[140.231448,35.978496],[140.231256,35.978453],[140.230178,35.977248],[140.229002,35.976991],[140.228072,35.976077],[140.225144,35.978268],[140.225359,35.979579],[140.224585,35.980358],[140.224059,35.98145],[140.220511,35.983804],[140.218714,35.984092],[140.217479,35.983462],[140.215394,35.980036],[140.214866,35.978016],[140.214952,35.97624],[140.213417,35.975943],[140.211384,35.971956],[140.209911,35.970556],[140.20904,35.968992],[140.208277,35.968606],[140.205471,35.968317],[140.203966,35.969602],[140.203781,35.973761],[140.202158,35.973203],[140.198356,35.975258],[140.19772,35.974849],[140.196768,35.97553],[140.194832,35.975782],[140.194104,35.976273],[140.193638,35.976608],[140.19329,35.978856],[140.191281,35.979023],[140.189326,35.978558],[140.186226,35.982096],[140.183531,35.982836],[140.183333,35.983292]],[[140.2,35.876438],[140.198755,35.877757],[140.198689,35.877828],[140.200332,35.878496],[140.200056,35.879054],[140.201077,35.879429],[140.201155,35.879458],[140.201374,35.87918],[140.202566,35.879426],[140.203737,35.880075],[140.20677,35.877315],[140.211231,35.878853],[140.210683,35.880066],[140.209952,35.881688],[140.212241,35.882383],[140.212639,35.882504],[140.213283,35.88293],[140.213277,35.88345],[140.215532,35.884439],[140.215394,35.884641],[140.214768,35.885355],[140.215072,35.885519],[140.215059,35.885537],[140.214685,35.886021],[140.21509,35.886223],[140.214143,35.887552],[140.214962,35.888023],[140.214676,35.888416],[140.214639,35.888467],[140.215937,35.889201],[140.215616,35.889615],[140.218499,35.891093],[140.218664,35.890943],[140.220729,35.891896],[140.220904,35.891701],[140.222961,35.892331],[140.223245,35.893232],[140.223788,35.893794],[140.229555,35.898181],[140.230282,35.898421],[140.233028,35.899328],[140.233488,35.899006],[140.234915,35.8995],[140.235874,35.899831],[140.235966,35.902239],[140.236472,35.902538],[140.2433,35.904408],[140.243133,35.90469],[140.242821,35.905217],[140.250123,35.907246],[140.258402,35.898568],[140.263974,35.899929],[140.264528,35.899164],[140.264562,35.899116],[140.264748,35.898982],[140.265077,35.898931],[140.268567,35.900176],[140.269,35.900021],[140.26931,35.899126],[140.268269,35.898951],[140.26884,35.897141],[140.268878,35.897018],[140.270095,35.897275],[140.270693,35.895525],[140.280297,35.896874],[140.28253,35.898019],[140.282932,35.897607],[140.281922,35.892192],[140.297726,35.891521],[140.29617,35.887795],[140.296623,35.88765],[140.295304,35.884633],[140.295747,35.884407],[140.305694,35.884802],[140.313586,35.886732],[140.313493,35.887257],[140.313869,35.887313],[140.314137,35.887353],[140.31437,35.886866],[140.31296,35.881482],[140.314568,35.881513],[140.314898,35.881956],[140.31496,35.881924],[140.315393,35.881698],[140.315671,35.881884],[140.31722,35.887658],[140.320993,35.887689],[140.320978,35.888499],[140.321988,35.888777],[140.321937,35.894231],[140.323945,35.894513],[140.323762,35.896772],[140.323999,35.896761],[140.323948,35.897287],[140.323556,35.897287],[140.323528,35.898096],[140.323525,35.898187],[140.324811,35.898254],[140.324916,35.898259],[140.32469,35.90153],[140.325649,35.901581],[140.325506,35.904037],[140.325826,35.90485],[140.329196,35.905901],[140.329623,35.899902],[140.331592,35.900818],[140.331902,35.896553],[140.352496,35.905593],[140.350861,35.908863],[140.351644,35.909121],[140.353541,35.90528],[140.355324,35.906217],[140.357375,35.906804],[140.357341,35.907101],[140.357328,35.907207],[140.35872,35.908052],[140.3584,35.90867],[140.364251,35.91122],[140.363787,35.91192],[140.364704,35.912315],[140.364839,35.912373],[140.364663,35.912703],[140.365416,35.913073],[140.365292,35.913351],[140.369604,35.915984],[140.370408,35.914697],[140.37212,35.915693],[140.373181,35.914004],[140.373614,35.914188],[140.373675,35.914214],[140.376077,35.910403],[140.374927,35.909926],[140.375442,35.909145],[140.374971,35.908885],[140.375078,35.907879],[140.377171,35.905881],[140.37793,35.904152],[140.378961,35.90313],[140.363716,35.899386],[140.361609,35.898557],[140.3592,35.897158],[140.356958,35.895635],[140.35308,35.89194],[140.351511,35.889297],[140.349868,35.88509],[140.348388,35.883209],[140.341902,35.878671],[140.334968,35.872387],[140.332906,35.871044],[140.33086,35.869778],[140.330843,35.869767],[140.323053,35.866059],[140.319407,35.864644],[140.317053,35.864331],[140.308287,35.864487],[140.306928,35.86472],[140.304103,35.865347],[140.296728,35.867945],[140.286068,35.872926],[140.281145,35.874111],[140.27971,35.874156],[140.278298,35.874044],[140.27359,35.872655],[140.266865,35.869968],[140.244977,35.856189],[140.242396,35.854851],[140.240564,35.854384],[140.236503,35.853998],[140.232588,35.85411],[140.227788,35.855364],[140.222872,35.858157],[140.216893,35.861032],[140.213646,35.862005],[140.215904,35.866406],[140.217182,35.867684],[140.216932,35.86839],[140.217674,35.872635],[140.21725,35.873406],[140.217236,35.873648],[140.217396,35.874241],[140.216263,35.875366],[140.215091,35.875705],[140.209085,35.872703],[140.206994,35.87703],[140.201645,35.874683],[140.2,35.876438]],[[139.875,36.142907],[139.873107,36.144284],[139.870189,36.145616],[139.864959,36.146138],[139.861549,36.146886],[139.856299,36.14718],[139.856689,36.151646],[139.856006,36.151701],[139.855951,36.15118],[139.855126,36.151126],[139.855105,36.151549],[139.85429,36.151646],[139.853767,36.152302],[139.853693,36.152395],[139.854019,36.152547],[139.853084,36.15428],[139.854571,36.155202],[139.853486,36.156537],[139.85379,36.156786],[139.853681,36.156992],[139.852463,36.157738],[139.850703,36.160374],[139.850769,36.161901],[139.852485,36.164407],[139.853332,36.167138],[139.854276,36.1687],[139.853212,36.170549],[139.853154,36.172979],[139.852199,36.17456],[139.851904,36.175783],[139.852158,36.17803],[139.851189,36.179146],[139.850613,36.182533],[139.85258,36.183243],[139.851405,36.185213],[139.854124,36.186034],[139.855603,36.182992],[139.855472,36.180751],[139.856369,36.179442],[139.860629,36.178145],[139.861599,36.177448],[139.861642,36.177467],[139.86205,36.177645],[139.862937,36.17895],[139.861696,36.181253],[139.861482,36.182378],[139.861646,36.18318],[139.860792,36.183837],[139.860397,36.185659],[139.860531,36.187288],[139.863316,36.187386],[139.864754,36.189798],[139.865247,36.191234],[139.865962,36.191899],[139.864391,36.193441],[139.864506,36.196592],[139.863436,36.197393],[139.863222,36.198353],[139.861916,36.198911],[139.860963,36.199994],[139.857978,36.201771],[139.856267,36.205159],[139.853694,36.206207],[139.853645,36.207101],[139.854244,36.20903],[139.853965,36.209662],[139.854377,36.211409],[139.853493,36.215739],[139.854742,36.216027],[139.854832,36.217167],[139.856828,36.216347],[139.856992,36.216782],[139.856188,36.217132],[139.856385,36.217871],[139.855942,36.218191],[139.85609,36.219906],[139.856549,36.220251],[139.857905,36.220481],[139.860133,36.217597],[139.864795,36.215052],[139.868698,36.219653],[139.870856,36.219838],[139.870704,36.221466],[139.871509,36.221523],[139.871517,36.219823],[139.872182,36.219761],[139.873282,36.219132],[139.873127,36.218645],[139.873818,36.218174],[139.874565,36.218698],[139.874671,36.218617],[139.874832,36.218495],[139.874709,36.218351],[139.874843,36.217868],[139.87653,36.216229],[139.87777,36.215853],[139.877985,36.216655],[139.878514,36.216671],[139.878514,36.215778],[139.879602,36.215384],[139.880176,36.214251],[139.882256,36.214628],[139.885053,36.212293],[139.889173,36.214616],[139.890697,36.214823],[139.889779,36.218846],[139.887563,36.223381],[139.887445,36.225166],[139.888173,36.22633],[139.889476,36.227212],[139.891915,36.226935],[139.893955,36.225688],[139.896135,36.223469],[139.896506,36.223293],[139.89704,36.22315],[139.898276,36.223287],[139.89881,36.223677],[139.898891,36.225366],[139.89775,36.227036],[139.900262,36.228525],[139.899094,36.231283],[139.897779,36.231478],[139.897512,36.232381],[139.897699,36.233331],[139.902057,36.234267],[139.905678,36.234615],[139.905279,36.232376],[139.905501,36.230258],[139.905722,36.229728],[139.905892,36.229441],[139.907176,36.228001],[139.910247,36.225949],[139.911201,36.224994],[139.915041,36.22109],[139.916745,36.218539],[139.9169,36.216229],[139.914947,36.210772],[139.915043,36.208778],[139.919069,36.203143],[139.92094,36.19834],[139.922389,36.195972],[139.923619,36.195126],[139.925239,36.195001],[139.930097,36.196673],[139.931619,36.196856],[139.932967,36.196642],[139.934919,36.195421],[139.936571,36.192214],[139.937147,36.190274],[139.936977,36.185663],[139.936551,36.183655],[139.935075,36.181052],[139.93443,36.179096],[139.934325,36.17512],[139.940269,36.171053],[139.942495,36.169847],[139.94412,36.168046],[139.944345,36.166427],[139.94407,36.16104],[139.941245,36.160722],[139.942808,36.15723],[139.941966,36.15723],[139.941311,36.156318],[139.94089,36.156243],[139.940693,36.156234],[139.940796,36.156141],[139.941255,36.155888],[139.941283,36.155365],[139.940613,36.153618],[139.938555,36.154459],[139.937189,36.155693],[139.936852,36.155628],[139.936609,36.155459],[139.936044,36.154034],[139.935763,36.153744],[139.935108,36.153323],[139.935585,36.152407],[139.934689,36.152132],[139.93464,36.152117],[139.934172,36.15294],[139.931268,36.151902],[139.930837,36.151996],[139.930491,36.152706],[139.93036,36.1528],[139.926594,36.151492],[139.925153,36.1541],[139.926118,36.155294],[139.926408,36.156537],[139.924883,36.157771],[139.926551,36.157972],[139.927796,36.158916],[139.927496,36.159393],[139.928039,36.160019],[139.928591,36.159739],[139.928862,36.159701],[139.928733,36.160415],[139.930848,36.16122],[139.930969,36.161631],[139.931259,36.161622],[139.931755,36.161547],[139.932728,36.162515],[139.93268,36.16261],[139.932569,36.162832],[139.932585,36.162838],[139.933037,36.162991],[139.931941,36.165391],[139.932914,36.16568],[139.933045,36.165811],[139.93254,36.166728],[139.931511,36.166438],[139.931314,36.166896],[139.929233,36.166401],[139.926987,36.168243],[139.924907,36.169378],[139.923484,36.169761],[139.922938,36.1696],[139.922807,36.169413],[139.92306,36.169263],[139.920983,36.169488],[139.920562,36.168964],[139.921993,36.168306],[139.921562,36.167745],[139.920047,36.168708],[139.919179,36.167917],[139.919939,36.167184],[139.919672,36.166848],[139.919738,36.166109],[139.919277,36.166133],[139.918295,36.16489],[139.917247,36.165376],[139.916049,36.163828],[139.916834,36.163043],[139.914869,36.162762],[139.915075,36.161818],[139.914982,36.161855],[139.914561,36.162022],[139.914458,36.161734],[139.914187,36.160846],[139.914739,36.159348],[139.916594,36.157755],[139.923037,36.157559],[139.922855,36.157049],[139.921508,36.157068],[139.920245,36.156123],[139.918971,36.153714],[139.918934,36.15138],[139.918401,36.1491],[139.918504,36.148346],[139.918541,36.146598],[139.918279,36.144471],[139.918777,36.141688],[139.918024,36.141193],[139.916739,36.140942],[139.916391,36.139645],[139.915515,36.138769],[139.914374,36.139422],[139.914167,36.140099],[139.913512,36.139858],[139.913448,36.139835],[139.915765,36.135771],[139.916558,36.132938],[139.914004,36.132443],[139.91388,36.133472],[139.913488,36.133631],[139.91346,36.134083],[139.910071,36.134764],[139.909648,36.134771],[139.909426,36.134774],[139.909477,36.13448],[139.909357,36.134469],[139.909262,36.134461],[139.909078,36.135183],[139.90616,36.135996],[139.902664,36.137829],[139.902593,36.137744],[139.902902,36.137371],[139.897504,36.134533],[139.895437,36.136137],[139.895203,36.136594],[139.894751,36.13666],[139.893732,36.136898],[139.897052,36.132543],[139.897743,36.131107],[139.898416,36.130505],[139.89752,36.130148],[139.89701,36.129945],[139.89669,36.131198],[139.895951,36.132159],[139.894101,36.131707],[139.894874,36.130392],[139.89506,36.130457],[139.895065,36.129864],[139.896491,36.129884],[139.896533,36.12986],[139.896569,36.129138],[139.896284,36.129147],[139.89521,36.129161],[139.895499,36.128148],[139.895192,36.127959],[139.896757,36.126918],[139.896293,36.126694],[139.896499,36.126453],[139.896874,36.126175],[139.897333,36.125945],[139.897563,36.125909],[139.898361,36.12632],[139.899036,36.126036],[139.899122,36.125861],[139.89853,36.12353],[139.895588,36.121068],[139.893195,36.12304],[139.883592,36.132447],[139.880922,36.138172],[139.875,36.142907]],[[139.772517,36.083333],[139.77186,36.082238],[139.770328,36.081219],[139.767596,36.080457],[139.765761,36.080428],[139.760026,36.081466],[139.757212,36.082288],[139.750346,36.085722],[139.746758,36.087079],[139.742286,36.087158],[139.733656,36.086331],[139.731767,36.086518],[139.73028,36.087253],[139.728305,36.090139],[139.728065,36.096451],[139.72717,36.103859],[139.726943,36.109719],[139.726379,36.112519],[139.7254,36.114158],[139.722046,36.118158],[139.713585,36.126249],[139.712987,36.127158],[139.712541,36.128108],[139.710746,36.132946],[139.710134,36.135945],[139.714723,36.13392],[139.721178,36.13221],[139.726457,36.132748],[139.72717,36.132763],[139.730564,36.132741],[139.743987,36.131931],[139.746102,36.132019],[139.751796,36.130399],[139.755138,36.1288],[139.75824,36.126497],[139.76029,36.125597],[139.762395,36.123886],[139.764753,36.12166],[139.768743,36.117084],[139.77554,36.110385],[139.782019,36.107679],[139.7858,36.104967],[139.786776,36.1041],[139.78353,36.101553],[139.779025,36.099353],[139.77797,36.098557],[139.776769,36.097057],[139.776081,36.094632],[139.775955,36.092248],[139.776217,36.090767],[139.773139,36.088905],[139.772239,36.087417],[139.772095,36.086756],[139.772088,36.086519],[139.772523,36.084683],[139.772517,36.083333]],[[139.820954,36.05759],[139.82017,36.057179],[139.817013,36.059566],[139.813671,36.062425],[139.810224,36.066645],[139.807961,36.071456],[139.805641,36.079072],[139.803785,36.086855],[139.801755,36.091015],[139.799411,36.094484],[139.797446,36.096359],[139.789428,36.101975],[139.78273,36.107276],[139.780494,36.108396],[139.776796,36.109722],[139.775018,36.110776],[139.768743,36.117084],[139.763331,36.123081],[139.76029,36.125597],[139.759805,36.125799],[139.759061,36.126104],[139.761457,36.128562],[139.761101,36.128918],[139.761338,36.130374],[139.760805,36.129806],[139.76058,36.129924],[139.762169,36.138465],[139.763674,36.13811],[139.766357,36.135439],[139.767957,36.134882],[139.771105,36.134587],[139.771982,36.135072],[139.776302,36.134835],[139.780237,36.1339],[139.780407,36.134167],[139.780747,36.134705],[139.782064,36.138182],[139.781779,36.142748],[139.780344,36.14568],[139.779419,36.146225],[139.77689,36.149062],[139.774686,36.149488],[139.774697,36.152101],[139.775846,36.152468],[139.775977,36.153167],[139.776368,36.153569],[139.780405,36.153628],[139.780689,36.153498],[139.780902,36.153357],[139.782147,36.154209],[139.782846,36.153747],[139.783024,36.153191],[139.783841,36.153179],[139.783841,36.152823],[139.784825,36.1528],[139.784873,36.15222],[139.785063,36.15222],[139.784778,36.153285],[139.786174,36.153748],[139.786644,36.153745],[139.78775,36.153737],[139.787205,36.154459],[139.787525,36.154684],[139.801698,36.154734],[139.801117,36.155291],[139.801254,36.155353],[139.802292,36.155827],[139.80315,36.154325],[139.803245,36.151448],[139.806481,36.151211],[139.806968,36.149617],[139.806897,36.146174],[139.80644,36.143239],[139.807325,36.141999],[139.807183,36.141596],[139.806211,36.141454],[139.806283,36.138719],[139.809779,36.13898],[139.8139,36.136785],[139.818625,36.137604],[139.820959,36.139511],[139.823922,36.140802],[139.828058,36.141334],[139.830112,36.14109],[139.831714,36.141769],[139.833443,36.141968],[139.833878,36.140403],[139.833637,36.136914],[139.834135,36.135946],[139.834697,36.135974],[139.834832,36.135666],[139.834615,36.135621],[139.835207,36.134892],[139.835469,36.134956],[139.835442,36.133979],[139.835424,36.13368],[139.836311,36.133717],[139.836674,36.132652],[139.837652,36.131251],[139.841255,36.131639],[139.845923,36.130598],[139.84699,36.130606],[139.847152,36.130877],[139.848275,36.130687],[139.848402,36.130696],[139.84867,36.130573],[139.848755,36.130534],[139.848266,36.129828],[139.849371,36.129041],[139.849807,36.128728],[139.84882,36.127335],[139.848793,36.127905],[139.848757,36.128014],[139.848562,36.128158],[139.84844,36.128249],[139.847202,36.127606],[139.846937,36.126766],[139.846913,36.126692],[139.844025,36.126981],[139.843074,36.122471],[139.843353,36.119389],[139.846268,36.119037],[139.846544,36.115946],[139.846135,36.115851],[139.846089,36.11557],[139.846062,36.115462],[139.844686,36.11519],[139.844532,36.114711],[139.843419,36.114711],[139.843391,36.114358],[139.843419,36.114069],[139.841762,36.113861],[139.841514,36.111595],[139.84241,36.111514],[139.842855,36.109464],[139.842665,36.10941],[139.84262,36.109347],[139.84252,36.108012],[139.842131,36.107306],[139.842312,36.106628],[139.842466,36.106094],[139.843082,36.106176],[139.843617,36.103502],[139.843472,36.103185],[139.841568,36.102764],[139.843101,36.097674],[139.842058,36.096465],[139.841524,36.09275],[139.840827,36.091421],[139.840465,36.09152],[139.839614,36.090959],[139.839704,36.090779],[139.83984,36.090607],[139.839088,36.090195],[139.838409,36.090276],[139.838663,36.089806],[139.838807,36.089553],[139.83865,36.089494],[139.838255,36.089345],[139.839079,36.087613],[139.839613,36.087748],[139.839867,36.087124],[139.839365,36.086521],[139.839472,36.085304],[139.839088,36.085312],[139.839776,36.078155],[139.840282,36.077339],[139.843435,36.075981],[139.84386,36.07665],[139.845761,36.075851],[139.845492,36.075443],[139.848822,36.074094],[139.848903,36.074257],[139.849066,36.074061],[139.849197,36.073849],[139.849409,36.073939],[139.851224,36.071259],[139.851721,36.071006],[139.852318,36.069468],[139.852995,36.069141],[139.853825,36.069271],[139.853612,36.068978],[139.854226,36.068693],[139.854616,36.068513],[139.853438,36.066844],[139.852916,36.067032],[139.851553,36.067611],[139.851737,36.067851],[139.850644,36.067435],[139.849697,36.069197],[139.849509,36.069091],[139.84887,36.070017],[139.84543,36.068684],[139.844271,36.064764],[139.843372,36.063274],[139.842115,36.063201],[139.840228,36.0626],[139.838467,36.06252],[139.834998,36.060634],[139.834859,36.060945],[139.834621,36.061283],[139.83358,36.061805],[139.830753,36.061927],[139.830403,36.061755],[139.829328,36.061178],[139.828093,36.061006],[139.826785,36.060247],[139.826022,36.0598],[139.825706,36.0601],[139.820954,36.05759]],[[139.839961,36.087773],[139.840584,36.088839],[139.839919,36.089785],[139.840465,36.090389],[139.840763,36.090551],[139.84107,36.090654],[139.842997,36.090287],[139.843704,36.088276],[139.84234,36.086896],[139.840984,36.087237],[139.840439,36.087083],[139.839961,36.087773]],[[139.842998,36.097059],[139.843442,36.096931],[139.843378,36.095608],[139.842614,36.095649],[139.842547,36.095886],[139.842534,36.096455],[139.842998,36.097059]],[[140.127383,35.882104],[140.129264,35.881271],[140.129345,35.880838],[140.13218,35.880974],[140.133636,35.880544],[140.134515,35.87959],[140.135109,35.879557],[140.135351,35.879574],[140.136041,35.879996],[140.137689,35.879848],[140.13777,35.879892],[140.138093,35.880287],[140.139389,35.880221],[140.139767,35.881094],[140.140205,35.880891],[140.140259,35.88049],[140.144157,35.880452],[140.144123,35.879468],[140.144204,35.879282],[140.145675,35.878925],[140.147585,35.879726],[140.149085,35.87943],[140.151434,35.879523],[140.152197,35.880099],[140.154964,35.87988],[140.155911,35.879309],[140.159084,35.879611],[140.161238,35.879204],[140.163095,35.88183],[140.163185,35.882041],[140.163593,35.882995],[140.163038,35.883187],[140.163201,35.883871],[140.162727,35.884003],[140.162905,35.884521],[140.163357,35.884424],[140.163866,35.88594],[140.163394,35.886045],[140.163432,35.886225],[140.163452,35.886221],[140.163943,35.886121],[140.163986,35.886373],[140.164187,35.886935],[140.164964,35.886856],[140.165504,35.886892],[140.165645,35.886983],[140.165801,35.887309],[140.166882,35.886731],[140.166839,35.885796],[140.169121,35.885573],[140.169269,35.886675],[140.169387,35.886682],[140.170083,35.886724],[140.170091,35.887101],[140.170092,35.887165],[140.170522,35.887165],[140.170529,35.886509],[140.171343,35.886509],[140.171314,35.887556],[140.175351,35.888136],[140.17547,35.887859],[140.17593,35.888106],[140.175906,35.888326],[140.176627,35.888561],[140.177597,35.888878],[140.178887,35.887914],[140.178598,35.887601],[140.179146,35.887234],[140.179812,35.88786],[140.180518,35.887316],[140.180725,35.887478],[140.181336,35.886913],[140.181688,35.886587],[140.184807,35.888437],[140.186956,35.886285],[140.185542,35.884976],[140.188573,35.882073],[140.188114,35.881748],[140.189633,35.880505],[140.189293,35.880288],[140.191375,35.877789],[140.191101,35.877596],[140.196243,35.872354],[140.206994,35.87703],[140.209085,35.872703],[140.215091,35.875705],[140.215236,35.875722],[140.215653,35.875649],[140.217396,35.874241],[140.217236,35.873648],[140.21725,35.873406],[140.217695,35.87246],[140.216932,35.86839],[140.217182,35.867684],[140.215904,35.866406],[140.213646,35.862005],[140.205432,35.86132],[140.204411,35.861113],[140.203144,35.860742],[140.196455,35.857738],[140.188572,35.852655],[140.18663,35.851758],[140.177895,35.84938],[140.165931,35.844905],[140.158059,35.842916],[140.15388,35.842738],[140.149418,35.843881],[140.148278,35.844504],[140.14647,35.845718],[140.141205,35.852117],[140.134244,35.858919],[140.132655,35.860824],[140.13042,35.864412],[140.127142,35.870856],[140.127416,35.872165],[140.125825,35.876356],[140.125429,35.878339],[140.125592,35.879687],[140.125673,35.879986],[140.127383,35.882104]]]]}}]}